2026-08-29 20:52:22 - INFO - [MainThread] - ================================================================================
2026-08-29 20:52:22 - INFO - [MainThread] - AMAZON SCRAPER - MULTI-THREADED
2026-08-29 20:52:22 - INFO - [MainThread] - ================================================================================
2026-08-29 20:52:22 - INFO - [MainThread] - Start Time: 2026-08-29 20:52:22.733477
2026-08-29 20:52:22 - INFO - [MainThread] - Max Threads: 3
2026-08-29 20:52:22 - INFO - [MainThread] - Log File: logs/scraper_20260829_205222.log
2026-08-29 20:52:22 - INFO - [MainThread] - Loaded 28 keywords
2026-08-29 20:52:22 - INFO - [MainThread] - Processing 28 keywords with 3 threads
2026-08-29 20:52:22 - INFO - [MainThread] - AmazonScraper initialized with multi-threading support
2026-08-29 20:52:22 - INFO - [ThreadPoolExecutor-0_0] - [ThreadPoolExecutor-0_0] [1/28] Processing: wireless earbuds
2026-08-29 20:52:22 - INFO - [ThreadPoolExecutor-0_1] - [ThreadPoolExecutor-0_1] [2/28] Processing: gaming mouse
2026-08-29 20:52:22 - INFO - [ThreadPoolExecutor-0_0] - [ThreadPoolExecutor-0_0] Creating Chrome driver...
2026-08-29 20:52:22 - INFO - [ThreadPoolExecutor-0_1] - [ThreadPoolExecutor-0_1] Creating Chrome driver...
2026-08-29 20:52:22 - INFO - [ThreadPoolExecutor-0_2] - [ThreadPoolExecutor-0_2] [3/28] Processing: USB-C hub
2026-08-29 20:52:22 - INFO - [ThreadPoolExecutor-0_2] - [ThreadPoolExecutor-0_2] Creating Chrome driver...
2026-08-29 20:52:25 - INFO - [ThreadPoolExecutor-0_0] - [ThreadPoolExecutor-0_0] Chrome driver created successfully
2026-08-29 20:52:25 - INFO - [ThreadPoolExecutor-0_0] - Created new driver for thread: ThreadPoolExecutor-0_0
2026-08-29 20:52:25 - INFO - [ThreadPoolExecutor-0_0] - [ThreadPoolExecutor-0_0] Searching: https://www.amazon.com/s?k=wireless+earbuds
2026-08-29 20:52:25 - INFO - [ThreadPoolExecutor-0_1] - [ThreadPoolExecutor-0_1] Chrome driver created successfully
2026-08-29 20:52:25 - INFO - [ThreadPoolExecutor-0_2] - [ThreadPoolExecutor-0_2] Chrome driver created successfully
2026-08-29 20:52:25 - INFO - [ThreadPoolExecutor-0_1] - Created new driver for thread: ThreadPoolExecutor-0_1
2026-08-29 20:52:25 - INFO - [ThreadPoolExecutor-0_1] - [ThreadPoolExecutor-0_1] Searching: https://www.amazon.com/s?k=gaming+mouse
2026-08-29 20:52:25 - INFO - [ThreadPoolExecutor-0_2] - Created new driver for thread: ThreadPoolExecutor-0_2
2026-08-29 20:52:25 - INFO - [ThreadPoolExecutor-0_2] - [ThreadPoolExecutor-0_2] Searching: https://www.amazon.com/s?k=USB-C+hub
2026-08-29 20:52:32 - INFO - [ThreadPoolExecutor-0_0] - Found 16 products in search results
2026-08-29 20:52:32 - INFO - [ThreadPoolExecutor-0_0] - [ThreadPoolExecutor-0_0] Found 16 products for: wireless earbuds
2026-08-29 20:52:32 - INFO - [ThreadPoolExecutor-0_0] - [ThreadPoolExecutor-0_0] [1/16] Wireless Earbuds, Bluetooth 5.3 Headphon...
2026-08-29 20:52:32 - INFO - [ThreadPoolExecutor-0_0] - [ThreadPoolExecutor-0_0] Scraping product details: https://www.amazon.com/Fhumsh-Bluetooth-Headphones-Canceling-Waterproof/dp/B0HBWW3958/ref=sr_1_1?dib...
2026-08-29 20:52:36 - INFO - [ThreadPoolExecutor-0_2] - Found 16 products in search results
2026-08-29 20:52:36 - INFO - [ThreadPoolExecutor-0_2] - [ThreadPoolExecutor-0_2] Found 16 products for: USB-C hub
2026-08-29 20:52:36 - INFO - [ThreadPoolExecutor-0_2] - [ThreadPoolExecutor-0_2] [1/16] Anker USB C Hub, 7in1 Multi-Port USB Ada...
2026-08-29 20:52:36 - INFO - [ThreadPoolExecutor-0_2] - [ThreadPoolExecutor-0_2] Scraping product details: https://www.amazon.com/Anker-Multi-Port-Splitter-Delivery-Included/dp/B0DXJQT19B/ref=sr_1_1?dib=eyJ2...
2026-08-29 20:52:37 - INFO - [ThreadPoolExecutor-0_1] - Found 16 products in search results
2026-08-29 20:52:37 - INFO - [ThreadPoolExecutor-0_1] - [ThreadPoolExecutor-0_1] Found 16 products for: gaming mouse
2026-08-29 20:52:37 - INFO - [ThreadPoolExecutor-0_1] - [ThreadPoolExecutor-0_1] [1/16] Logitech G PRO X2 SUPERSTRIKE Wireless G...
2026-08-29 20:52:37 - INFO - [ThreadPoolExecutor-0_1] - [ThreadPoolExecutor-0_1] Scraping product details: https://www.amazon.com/Logitech-SUPERSTRIKE-Performance-Lightweight-Customizable/dp/B0G12HGHGM/ref=s...
2026-08-29 20:52:43 - INFO - [ThreadPoolExecutor-0_0] - [ThreadPoolExecutor-0_0] Scraping reviews...
2026-08-29 20:52:45 - INFO - [ThreadPoolExecutor-0_1] - [ThreadPoolExecutor-0_1] Scraping reviews...
2026-08-29 20:52:49 - INFO - [ThreadPoolExecutor-0_2] - [ThreadPoolExecutor-0_2] Scraping reviews...
2026-08-29 20:52:55 - INFO - [ThreadPoolExecutor-0_0] - [ThreadPoolExecutor-0_0] Found 13 reviews
2026-08-29 20:52:55 - INFO - [ThreadPoolExecutor-0_0] - [ThreadPoolExecutor-0_0] Scraped 13 reviews
2026-08-29 20:52:56 - INFO - [ThreadPoolExecutor-0_1] - [ThreadPoolExecutor-0_1] Found 13 reviews
2026-08-29 20:52:56 - INFO - [ThreadPoolExecutor-0_1] - [ThreadPoolExecutor-0_1] Scraped 13 reviews
2026-08-29 20:52:58 - INFO - [ThreadPoolExecutor-0_0] - [ThreadPoolExecutor-0_0] [2/16] Wireless Earbuds, 2026 Bluetooth 5.4 Hea...
2026-08-29 20:52:58 - INFO - [ThreadPoolExecutor-0_0] - [ThreadPoolExecutor-0_0] Scraping product details: https://www.amazon.com/Bluetooth-Headphones-Cancelling-Earphones-Waterproof/dp/B0H9LHWBDK/ref=sr_1_2...
2026-08-29 20:52:59 - INFO - [ThreadPoolExecutor-0_1] - [ThreadPoolExecutor-0_1] [2/16] Razer Basilisk V3 Customizable RGB Wired...
2026-08-29 20:52:59 - INFO - [ThreadPoolExecutor-0_1] - [ThreadPoolExecutor-0_1] Scraping product details: https://www.amazon.com/Razer-Basilisk-Customizable-Ergonomic-Gaming/dp/B09C13PZX7/ref=sr_1_2?dib=eyJ...
2026-08-29 20:53:02 - INFO - [ThreadPoolExecutor-0_2] - [ThreadPoolExecutor-0_2] Found 13 reviews
2026-08-29 20:53:02 - INFO - [ThreadPoolExecutor-0_2] - [ThreadPoolExecutor-0_2] Scraped 13 reviews
2026-08-29 20:53:06 - INFO - [ThreadPoolExecutor-0_0] - [ThreadPoolExecutor-0_0] Scraping reviews...
2026-08-29 20:53:07 - INFO - [ThreadPoolExecutor-0_2] - [ThreadPoolExecutor-0_2] [2/16] UGREEN USB C Hub 5 in 1 Multiport USB Ad...
2026-08-29 20:53:07 - INFO - [ThreadPoolExecutor-0_2] - [ThreadPoolExecutor-0_2] Scraping product details: https://www.amazon.com/UGREEN-Delivery-Multiport-Adapter-Thinkpad/dp/B0BR3M8XHK/ref=sr_1_2?dib=eyJ2I...
2026-08-29 20:53:09 - INFO - [ThreadPoolExecutor-0_1] - [ThreadPoolExecutor-0_1] Scraping reviews...
2026-08-29 20:53:17 - INFO - [ThreadPoolExecutor-0_2] - [ThreadPoolExecutor-0_2] Scraping reviews...
2026-08-29 20:53:18 - INFO - [ThreadPoolExecutor-0_0] - [ThreadPoolExecutor-0_0] Found 5 reviews
2026-08-29 20:53:18 - INFO - [ThreadPoolExecutor-0_0] - [ThreadPoolExecutor-0_0] Scraped 5 reviews
2026-08-29 20:53:22 - INFO - [ThreadPoolExecutor-0_0] - [ThreadPoolExecutor-0_0] [3/16] Wireless Earbuds,Bluetooth 5.4 Ear buds,...
2026-08-29 20:53:22 - INFO - [ThreadPoolExecutor-0_0] - [ThreadPoolExecutor-0_0] Scraping product details: https://www.amazon.com/Wireless-Earbuds-Bluetooth-Headphones-Earhooks/dp/B0G7H6K1WN/ref=sr_1_3?dib=e...
2026-08-29 20:53:22 - INFO - [ThreadPoolExecutor-0_1] - [ThreadPoolExecutor-0_1] Found 13 reviews
2026-08-29 20:53:22 - INFO - [ThreadPoolExecutor-0_1] - [ThreadPoolExecutor-0_1] Scraped 13 reviews
2026-08-29 20:53:27 - INFO - [ThreadPoolExecutor-0_1] - [ThreadPoolExecutor-0_1] [3/16] Razer Basilisk V3 X HyperSpeed Customiza...
2026-08-29 20:53:27 - INFO - [ThreadPoolExecutor-0_1] - [ThreadPoolExecutor-0_1] Scraping product details: https://www.amazon.com/Razer-Basilisk-HyperSpeed-Customizable-Wireless/dp/B0BXBC26X8/ref=sr_1_3?dib=...
2026-08-29 20:53:28 - INFO - [ThreadPoolExecutor-0_2] - [ThreadPoolExecutor-0_2] Found 13 reviews
2026-08-29 20:53:28 - INFO - [ThreadPoolExecutor-0_2] - [ThreadPoolExecutor-0_2] Scraped 13 reviews
2026-08-29 20:53:30 - INFO - [ThreadPoolExecutor-0_2] - [ThreadPoolExecutor-0_2] [3/16] Anker USB-C Hub, 5-in-1 USB Hub for Lapt...
2026-08-29 20:53:30 - INFO - [ThreadPoolExecutor-0_2] - [ThreadPoolExecutor-0_2] Scraping product details: https://www.amazon.com/Anker-Laptops-USB-C-Multiport-Adapter/dp/B0DKT8BB4M/ref=sr_1_3?dib=eyJ2IjoiMS...
2026-08-29 20:53:31 - INFO - [ThreadPoolExecutor-0_0] - [ThreadPoolExecutor-0_0] Scraping reviews...
2026-08-29 20:53:35 - INFO - [ThreadPoolExecutor-0_1] - [ThreadPoolExecutor-0_1] Scraping reviews...
2026-08-29 20:53:38 - INFO - [ThreadPoolExecutor-0_2] - [ThreadPoolExecutor-0_2] Scraping reviews...
2026-08-29 20:53:43 - INFO - [ThreadPoolExecutor-0_0] - [ThreadPoolExecutor-0_0] Found 8 reviews
2026-08-29 20:53:43 - INFO - [ThreadPoolExecutor-0_0] - [ThreadPoolExecutor-0_0] Scraped 8 reviews
2026-08-29 20:53:45 - INFO - [ThreadPoolExecutor-0_1] - [ThreadPoolExecutor-0_1] Found 13 reviews
2026-08-29 20:53:45 - INFO - [ThreadPoolExecutor-0_1] - [ThreadPoolExecutor-0_1] Scraped 13 reviews
2026-08-29 20:53:46 - INFO - [ThreadPoolExecutor-0_2] - [ThreadPoolExecutor-0_2] Found 13 reviews
2026-08-29 20:53:47 - INFO - [ThreadPoolExecutor-0_2] - [ThreadPoolExecutor-0_2] Scraped 13 reviews
2026-08-29 20:53:48 - INFO - [ThreadPoolExecutor-0_0] - [ThreadPoolExecutor-0_0] [4/16] HAOYUYAN Wireless Earbuds, Sports Blueto...
2026-08-29 20:53:48 - INFO - [ThreadPoolExecutor-0_0] - [ThreadPoolExecutor-0_0] Scraping product details: https://www.amazon.com/HAOYUYAN-Bluetooth-Headphones-Waterproof-Running%EF%BC%88Black%EF%BC%89/dp/B0...
2026-08-29 20:53:48 - INFO - [ThreadPoolExecutor-0_1] - [ThreadPoolExecutor-0_1] [4/16] Razer DeathAdder Essential Ergonomic Wir...
2026-08-29 20:53:48 - INFO - [ThreadPoolExecutor-0_1] - [ThreadPoolExecutor-0_1] Scraping product details: https://www.amazon.com/Razer-DeathAdder-Essential-Gaming-Mouse/dp/B094PS5RZQ/ref=sr_1_4?dib=eyJ2Ijoi...
2026-08-29 20:53:49 - INFO - [ThreadPoolExecutor-0_2] - [ThreadPoolExecutor-0_2] [4/16] Rosonway 7 Ports Powered USB 3.2/USB C H...
2026-08-29 20:53:49 - INFO - [ThreadPoolExecutor-0_2] - [ThreadPoolExecutor-0_2] Scraping product details: https://www.amazon.com/Rosonway-Powered-Aluminum-Splitter-RSH-H7C4/dp/B0G11F8FHR/ref=sr_1_4?dib=eyJ2...
2026-08-29 20:53:57 - INFO - [ThreadPoolExecutor-0_1] - [ThreadPoolExecutor-0_1] Scraping reviews...
2026-08-29 20:53:57 - INFO - [ThreadPoolExecutor-0_0] - [ThreadPoolExecutor-0_0] Scraping reviews...
2026-08-29 20:54:01 - INFO - [ThreadPoolExecutor-0_2] - [ThreadPoolExecutor-0_2] Scraping reviews...
2026-08-29 20:54:07 - INFO - [ThreadPoolExecutor-0_0] - [ThreadPoolExecutor-0_0] Found 13 reviews
2026-08-29 20:54:07 - INFO - [ThreadPoolExecutor-0_0] - [ThreadPoolExecutor-0_0] Scraped 13 reviews
2026-08-29 20:54:10 - INFO - [ThreadPoolExecutor-0_1] - [ThreadPoolExecutor-0_1] Found 13 reviews
2026-08-29 20:54:10 - INFO - [ThreadPoolExecutor-0_1] - [ThreadPoolExecutor-0_1] Scraped 13 reviews
2026-08-29 20:54:10 - INFO - [ThreadPoolExecutor-0_2] - [ThreadPoolExecutor-0_2] Found 13 reviews
2026-08-29 20:54:10 - INFO - [ThreadPoolExecutor-0_2] - [ThreadPoolExecutor-0_2] Scraped 13 reviews
2026-08-29 20:54:11 - INFO - [ThreadPoolExecutor-0_0] - [ThreadPoolExecutor-0_0] [5/16] HAOYUYAN Wireless Earbuds, Sports Blueto...
2026-08-29 20:54:11 - INFO - [ThreadPoolExecutor-0_0] - [ThreadPoolExecutor-0_0] Scraping product details: https://www.amazon.com/HAOYUYAN-Bluetooth-Headphones-Waterproof-Running%EF%BC%88Rose/dp/B0H5W2YR99/r...
2026-08-29 20:54:12 - INFO - [ThreadPoolExecutor-0_1] - [ThreadPoolExecutor-0_1] [5/16] ATTACK SHARK X3 49g Ultra-Lightweight Wi...
2026-08-29 20:54:12 - INFO - [ThreadPoolExecutor-0_1] - [ThreadPoolExecutor-0_1] Scraping product details: https://www.amazon.com/ATTACK-X3-Ultra-Lightweight-Wireless-Gaming/dp/B0CCF6J2Q6/ref=sr_1_5?dib=eyJ2...
2026-08-29 20:54:13 - INFO - [ThreadPoolExecutor-0_2] - [ThreadPoolExecutor-0_2] [5/16] Belkin 100W 10Gbps Multiport USB-C Hub A...
2026-08-29 20:54:13 - INFO - [ThreadPoolExecutor-0_2] - [ThreadPoolExecutor-0_2] Scraping product details: https://www.amazon.com/Belkin-Connect-Multiport-Transfer-Chromebook/dp/B0BY27XSJ3/ref=sr_1_5?dib=eyJ...
2026-08-29 20:54:19 - INFO - [ThreadPoolExecutor-0_0] - [ThreadPoolExecutor-0_0] Scraping reviews...
2026-08-29 20:54:20 - INFO - [ThreadPoolExecutor-0_1] - [ThreadPoolExecutor-0_1] Scraping reviews...
2026-08-29 20:54:22 - INFO - [ThreadPoolExecutor-0_2] - [ThreadPoolExecutor-0_2] Scraping reviews...
2026-08-29 20:54:29 - INFO - [ThreadPoolExecutor-0_2] - [ThreadPoolExecutor-0_2] Found 13 reviews
2026-08-29 20:54:29 - INFO - [ThreadPoolExecutor-0_2] - [ThreadPoolExecutor-0_2] Scraped 13 reviews
2026-08-29 20:54:31 - INFO - [ThreadPoolExecutor-0_0] - [ThreadPoolExecutor-0_0] Found 13 reviews
2026-08-29 20:54:31 - INFO - [ThreadPoolExecutor-0_0] - [ThreadPoolExecutor-0_0] Scraped 13 reviews
2026-08-29 20:54:32 - INFO - [ThreadPoolExecutor-0_1] - [ThreadPoolExecutor-0_1] Found 13 reviews
2026-08-29 20:54:32 - INFO - [ThreadPoolExecutor-0_1] - [ThreadPoolExecutor-0_1] Scraped 13 reviews
2026-08-29 20:54:33 - INFO - [ThreadPoolExecutor-0_2] - [ThreadPoolExecutor-0_2] [6/16] UGREEN USB C Hub 4 Ports, Multiple USB 3...
2026-08-29 20:54:33 - INFO - [ThreadPoolExecutor-0_2] - [ThreadPoolExecutor-0_2] Scraping product details: https://www.amazon.com/UGREEN-Adapter-Splitter-Extender-MacBook/dp/B0CR6JBJDH/ref=sr_1_6?dib=eyJ2Ijo...
2026-08-29 20:54:33 - INFO - [ThreadPoolExecutor-0_0] - [ThreadPoolExecutor-0_0] [6/16] Wireless Earbuds, Smart Touchscreen Ear ...
2026-08-29 20:54:33 - INFO - [ThreadPoolExecutor-0_0] - [ThreadPoolExecutor-0_0] Scraping product details: https://www.amazon.com/Wireless-Earbuds-Touchscreen-Headphones-Bluetooth/dp/B0HBVXBZPZ/ref=sr_1_6?di...
2026-08-29 20:54:36 - INFO - [ThreadPoolExecutor-0_1] - [ThreadPoolExecutor-0_1] [6/16] Razer Viper V3 HyperSpeed Wireless PC Ga...
2026-08-29 20:54:36 - INFO - [ThreadPoolExecutor-0_1] - [ThreadPoolExecutor-0_1] Scraping product details: https://www.amazon.com/Razer-HyperSpeed-Wireless-Esports-Gaming/dp/B0CF4DJM7F/ref=sr_1_6?dib=eyJ2Ijo...
2026-08-29 20:54:41 - INFO - [ThreadPoolExecutor-0_0] - [ThreadPoolExecutor-0_0] Scraping reviews...
2026-08-29 20:54:45 - INFO - [ThreadPoolExecutor-0_2] - [ThreadPoolExecutor-0_2] Scraping reviews...
2026-08-29 20:54:45 - INFO - [ThreadPoolExecutor-0_1] - [ThreadPoolExecutor-0_1] Scraping reviews...
2026-08-29 20:54:51 - INFO - [ThreadPoolExecutor-0_0] - [ThreadPoolExecutor-0_0] Found 12 reviews
2026-08-29 20:54:51 - INFO - [ThreadPoolExecutor-0_0] - [ThreadPoolExecutor-0_0] Scraped 12 reviews
2026-08-29 20:54:54 - INFO - [ThreadPoolExecutor-0_0] - [ThreadPoolExecutor-0_0] [7/16] Wireless Earbuds, Bluetooth 5.4 Headphon...
2026-08-29 20:54:54 - INFO - [ThreadPoolExecutor-0_0] - [ThreadPoolExecutor-0_0] Scraping product details: https://www.amazon.com/Wireless-Earbuds-Bluetooth-Headphones-Crystal/dp/B0HBW8PTYN/ref=sr_1_7?dib=ey...
2026-08-29 20:54:58 - INFO - [ThreadPoolExecutor-0_1] - [ThreadPoolExecutor-0_1] Found 13 reviews
2026-08-29 20:54:58 - INFO - [ThreadPoolExecutor-0_1] - [ThreadPoolExecutor-0_1] Scraped 13 reviews
2026-08-29 20:55:00 - INFO - [ThreadPoolExecutor-0_2] - [ThreadPoolExecutor-0_2] Found 13 reviews
2026-08-29 20:55:00 - INFO - [ThreadPoolExecutor-0_2] - [ThreadPoolExecutor-0_2] Scraped 13 reviews
2026-08-29 20:55:01 - INFO - [ThreadPoolExecutor-0_0] - [ThreadPoolExecutor-0_0] Scraping reviews...
2026-08-29 20:55:03 - INFO - [ThreadPoolExecutor-0_1] - [ThreadPoolExecutor-0_1] [7/16] Razer Viper V3 Pro Wireless Esports Gami...
2026-08-29 20:55:03 - INFO - [ThreadPoolExecutor-0_1] - [ThreadPoolExecutor-0_1] Scraping product details: https://www.amazon.com/Razer-Viper-Wireless-Esports-Gaming/dp/B0CW25XR5R/ref=sr_1_7?dib=eyJ2IjoiMSJ9...
2026-08-29 20:55:04 - INFO - [ThreadPoolExecutor-0_2] - [ThreadPoolExecutor-0_2] [7/16] UGREEN Revodok Pro USB-C Hub 6 in 1 10Gb...
2026-08-29 20:55:04 - INFO - [ThreadPoolExecutor-0_2] - [ThreadPoolExecutor-0_2] Scraping product details: https://www.amazon.com/UGREEN-Revodok-Delivery-MacBook-Thinkpad/dp/B0D1XLNWP2/ref=sr_1_7?dib=eyJ2Ijo...
2026-08-29 20:55:10 - INFO - [ThreadPoolExecutor-0_1] - [ThreadPoolExecutor-0_1] Scraping reviews...
2026-08-29 20:55:12 - INFO - [ThreadPoolExecutor-0_0] - [ThreadPoolExecutor-0_0] Found 13 reviews
2026-08-29 20:55:12 - INFO - [ThreadPoolExecutor-0_0] - [ThreadPoolExecutor-0_0] Scraped 13 reviews
2026-08-29 20:55:14 - INFO - [ThreadPoolExecutor-0_2] - [ThreadPoolExecutor-0_2] Scraping reviews...
2026-08-29 20:55:15 - INFO - [ThreadPoolExecutor-0_0] - [ThreadPoolExecutor-0_0] [8/16] Wireless Earbuds, Bluetooth 5.3 Headphon...
2026-08-29 20:55:15 - INFO - [ThreadPoolExecutor-0_0] - [ThreadPoolExecutor-0_0] Scraping product details: https://www.amazon.com/Fhumsh-Bluetooth-Headphones-Canceling-Waterproof/dp/B0H79HX4F3/ref=sr_1_8?dib...
2026-08-29 20:55:21 - INFO - [ThreadPoolExecutor-0_0] - [ThreadPoolExecutor-0_0] Scraping reviews...
2026-08-29 20:55:23 - INFO - [ThreadPoolExecutor-0_1] - [ThreadPoolExecutor-0_1] Found 13 reviews
2026-08-29 20:55:23 - INFO - [ThreadPoolExecutor-0_1] - [ThreadPoolExecutor-0_1] Scraped 13 reviews
2026-08-29 20:55:26 - INFO - [ThreadPoolExecutor-0_1] - [ThreadPoolExecutor-0_1] [8/16] INPHIC A9 V2 Explorer Wireless Gaming Mo...
2026-08-29 20:55:26 - INFO - [ThreadPoolExecutor-0_1] - [ThreadPoolExecutor-0_1] Scraping product details: https://www.amazon.com/INPHIC-A9-Explorer-Wireless-Bluetooth/dp/B0F1D7P51F/ref=sr_1_8?dib=eyJ2IjoiMS...
2026-08-29 20:55:26 - INFO - [ThreadPoolExecutor-0_2] - [ThreadPoolExecutor-0_2] Found 13 reviews
2026-08-29 20:55:26 - INFO - [ThreadPoolExecutor-0_2] - [ThreadPoolExecutor-0_2] Scraped 13 reviews
2026-08-29 20:55:31 - INFO - [ThreadPoolExecutor-0_2] - [ThreadPoolExecutor-0_2] [8/16] BENFEI USB C Hub 5-in-1 with 4K HDMI(Cer...
2026-08-29 20:55:31 - INFO - [ThreadPoolExecutor-0_2] - [ThreadPoolExecutor-0_2] Scraping product details: https://www.amazon.com/BENFEI-Delivery-Silicone-Aluminum-Compatible/dp/B0CSYYKB97/ref=sr_1_8?dib=eyJ...
2026-08-29 20:55:32 - INFO - [ThreadPoolExecutor-0_0] - [ThreadPoolExecutor-0_0] Found 13 reviews
2026-08-29 20:55:32 - INFO - [ThreadPoolExecutor-0_0] - [ThreadPoolExecutor-0_0] Scraped 13 reviews
2026-08-29 20:55:36 - INFO - [ThreadPoolExecutor-0_1] - [ThreadPoolExecutor-0_1] Scraping reviews...
2026-08-29 20:55:37 - INFO - [ThreadPoolExecutor-0_0] - [ThreadPoolExecutor-0_0] [9/16] TOZO NC9 Hybrid Active Noise Cancelling ...
2026-08-29 20:55:37 - INFO - [ThreadPoolExecutor-0_0] - [ThreadPoolExecutor-0_0] Scraping product details: https://www.amazon.com/TOZO-Cancelling-Waterproof-Bluetooth-Headphones/dp/B0DD41G2NZ/ref=sr_1_9?dib=...
2026-08-29 20:55:41 - INFO - [ThreadPoolExecutor-0_2] - [ThreadPoolExecutor-0_2] Scraping reviews...
2026-08-29 20:55:45 - INFO - [ThreadPoolExecutor-0_0] - [ThreadPoolExecutor-0_0] Scraping reviews...
2026-08-29 20:55:47 - INFO - [ThreadPoolExecutor-0_1] - [ThreadPoolExecutor-0_1] Found 13 reviews
2026-08-29 20:55:47 - INFO - [ThreadPoolExecutor-0_1] - [ThreadPoolExecutor-0_1] Scraped 13 reviews
2026-08-29 20:55:52 - INFO - [ThreadPoolExecutor-0_1] - [ThreadPoolExecutor-0_1] [9/16] Razer Naga V3 Pro Wireless MMO Gaming Mo...
2026-08-29 20:55:52 - INFO - [ThreadPoolExecutor-0_1] - [ThreadPoolExecutor-0_1] Scraping product details: https://www.amazon.com/Razer-Wireless-Gaming-Swappable-Plates/dp/B0H4SBT4SH/ref=sr_1_9?dib=eyJ2IjoiM...
2026-08-29 20:55:53 - INFO - [ThreadPoolExecutor-0_2] - [ThreadPoolExecutor-0_2] Found 13 reviews
2026-08-29 20:55:53 - INFO - [ThreadPoolExecutor-0_2] - [ThreadPoolExecutor-0_2] Scraped 13 reviews
2026-08-29 20:55:54 - INFO - [ThreadPoolExecutor-0_0] - [ThreadPoolExecutor-0_0] Found 13 reviews
2026-08-29 20:55:54 - INFO - [ThreadPoolExecutor-0_0] - [ThreadPoolExecutor-0_0] Scraped 13 reviews
2026-08-29 20:55:56 - INFO - [ThreadPoolExecutor-0_2] - [ThreadPoolExecutor-0_2] [9/16] Hiearcool USB C Hub, USB C Dock, 4K@60Hz...
2026-08-29 20:55:56 - INFO - [ThreadPoolExecutor-0_2] - [ThreadPoolExecutor-0_2] Scraping product details: https://www.amazon.com/Ethernet-Hiearcool-Adapter-Multiport-Compatible/dp/B09T9PXW35/ref=sr_1_9?dib=...
2026-08-29 20:55:57 - INFO - [ThreadPoolExecutor-0_0] - [ThreadPoolExecutor-0_0] [10/16] Wireless Earbuds, Bluetooth 5.3 Headphon...
2026-08-29 20:55:57 - INFO - [ThreadPoolExecutor-0_0] - [ThreadPoolExecutor-0_0] Scraping product details: https://www.amazon.com/Fhumsh-Bluetooth-Headphones-Waterproof-Work%EF%BC%88White%EF%BC%89/dp/B0HDB6M...
2026-08-29 20:56:01 - INFO - [ThreadPoolExecutor-0_1] - [ThreadPoolExecutor-0_1] Scraping reviews...
2026-08-29 20:56:05 - INFO - [ThreadPoolExecutor-0_0] - [ThreadPoolExecutor-0_0] Scraping reviews...
2026-08-29 20:56:05 - INFO - [ThreadPoolExecutor-0_2] - [ThreadPoolExecutor-0_2] Scraping reviews...
2026-08-29 20:56:11 - INFO - [ThreadPoolExecutor-0_1] - [ThreadPoolExecutor-0_1] Found 8 reviews
2026-08-29 20:56:11 - INFO - [ThreadPoolExecutor-0_1] - [ThreadPoolExecutor-0_1] Scraped 8 reviews
2026-08-29 20:56:13 - INFO - [ThreadPoolExecutor-0_1] - [ThreadPoolExecutor-0_1] [10/16] Razer Viper V4 Pro Wireless Esports Gami...
2026-08-29 20:56:13 - INFO - [ThreadPoolExecutor-0_1] - [ThreadPoolExecutor-0_1] Scraping product details: https://www.amazon.com/Razer-Wireless-Esports-Gaming-Battery/dp/B0GMLBSSTD/ref=sr_1_10?dib=eyJ2IjoiM...
2026-08-29 20:56:14 - INFO - [ThreadPoolExecutor-0_0] - [ThreadPoolExecutor-0_0] Found 13 reviews
2026-08-29 20:56:14 - INFO - [ThreadPoolExecutor-0_0] - [ThreadPoolExecutor-0_0] Scraped 13 reviews
2026-08-29 20:56:16 - INFO - [ThreadPoolExecutor-0_0] - [ThreadPoolExecutor-0_0] [11/16] Wireless Earbuds, Bluetooth 5.4 Headphon...
2026-08-29 20:56:16 - INFO - [ThreadPoolExecutor-0_0] - [ThreadPoolExecutor-0_0] Scraping product details: https://www.amazon.com/Bluetooth-Headphones-Cancelling-Earphones-Waterproof/dp/B0FHWKYT89/ref=sr_1_1...
2026-08-29 20:56:16 - INFO - [ThreadPoolExecutor-0_2] - [ThreadPoolExecutor-0_2] Found 9 reviews
2026-08-29 20:56:16 - INFO - [ThreadPoolExecutor-0_2] - [ThreadPoolExecutor-0_2] Scraped 9 reviews
2026-08-29 20:56:20 - INFO - [ThreadPoolExecutor-0_2] - [ThreadPoolExecutor-0_2] [10/16] UGREEN Revodok 6 in 1 USB C Hub Gigabit ...
2026-08-29 20:56:20 - INFO - [ThreadPoolExecutor-0_2] - [ThreadPoolExecutor-0_2] Scraping product details: https://www.amazon.com/UGREEN-Ethernet-Delivery-Compatible-Chromebook/dp/B0BW2TLQ8S/ref=sr_1_10?dib=...
2026-08-29 20:56:21 - INFO - [ThreadPoolExecutor-0_1] - [ThreadPoolExecutor-0_1] Scraping reviews...
2026-08-29 20:56:25 - INFO - [ThreadPoolExecutor-0_0] - [ThreadPoolExecutor-0_0] Scraping reviews...
2026-08-29 20:56:29 - INFO - [ThreadPoolExecutor-0_2] - [ThreadPoolExecutor-0_2] Scraping reviews...
2026-08-29 20:56:31 - INFO - [ThreadPoolExecutor-0_1] - [ThreadPoolExecutor-0_1] Found 13 reviews
2026-08-29 20:56:31 - INFO - [ThreadPoolExecutor-0_1] - [ThreadPoolExecutor-0_1] Scraped 13 reviews
2026-08-29 20:56:33 - INFO - [ThreadPoolExecutor-0_0] - [ThreadPoolExecutor-0_0] Found 13 reviews
2026-08-29 20:56:34 - INFO - [ThreadPoolExecutor-0_0] - [ThreadPoolExecutor-0_0] Scraped 13 reviews
2026-08-29 20:56:35 - INFO - [ThreadPoolExecutor-0_1] - [ThreadPoolExecutor-0_1] [11/16] Redragon Wireless Gaming Mouse, Tri-Mode...
2026-08-29 20:56:35 - INFO - [ThreadPoolExecutor-0_1] - [ThreadPoolExecutor-0_1] Scraping product details: https://www.amazon.com/Redragon-Bluetooth-Programmable-Ergonomic-M814W/dp/B0GZY5VR22/ref=sr_1_11?dib...
2026-08-29 20:56:37 - INFO - [ThreadPoolExecutor-0_0] - [ThreadPoolExecutor-0_0] [12/16] Click to see price...
2026-08-29 20:56:37 - INFO - [ThreadPoolExecutor-0_0] - [ThreadPoolExecutor-0_0] Scraping product details: https://www.amazon.com/Sony-Bluetooth-Headphones-Multipoint-Connection-Resistance/dp/B0D9R4GYTN/ref=...
2026-08-29 20:56:40 - INFO - [ThreadPoolExecutor-0_2] - [ThreadPoolExecutor-0_2] Found 13 reviews
2026-08-29 20:56:40 - INFO - [ThreadPoolExecutor-0_2] - [ThreadPoolExecutor-0_2] Scraped 13 reviews
2026-08-29 20:56:43 - INFO - [ThreadPoolExecutor-0_1] - [ThreadPoolExecutor-0_1] Scraping reviews...
2026-08-29 20:56:44 - INFO - [ThreadPoolExecutor-0_0] - [ThreadPoolExecutor-0_0] Scraping reviews...
2026-08-29 20:56:44 - INFO - [ThreadPoolExecutor-0_2] - [ThreadPoolExecutor-0_2] [11/16] ACASIS 16 Ports Powered USB 3.2 Hub (8 U...
2026-08-29 20:56:44 - INFO - [ThreadPoolExecutor-0_2] - [ThreadPoolExecutor-0_2] Scraping product details: https://www.amazon.com/Powered-ACASIS-Aluminum-Adapter-Computer/dp/B0G13RQ2SZ/ref=sr_1_11?dib=eyJ2Ij...
2026-08-29 20:56:53 - INFO - [ThreadPoolExecutor-0_2] - [ThreadPoolExecutor-0_2] Scraping reviews...
2026-08-29 20:56:56 - INFO - [ThreadPoolExecutor-0_1] - [ThreadPoolExecutor-0_1] Found 13 reviews
2026-08-29 20:56:56 - INFO - [ThreadPoolExecutor-0_1] - [ThreadPoolExecutor-0_1] Scraped 13 reviews
2026-08-29 20:56:56 - INFO - [ThreadPoolExecutor-0_0] - [ThreadPoolExecutor-0_0] Found 13 reviews
2026-08-29 20:56:56 - INFO - [ThreadPoolExecutor-0_0] - [ThreadPoolExecutor-0_0] Scraped 13 reviews
2026-08-29 20:56:59 - INFO - [ThreadPoolExecutor-0_0] - [ThreadPoolExecutor-0_0] [13/16] Samsung Galaxy Buds 4 Pro (2026) AI True...
2026-08-29 20:56:59 - INFO - [ThreadPoolExecutor-0_0] - [ThreadPoolExecutor-0_0] Scraping product details: https://www.amazon.com/Samsung-Wireless-Bluetooth-Optimized-Translation/dp/B0G1PJLWLZ/ref=sr_1_13?di...
2026-08-29 20:57:00 - INFO - [ThreadPoolExecutor-0_1] - [ThreadPoolExecutor-0_1] [12/16] Razer Cobra Pro Wireless Gaming Mouse, 2...
2026-08-29 20:57:00 - INFO - [ThreadPoolExecutor-0_1] - [ThreadPoolExecutor-0_1] Scraping product details: https://www.amazon.com/Razer-Cobra-Wireless-Gaming-Mouse/dp/B0C51934VF/ref=sr_1_12?dib=eyJ2IjoiMSJ9....
2026-08-29 20:57:05 - INFO - [ThreadPoolExecutor-0_2] - [ThreadPoolExecutor-0_2] Found 13 reviews
2026-08-29 20:57:05 - INFO - [ThreadPoolExecutor-0_2] - [ThreadPoolExecutor-0_2] Scraped 13 reviews
2026-08-29 20:57:06 - INFO - [ThreadPoolExecutor-0_1] - [ThreadPoolExecutor-0_1] Scraping reviews...
2026-08-29 20:57:07 - INFO - [ThreadPoolExecutor-0_0] - [ThreadPoolExecutor-0_0] Scraping reviews...
2026-08-29 20:57:08 - INFO - [ThreadPoolExecutor-0_2] - [ThreadPoolExecutor-0_2] [12/16] Anker USB-C Hub, 8-in-1 Multiport Ethern...
2026-08-29 20:57:08 - INFO - [ThreadPoolExecutor-0_2] - [ThreadPoolExecutor-0_2] Scraping product details: https://www.amazon.com/Anker-PowerExpand-Adapter-Delivery-Ethernet/dp/B087QZVQJX/ref=sr_1_12?dib=eyJ...
2026-08-29 20:57:17 - INFO - [ThreadPoolExecutor-0_2] - [ThreadPoolExecutor-0_2] Scraping reviews...
2026-08-29 20:57:18 - INFO - [ThreadPoolExecutor-0_0] - [ThreadPoolExecutor-0_0] Found 13 reviews
2026-08-29 20:57:18 - INFO - [ThreadPoolExecutor-0_0] - [ThreadPoolExecutor-0_0] Scraped 13 reviews
2026-08-29 20:57:19 - INFO - [ThreadPoolExecutor-0_1] - [ThreadPoolExecutor-0_1] Found 13 reviews
2026-08-29 20:57:19 - INFO - [ThreadPoolExecutor-0_1] - [ThreadPoolExecutor-0_1] Scraped 13 reviews
2026-08-29 20:57:20 - INFO - [ThreadPoolExecutor-0_0] - [ThreadPoolExecutor-0_0] [14/16] Samsung Galaxy Buds Core SM-R410 (2025) ...
2026-08-29 20:57:20 - INFO - [ThreadPoolExecutor-0_0] - [ThreadPoolExecutor-0_0] Scraping product details: https://www.amazon.com/Samsung-Bluetooth-Cancelation-Continuous-Playblack/dp/B0FNRXZV67/ref=sr_1_14?...
2026-08-29 20:57:24 - INFO - [ThreadPoolExecutor-0_1] - [ThreadPoolExecutor-0_1] [13/16] ATTACK SHARK X3 49g Ultra-Lightweight Wi...
2026-08-29 20:57:24 - INFO - [ThreadPoolExecutor-0_1] - [ThreadPoolExecutor-0_1] Scraping product details: https://www.amazon.com/ATTACK-SHARK-Ultra-Lightweight-Wireless-Gaming/dp/B0CF4L9LPR/ref=sr_1_13?dib=...
2026-08-29 20:57:29 - INFO - [ThreadPoolExecutor-0_0] - [ThreadPoolExecutor-0_0] Scraping reviews...
2026-08-29 20:57:29 - INFO - [ThreadPoolExecutor-0_2] - [ThreadPoolExecutor-0_2] Found 13 reviews
2026-08-29 20:57:29 - INFO - [ThreadPoolExecutor-0_2] - [ThreadPoolExecutor-0_2] Scraped 13 reviews
2026-08-29 20:57:31 - INFO - [ThreadPoolExecutor-0_2] - [ThreadPoolExecutor-0_2] [13/16] Anker Laptop Docking Station Dual Monito...
2026-08-29 20:57:31 - INFO - [ThreadPoolExecutor-0_2] - [ThreadPoolExecutor-0_2] Scraping product details: https://www.amazon.com/Anker-PowerExpand-Adapter-Delivery-Ethernet/dp/B0874M3KW4/ref=sr_1_13?dib=eyJ...
2026-08-29 20:57:40 - INFO - [ThreadPoolExecutor-0_2] - [ThreadPoolExecutor-0_2] Scraping reviews...
2026-08-29 20:57:42 - INFO - [ThreadPoolExecutor-0_0] - [ThreadPoolExecutor-0_0] Found 13 reviews
2026-08-29 20:57:42 - INFO - [ThreadPoolExecutor-0_0] - [ThreadPoolExecutor-0_0] Scraped 13 reviews
2026-08-29 20:57:44 - INFO - [ThreadPoolExecutor-0_0] - [ThreadPoolExecutor-0_0] [15/16] Wireless Earbuds Bluetooth Headphones, 5...
2026-08-29 20:57:44 - INFO - [ThreadPoolExecutor-0_0] - [ThreadPoolExecutor-0_0] Scraping product details: https://www.amazon.com/Bluetooth-Headphones-Cancelling-Waterproof-Earphones/dp/B0H8Y9LL1G/ref=sr_1_1...
2026-08-29 20:57:50 - INFO - [ThreadPoolExecutor-0_2] - [ThreadPoolExecutor-0_2] Found 13 reviews
2026-08-29 20:57:50 - INFO - [ThreadPoolExecutor-0_2] - [ThreadPoolExecutor-0_2] Scraped 13 reviews
2026-08-29 20:57:52 - INFO - [ThreadPoolExecutor-0_0] - [ThreadPoolExecutor-0_0] Scraping reviews...
2026-08-29 20:57:52 - INFO - [ThreadPoolExecutor-0_1] - [ThreadPoolExecutor-0_1] Scraping reviews...
2026-08-29 20:57:55 - INFO - [ThreadPoolExecutor-0_2] - [ThreadPoolExecutor-0_2] [14/16] UGREEN Revodok Pro 9 in 1 USB C Hub Giga...
2026-08-29 20:57:55 - INFO - [ThreadPoolExecutor-0_2] - [ThreadPoolExecutor-0_2] Scraping product details: https://www.amazon.com/UGREEN-Revodok-Ethernet-Charging-Compatible/dp/B0DY15GFNG/ref=sr_1_14?dib=eyJ...
2026-08-29 20:58:03 - INFO - [ThreadPoolExecutor-0_2] - [ThreadPoolExecutor-0_2] Scraping reviews...
2026-08-29 20:58:05 - INFO - [ThreadPoolExecutor-0_1] - [ThreadPoolExecutor-0_1] Found 13 reviews
2026-08-29 20:58:05 - INFO - [ThreadPoolExecutor-0_1] - [ThreadPoolExecutor-0_1] Scraped 13 reviews
2026-08-29 20:58:05 - INFO - [ThreadPoolExecutor-0_0] - [ThreadPoolExecutor-0_0] Found 13 reviews
2026-08-29 20:58:05 - INFO - [ThreadPoolExecutor-0_0] - [ThreadPoolExecutor-0_0] Scraped 13 reviews
2026-08-29 20:58:07 - INFO - [ThreadPoolExecutor-0_1] - [ThreadPoolExecutor-0_1] [14/16] Redragon M602 Gaming Mouse, Ergonomic RG...
2026-08-29 20:58:07 - INFO - [ThreadPoolExecutor-0_1] - [ThreadPoolExecutor-0_1] Scraping product details: https://www.amazon.com/Redragon-M602-Ergonomic-High-Precision-Programmable/dp/B011HMDZ0Q/ref=sr_1_14...
2026-08-29 20:58:08 - INFO - [ThreadPoolExecutor-0_0] - [ThreadPoolExecutor-0_0] [16/16] Active Noise Cancelling Ear Buds Wireles...
2026-08-29 20:58:08 - INFO - [ThreadPoolExecutor-0_0] - [ThreadPoolExecutor-0_0] Scraping product details: https://www.amazon.com/Cancelling-Bluetooth-Headphones-Earphones-Waterproof/dp/B0H6VZSB53/ref=sr_1_1...
2026-08-29 20:58:15 - INFO - [ThreadPoolExecutor-0_1] - [ThreadPoolExecutor-0_1] Scraping reviews...
2026-08-29 20:58:15 - INFO - [ThreadPoolExecutor-0_2] - [ThreadPoolExecutor-0_2] Found 13 reviews
2026-08-29 20:58:15 - INFO - [ThreadPoolExecutor-0_2] - [ThreadPoolExecutor-0_2] Scraped 13 reviews
2026-08-29 20:58:17 - INFO - [ThreadPoolExecutor-0_2] - [ThreadPoolExecutor-0_2] [15/16] Acer USB Hub 4 Ports, Multiple USB 3.0 H...
2026-08-29 20:58:17 - INFO - [ThreadPoolExecutor-0_2] - [ThreadPoolExecutor-0_2] Scraping product details: https://www.amazon.com/Multiple-Splitter-Laptop-Extender-Windows/dp/B0CN3F9Y1Z/ref=sr_1_15?dib=eyJ2I...
2026-08-29 20:58:18 - INFO - [ThreadPoolExecutor-0_0] - [ThreadPoolExecutor-0_0] Scraping reviews...
2026-08-29 20:58:24 - INFO - [ThreadPoolExecutor-0_1] - [ThreadPoolExecutor-0_1] Found 13 reviews
2026-08-29 20:58:24 - INFO - [ThreadPoolExecutor-0_1] - [ThreadPoolExecutor-0_1] Scraped 13 reviews
2026-08-29 20:58:26 - INFO - [ThreadPoolExecutor-0_2] - [ThreadPoolExecutor-0_2] Scraping reviews...
2026-08-29 20:58:28 - INFO - [ThreadPoolExecutor-0_0] - [ThreadPoolExecutor-0_0] Found 13 reviews
2026-08-29 20:58:28 - INFO - [ThreadPoolExecutor-0_0] - [ThreadPoolExecutor-0_0] Scraped 13 reviews
2026-08-29 20:58:28 - INFO - [ThreadPoolExecutor-0_0] - [ThreadPoolExecutor-0_0] Completed 'wireless earbuds': 16 products, 194 reviews
2026-08-29 20:58:28 - INFO - [ThreadPoolExecutor-0_0] - ✓ wireless earbuds: 16 products, 194 reviews
2026-08-29 20:58:29 - INFO - [ThreadPoolExecutor-0_0] - [ThreadPoolExecutor-0_0] WebDriver closed
2026-08-29 20:58:29 - INFO - [ThreadPoolExecutor-0_0] - [ThreadPoolExecutor-0_0] [4/28] Processing: mechanical keyboard
2026-08-29 20:58:29 - INFO - [ThreadPoolExecutor-0_0] - [ThreadPoolExecutor-0_0] Creating Chrome driver...
2026-08-29 20:58:29 - INFO - [ThreadPoolExecutor-0_1] - [ThreadPoolExecutor-0_1] [15/16] ASUS ROG Spatha X Wireless Gaming Mouse ...
2026-08-29 20:58:29 - INFO - [ThreadPoolExecutor-0_1] - [ThreadPoolExecutor-0_1] Scraping product details: https://www.amazon.com/ASUS-ROG-Wireless-Magnetic-Programmable/dp/B09726KT4R/ref=sr_1_15?dib=eyJ2Ijo...
2026-08-29 20:58:31 - INFO - [ThreadPoolExecutor-0_0] - [ThreadPoolExecutor-0_0] Chrome driver created successfully
2026-08-29 20:58:31 - INFO - [ThreadPoolExecutor-0_0] - Created new driver for thread: ThreadPoolExecutor-0_0
2026-08-29 20:58:31 - INFO - [ThreadPoolExecutor-0_0] - [ThreadPoolExecutor-0_0] Searching: https://www.amazon.com/s?k=mechanical+keyboard
2026-08-29 20:58:37 - INFO - [ThreadPoolExecutor-0_1] - [ThreadPoolExecutor-0_1] Scraping reviews...
2026-08-29 20:58:38 - INFO - [ThreadPoolExecutor-0_2] - [ThreadPoolExecutor-0_2] Found 13 reviews
2026-08-29 20:58:38 - INFO - [ThreadPoolExecutor-0_2] - [ThreadPoolExecutor-0_2] Scraped 13 reviews
2026-08-29 20:58:41 - INFO - [ThreadPoolExecutor-0_0] - Found 16 products in search results
2026-08-29 20:58:41 - INFO - [ThreadPoolExecutor-0_0] - [ThreadPoolExecutor-0_0] Found 16 products for: mechanical keyboard
2026-08-29 20:58:41 - INFO - [ThreadPoolExecutor-0_0] - [ThreadPoolExecutor-0_0] [1/16] AULA F75 Pro Wireless Mechanical Keyboar...
2026-08-29 20:58:41 - INFO - [ThreadPoolExecutor-0_0] - [ThreadPoolExecutor-0_0] Scraping product details: https://www.amazon.com/F75-Pro/dp/B0D14N2QZF/ref=sr_1_1?dib=eyJ2IjoiMSJ9.rCrDrLnqiuLcwnBTdq3GeRbY4IQ...
2026-08-29 20:58:42 - INFO - [ThreadPoolExecutor-0_2] - [ThreadPoolExecutor-0_2] [16/16] Anker Laptop Docking Station, 13-in-1 US...
2026-08-29 20:58:42 - INFO - [ThreadPoolExecutor-0_2] - [ThreadPoolExecutor-0_2] Scraping product details: https://www.amazon.com/Anker-Docking-PowerExpand-Charging-Ethernet/dp/B088F7SY6S/ref=sr_1_16?dib=eyJ...
2026-08-29 20:58:48 - INFO - [ThreadPoolExecutor-0_0] - [ThreadPoolExecutor-0_0] Scraping reviews...
2026-08-29 20:58:49 - INFO - [ThreadPoolExecutor-0_1] - [ThreadPoolExecutor-0_1] Found 13 reviews
2026-08-29 20:58:49 - INFO - [ThreadPoolExecutor-0_1] - [ThreadPoolExecutor-0_1] Scraped 13 reviews
2026-08-29 20:58:52 - INFO - [ThreadPoolExecutor-0_1] - [ThreadPoolExecutor-0_1] [16/16] Aula SC620 Wireless Gaming Mouse, Tri-Mo...
2026-08-29 20:58:52 - INFO - [ThreadPoolExecutor-0_1] - [ThreadPoolExecutor-0_1] Scraping product details: https://www.amazon.com/SC620-Wireless-Tri-Mode-Computer-Programmable/dp/B0G4V76JFT/ref=sr_1_16?dib=e...
2026-08-29 20:58:52 - INFO - [ThreadPoolExecutor-0_2] - [ThreadPoolExecutor-0_2] Scraping reviews...
2026-08-29 20:58:57 - INFO - [ThreadPoolExecutor-0_0] - [ThreadPoolExecutor-0_0] Found 13 reviews
2026-08-29 20:58:57 - INFO - [ThreadPoolExecutor-0_0] - [ThreadPoolExecutor-0_0] Scraped 13 reviews
2026-08-29 20:59:00 - INFO - [ThreadPoolExecutor-0_1] - [ThreadPoolExecutor-0_1] Scraping reviews...
2026-08-29 20:59:02 - INFO - [ThreadPoolExecutor-0_0] - [ThreadPoolExecutor-0_0] [2/16] Redragon Mechanical Gaming Keyboard Wire...
2026-08-29 20:59:02 - INFO - [ThreadPoolExecutor-0_0] - [ThreadPoolExecutor-0_0] Scraping product details: https://www.amazon.com/Redragon-Programmable-Hot-Swappable-Anti-Ghosting-Double-Shot/dp/B0CF3VGQFL/r...
2026-08-29 20:59:04 - INFO - [ThreadPoolExecutor-0_2] - [ThreadPoolExecutor-0_2] Found 13 reviews
2026-08-29 20:59:04 - INFO - [ThreadPoolExecutor-0_2] - [ThreadPoolExecutor-0_2] Scraped 13 reviews
2026-08-29 20:59:04 - INFO - [ThreadPoolExecutor-0_2] - [ThreadPoolExecutor-0_2] Completed 'USB-C hub': 16 products, 204 reviews
2026-08-29 20:59:04 - INFO - [ThreadPoolExecutor-0_2] - ✓ USB-C hub: 16 products, 204 reviews
2026-08-29 20:59:05 - INFO - [ThreadPoolExecutor-0_2] - [ThreadPoolExecutor-0_2] WebDriver closed
2026-08-29 20:59:05 - INFO - [ThreadPoolExecutor-0_2] - [ThreadPoolExecutor-0_2] [5/28] Processing: smartwatch
2026-08-29 20:59:05 - INFO - [ThreadPoolExecutor-0_2] - [ThreadPoolExecutor-0_2] Creating Chrome driver...
2026-08-29 20:59:07 - INFO - [ThreadPoolExecutor-0_2] - [ThreadPoolExecutor-0_2] Chrome driver created successfully
2026-08-29 20:59:07 - INFO - [ThreadPoolExecutor-0_2] - Created new driver for thread: ThreadPoolExecutor-0_2
2026-08-29 20:59:07 - INFO - [ThreadPoolExecutor-0_2] - [ThreadPoolExecutor-0_2] Searching: https://www.amazon.com/s?k=smartwatch
2026-08-29 20:59:08 - INFO - [ThreadPoolExecutor-0_0] - [ThreadPoolExecutor-0_0] Scraping reviews...
2026-08-29 20:59:12 - INFO - [ThreadPoolExecutor-0_1] - [ThreadPoolExecutor-0_1] Found 8 reviews
2026-08-29 20:59:12 - INFO - [ThreadPoolExecutor-0_1] - [ThreadPoolExecutor-0_1] Scraped 8 reviews
2026-08-29 20:59:12 - INFO - [ThreadPoolExecutor-0_1] - [ThreadPoolExecutor-0_1] Completed 'gaming mouse': 16 products, 198 reviews
2026-08-29 20:59:12 - INFO - [ThreadPoolExecutor-0_1] - ✓ gaming mouse: 16 products, 198 reviews
2026-08-29 20:59:13 - INFO - [ThreadPoolExecutor-0_1] - [ThreadPoolExecutor-0_1] WebDriver closed
2026-08-29 20:59:13 - INFO - [ThreadPoolExecutor-0_1] - [ThreadPoolExecutor-0_1] [6/28] Processing: phone case
2026-08-29 20:59:13 - INFO - [ThreadPoolExecutor-0_1] - [ThreadPoolExecutor-0_1] Creating Chrome driver...
2026-08-29 20:59:14 - INFO - [ThreadPoolExecutor-0_1] - [ThreadPoolExecutor-0_1] Chrome driver created successfully
2026-08-29 20:59:14 - INFO - [ThreadPoolExecutor-0_1] - Created new driver for thread: ThreadPoolExecutor-0_1
2026-08-29 20:59:14 - INFO - [ThreadPoolExecutor-0_1] - [ThreadPoolExecutor-0_1] Searching: https://www.amazon.com/s?k=phone+case
2026-08-29 20:59:18 - INFO - [ThreadPoolExecutor-0_0] - [ThreadPoolExecutor-0_0] Found 13 reviews
2026-08-29 20:59:18 - INFO - [ThreadPoolExecutor-0_0] - [ThreadPoolExecutor-0_0] Scraped 13 reviews
2026-08-29 20:59:18 - INFO - [ThreadPoolExecutor-0_2] - Found 16 products in search results
2026-08-29 20:59:18 - INFO - [ThreadPoolExecutor-0_2] - [ThreadPoolExecutor-0_2] Found 16 products for: smartwatch
2026-08-29 20:59:18 - INFO - [ThreadPoolExecutor-0_2] - [ThreadPoolExecutor-0_2] [1/16] Smart Watch for Men Women, 1.83" HD Touc...
2026-08-29 20:59:18 - INFO - [ThreadPoolExecutor-0_2] - [ThreadPoolExecutor-0_2] Scraping product details: https://www.amazon.com/Touchscreen-Smartwatch-Bluetooth-Waterproof-Compatible/dp/B0HDN4SV8F/ref=sr_1...
2026-08-29 20:59:20 - INFO - [ThreadPoolExecutor-0_0] - [ThreadPoolExecutor-0_0] [3/16] Logitech G413 SE Full-Size Mechanical Ga...
2026-08-29 20:59:20 - INFO - [ThreadPoolExecutor-0_0] - [ThreadPoolExecutor-0_0] Scraping product details: https://www.amazon.com/Logitech-Full-Size-Mechanical-Anti-Ghosting-Keys-White/dp/B08Z6X4NK3/ref=sr_1...
2026-08-29 20:59:23 - INFO - [ThreadPoolExecutor-0_1] - Found 16 products in search results
2026-08-29 20:59:24 - INFO - [ThreadPoolExecutor-0_1] - [ThreadPoolExecutor-0_1] Found 16 products for: phone case
2026-08-29 20:59:24 - INFO - [ThreadPoolExecutor-0_1] - [ThreadPoolExecutor-0_1] [1/16] OtterBox iPhone 17e, 16e, 15, 14, & 13 C...
2026-08-29 20:59:24 - INFO - [ThreadPoolExecutor-0_1] - [ThreadPoolExecutor-0_1] Scraping product details: https://www.amazon.com/OtterBox-iPhone-Commuter-Case-pocket-friendly/dp/B0CGCMS31N/ref=sr_1_1?dib=ey...
2026-08-29 20:59:30 - INFO - [ThreadPoolExecutor-0_0] - [ThreadPoolExecutor-0_0] Scraping reviews...
2026-08-29 20:59:30 - INFO - [ThreadPoolExecutor-0_2] - [ThreadPoolExecutor-0_2] Scraping reviews...
2026-08-29 20:59:33 - INFO - [ThreadPoolExecutor-0_1] - [ThreadPoolExecutor-0_1] Scraping reviews...
2026-08-29 20:59:39 - INFO - [ThreadPoolExecutor-0_0] - [ThreadPoolExecutor-0_0] Found 13 reviews
2026-08-29 20:59:39 - INFO - [ThreadPoolExecutor-0_0] - [ThreadPoolExecutor-0_0] Scraped 13 reviews
2026-08-29 20:59:43 - INFO - [ThreadPoolExecutor-0_2] - [ThreadPoolExecutor-0_2] Found 10 reviews
2026-08-29 20:59:43 - INFO - [ThreadPoolExecutor-0_2] - [ThreadPoolExecutor-0_2] Scraped 10 reviews
2026-08-29 20:59:43 - INFO - [ThreadPoolExecutor-0_0] - [ThreadPoolExecutor-0_0] [4/16] Click to see price...
2026-08-29 20:59:43 - INFO - [ThreadPoolExecutor-0_0] - [ThreadPoolExecutor-0_0] Scraping product details: https://www.amazon.com/Logitech-Mechanical-Illuminated-Performance-Bluetooth/dp/B09LK1P1RD/ref=sr_1_...
2026-08-29 20:59:46 - INFO - [ThreadPoolExecutor-0_1] - [ThreadPoolExecutor-0_1] Found 13 reviews
2026-08-29 20:59:46 - INFO - [ThreadPoolExecutor-0_1] - [ThreadPoolExecutor-0_1] Scraped 13 reviews
2026-08-29 20:59:47 - INFO - [ThreadPoolExecutor-0_2] - [ThreadPoolExecutor-0_2] [2/16] Garmin vívoactive® 5, Health & Fitness G...
2026-08-29 20:59:47 - INFO - [ThreadPoolExecutor-0_2] - [ThreadPoolExecutor-0_2] Scraping product details: https://www.amazon.com/Garmin-v%C3%ADvoactive-Fitness-Smartwatch-Display/dp/B0CG6NR413/ref=sr_1_2?di...
2026-08-29 20:59:50 - INFO - [ThreadPoolExecutor-0_1] - [ThreadPoolExecutor-0_1] [2/16] SUPFINE Magnetic for iPhone 13 Case/iPho...
2026-08-29 20:59:50 - INFO - [ThreadPoolExecutor-0_1] - [ThreadPoolExecutor-0_1] Scraping product details: https://www.amazon.com/SUPFINE-Magnetic-iPhone-Case-Black/dp/B0D9VS4PV7/ref=sr_1_2?dib=eyJ2IjoiMSJ9....
2026-08-29 20:59:52 - INFO - [ThreadPoolExecutor-0_0] - [ThreadPoolExecutor-0_0] Scraping reviews...
2026-08-29 20:59:57 - INFO - [ThreadPoolExecutor-0_2] - [ThreadPoolExecutor-0_2] Scraping reviews...
2026-08-29 20:59:57 - INFO - [ThreadPoolExecutor-0_1] - [ThreadPoolExecutor-0_1] Scraping reviews...
2026-08-29 21:00:03 - INFO - [ThreadPoolExecutor-0_0] - [ThreadPoolExecutor-0_0] Found 13 reviews
2026-08-29 21:00:03 - INFO - [ThreadPoolExecutor-0_0] - [ThreadPoolExecutor-0_0] Scraped 13 reviews
2026-08-29 21:00:06 - INFO - [ThreadPoolExecutor-0_2] - [ThreadPoolExecutor-0_2] Found 8 reviews
2026-08-29 21:00:06 - INFO - [ThreadPoolExecutor-0_2] - [ThreadPoolExecutor-0_2] Scraped 8 reviews
2026-08-29 21:00:06 - INFO - [ThreadPoolExecutor-0_0] - [ThreadPoolExecutor-0_0] [5/16] AULA F99 Wireless Mechanical Keyboard,Tr...
2026-08-29 21:00:06 - INFO - [ThreadPoolExecutor-0_0] - [ThreadPoolExecutor-0_0] Scraping product details: https://www.amazon.com/AULA-F99-Mechanical-Bluetooth-Swappable/dp/B0CLLHSWRL/ref=sr_1_5?dib=eyJ2Ijoi...
2026-08-29 21:00:08 - INFO - [ThreadPoolExecutor-0_1] - [ThreadPoolExecutor-0_1] Found 13 reviews
2026-08-29 21:00:08 - INFO - [ThreadPoolExecutor-0_1] - [ThreadPoolExecutor-0_1] Scraped 13 reviews
2026-08-29 21:00:08 - INFO - [ThreadPoolExecutor-0_2] - [ThreadPoolExecutor-0_2] [3/16] Smart Watch for Women with Call, 1.8" To...
2026-08-29 21:00:08 - INFO - [ThreadPoolExecutor-0_2] - [ThreadPoolExecutor-0_2] Scraping product details: https://www.amazon.com/Smart-Watch-Screen-Fitness-Tracker/dp/B0HCVD1D8V/ref=sr_1_3?dib=eyJ2IjoiMSJ9....
2026-08-29 21:00:11 - INFO - [ThreadPoolExecutor-0_1] - [ThreadPoolExecutor-0_1] [3/16] TORRAS for iPhone 17 Pro Case Crystal Cl...
2026-08-29 21:00:11 - INFO - [ThreadPoolExecutor-0_1] - [ThreadPoolExecutor-0_1] Scraping product details: https://www.amazon.com/TORRAS-iPhone-Pro-Case-Military-Grade/dp/B0FGC514QH/ref=sr_1_3?dib=eyJ2IjoiMS...
2026-08-29 21:00:14 - INFO - [ThreadPoolExecutor-0_0] - [ThreadPoolExecutor-0_0] Scraping reviews...
2026-08-29 21:00:19 - INFO - [ThreadPoolExecutor-0_2] - [ThreadPoolExecutor-0_2] Scraping reviews...
2026-08-29 21:00:23 - INFO - [ThreadPoolExecutor-0_1] - [ThreadPoolExecutor-0_1] Scraping reviews...
2026-08-29 21:00:24 - INFO - [ThreadPoolExecutor-0_0] - [ThreadPoolExecutor-0_0] Found 13 reviews
2026-08-29 21:00:24 - INFO - [ThreadPoolExecutor-0_0] - [ThreadPoolExecutor-0_0] Scraped 13 reviews
2026-08-29 21:00:28 - INFO - [ThreadPoolExecutor-0_0] - [ThreadPoolExecutor-0_0] [6/16] AULA F75 75% Wireless Mechanical Keyboar...
2026-08-29 21:00:28 - INFO - [ThreadPoolExecutor-0_0] - [ThreadPoolExecutor-0_0] Scraping product details: https://www.amazon.com/AULA-F75-Mechanical-Swappable-Pre-lubed/dp/B0G3PTHM36/ref=sr_1_6?dib=eyJ2Ijoi...
2026-08-29 21:00:35 - INFO - [ThreadPoolExecutor-0_1] - [ThreadPoolExecutor-0_1] Found 13 reviews
2026-08-29 21:00:35 - INFO - [ThreadPoolExecutor-0_1] - [ThreadPoolExecutor-0_1] Scraped 13 reviews
2026-08-29 21:00:37 - INFO - [ThreadPoolExecutor-0_0] - [ThreadPoolExecutor-0_0] Scraping reviews...
2026-08-29 21:00:37 - INFO - [ThreadPoolExecutor-0_1] - [ThreadPoolExecutor-0_1] [4/16] FNTCASE for iPhone 15/14/13 Case Compati...
2026-08-29 21:00:37 - INFO - [ThreadPoolExecutor-0_1] - [ThreadPoolExecutor-0_1] Scraping product details: https://www.amazon.com/FNTCASE-iPhone-15-Case-Protection/dp/B0CFVDX4HT/ref=sr_1_4?dib=eyJ2IjoiMSJ9._...
2026-08-29 21:00:45 - INFO - [ThreadPoolExecutor-0_1] - [ThreadPoolExecutor-0_1] Scraping reviews...
2026-08-29 21:00:46 - INFO - [ThreadPoolExecutor-0_0] - [ThreadPoolExecutor-0_0] Found 13 reviews
2026-08-29 21:00:46 - INFO - [ThreadPoolExecutor-0_0] - [ThreadPoolExecutor-0_0] Scraped 13 reviews
2026-08-29 21:00:50 - INFO - [ThreadPoolExecutor-0_0] - [ThreadPoolExecutor-0_0] [7/16] RisoPhy Mechanical Gaming Keyboard, RGB ...
2026-08-29 21:00:50 - INFO - [ThreadPoolExecutor-0_0] - [ThreadPoolExecutor-0_0] Scraping product details: https://www.amazon.com/Mechanical-Keyboard-Ultra-Slim-Anti-Ghosting-Spill-Resistant/dp/B09TR4Y91J/re...
2026-08-29 21:00:55 - INFO - [ThreadPoolExecutor-0_1] - [ThreadPoolExecutor-0_1] Found 13 reviews
2026-08-29 21:00:55 - INFO - [ThreadPoolExecutor-0_1] - [ThreadPoolExecutor-0_1] Scraped 13 reviews
2026-08-29 21:00:59 - INFO - [ThreadPoolExecutor-0_1] - [ThreadPoolExecutor-0_1] [5/16] FNTCASE for iPhone 15/14/13 Case, Fit fo...
2026-08-29 21:00:59 - INFO - [ThreadPoolExecutor-0_1] - [ThreadPoolExecutor-0_1] Scraping product details: https://www.amazon.com/FNTCASE-iPhone-15-Case-Matte/dp/B0DFH8SNK5/ref=sr_1_5?dib=eyJ2IjoiMSJ9._7YPj_...
2026-08-29 21:01:00 - INFO - [ThreadPoolExecutor-0_0] - [ThreadPoolExecutor-0_0] Scraping reviews...
2026-08-29 21:01:06 - WARNING - [ThreadPoolExecutor-0_2] - [ThreadPoolExecutor-0_2] No reviews found
2026-08-29 21:01:09 - INFO - [ThreadPoolExecutor-0_2] - [ThreadPoolExecutor-0_2] [4/16] Garmin vívoactive® 5, Health & Fitness G...
2026-08-29 21:01:09 - INFO - [ThreadPoolExecutor-0_2] - [ThreadPoolExecutor-0_2] Scraping product details: https://www.amazon.com/Garmin-v%C3%ADvoactive-Fitness-Smartwatch-Display/dp/B0CG6NBJ61/ref=sr_1_4?di...
2026-08-29 21:01:09 - INFO - [ThreadPoolExecutor-0_1] - [ThreadPoolExecutor-0_1] Scraping reviews...
2026-08-29 21:01:10 - INFO - [ThreadPoolExecutor-0_0] - [ThreadPoolExecutor-0_0] Found 13 reviews
2026-08-29 21:01:10 - INFO - [ThreadPoolExecutor-0_0] - [ThreadPoolExecutor-0_0] Scraped 13 reviews
2026-08-29 21:01:15 - INFO - [ThreadPoolExecutor-0_0] - [ThreadPoolExecutor-0_0] [8/16] Razer BlackWidow V4 X Mechanical Gaming ...
2026-08-29 21:01:15 - INFO - [ThreadPoolExecutor-0_0] - [ThreadPoolExecutor-0_0] Scraping product details: https://www.amazon.com/Razer-BlackWidow-Mechanical-Doubleshot-Stabilizers/dp/B0C8QYB8W6/ref=sr_1_8?d...
2026-08-29 21:01:17 - INFO - [ThreadPoolExecutor-0_1] - [ThreadPoolExecutor-0_1] Found 13 reviews
2026-08-29 21:01:17 - INFO - [ThreadPoolExecutor-0_2] - [ThreadPoolExecutor-0_2] Scraping reviews...
2026-08-29 21:01:17 - INFO - [ThreadPoolExecutor-0_1] - [ThreadPoolExecutor-0_1] Scraped 13 reviews
2026-08-29 21:01:20 - INFO - [ThreadPoolExecutor-0_1] - [ThreadPoolExecutor-0_1] [6/16] miracase for iPhone 17e Case & iPhone 16...
2026-08-29 21:01:20 - INFO - [ThreadPoolExecutor-0_1] - [ThreadPoolExecutor-0_1] Scraping product details: https://www.amazon.com/Miracase-Magnetic-Full-Body-Protector-Compatible/dp/B0F1TNK61D/ref=sr_1_6?dib...
2026-08-29 21:01:24 - INFO - [ThreadPoolExecutor-0_0] - [ThreadPoolExecutor-0_0] Scraping reviews...
2026-08-29 21:01:28 - INFO - [ThreadPoolExecutor-0_2] - [ThreadPoolExecutor-0_2] Found 8 reviews
2026-08-29 21:01:28 - INFO - [ThreadPoolExecutor-0_2] - [ThreadPoolExecutor-0_2] Scraped 8 reviews
2026-08-29 21:01:30 - INFO - [ThreadPoolExecutor-0_2] - [ThreadPoolExecutor-0_2] [5/16] Smart Watch for Men Women (Answer/Make C...
2026-08-29 21:01:30 - INFO - [ThreadPoolExecutor-0_2] - [ThreadPoolExecutor-0_2] Scraping product details: https://www.amazon.com/Touchscreen-Fitness-Tracker-Waterproof-Smartwatch/dp/B0FWR4VJ87/ref=sr_1_5?di...
2026-08-29 21:01:32 - INFO - [ThreadPoolExecutor-0_1] - [ThreadPoolExecutor-0_1] Scraping reviews...
2026-08-29 21:01:35 - INFO - [ThreadPoolExecutor-0_0] - [ThreadPoolExecutor-0_0] Found 13 reviews
2026-08-29 21:01:35 - INFO - [ThreadPoolExecutor-0_0] - [ThreadPoolExecutor-0_0] Scraped 13 reviews
2026-08-29 21:01:37 - INFO - [ThreadPoolExecutor-0_0] - [ThreadPoolExecutor-0_0] [9/16] Kisnt KN85 Wireless Mechanical Keyboard,...
2026-08-29 21:01:37 - INFO - [ThreadPoolExecutor-0_0] - [ThreadPoolExecutor-0_0] Scraping product details: https://www.amazon.com/Kisnt-Wireless-Mechanical-Bluetooth-Swappable/dp/B0DBZGH5XM/ref=sr_1_9?dib=ey...
2026-08-29 21:01:40 - INFO - [ThreadPoolExecutor-0_2] - [ThreadPoolExecutor-0_2] Scraping reviews...
2026-08-29 21:01:44 - INFO - [ThreadPoolExecutor-0_1] - [ThreadPoolExecutor-0_1] Found 13 reviews
2026-08-29 21:01:44 - INFO - [ThreadPoolExecutor-0_1] - [ThreadPoolExecutor-0_1] Scraped 13 reviews
2026-08-29 21:01:49 - INFO - [ThreadPoolExecutor-0_1] - [ThreadPoolExecutor-0_1] [7/16] SUPFINE Magnetic for iPhone 15 Pro Max C...
2026-08-29 21:01:49 - INFO - [ThreadPoolExecutor-0_1] - [ThreadPoolExecutor-0_1] Scraping product details: https://www.amazon.com/SUPFINE-iPhone-15-Pro-Max/dp/B0DH22XH5Y/ref=sr_1_7?dib=eyJ2IjoiMSJ9._7YPj_JmC...
2026-08-29 21:01:50 - INFO - [ThreadPoolExecutor-0_0] - [ThreadPoolExecutor-0_0] Scraping reviews...
2026-08-29 21:01:50 - INFO - [ThreadPoolExecutor-0_2] - [ThreadPoolExecutor-0_2] Found 13 reviews
2026-08-29 21:01:50 - INFO - [ThreadPoolExecutor-0_2] - [ThreadPoolExecutor-0_2] Scraped 13 reviews
2026-08-29 21:01:55 - INFO - [ThreadPoolExecutor-0_2] - [ThreadPoolExecutor-0_2] [6/16] Amazfit Bip 6 Smart Watch, 1.97" AMOLED ...
2026-08-29 21:01:55 - INFO - [ThreadPoolExecutor-0_2] - [ThreadPoolExecutor-0_2] Scraping product details: https://www.amazon.com/Amazfit-Battery-Display-Bluetooth-Water-Resistance/dp/B0DYJKTHYF/ref=sr_1_6?d...
2026-08-29 21:01:59 - INFO - [ThreadPoolExecutor-0_1] - [ThreadPoolExecutor-0_1] Scraping reviews...
2026-08-29 21:02:01 - INFO - [ThreadPoolExecutor-0_0] - [ThreadPoolExecutor-0_0] Found 13 reviews
2026-08-29 21:02:01 - INFO - [ThreadPoolExecutor-0_0] - [ThreadPoolExecutor-0_0] Scraped 13 reviews
2026-08-29 21:02:03 - INFO - [ThreadPoolExecutor-0_0] - [ThreadPoolExecutor-0_0] [10/16] AULA S99 Gaming Keyboard, Wireless Green...
2026-08-29 21:02:03 - INFO - [ThreadPoolExecutor-0_0] - [ThreadPoolExecutor-0_0] Scraping product details: https://www.amazon.com/AULA-S99-Keyboards-Bluetooth-Programmable/dp/B0DZ28ZGYL/ref=sr_1_10?dib=eyJ2I...
2026-08-29 21:02:05 - INFO - [ThreadPoolExecutor-0_2] - [ThreadPoolExecutor-0_2] Scraping reviews...
2026-08-29 21:02:09 - INFO - [ThreadPoolExecutor-0_1] - [ThreadPoolExecutor-0_1] Found 13 reviews
2026-08-29 21:02:09 - INFO - [ThreadPoolExecutor-0_1] - [ThreadPoolExecutor-0_1] Scraped 13 reviews
2026-08-29 21:02:12 - INFO - [ThreadPoolExecutor-0_1] - [ThreadPoolExecutor-0_1] [8/16] OtterBox iPhone 12 & iPhone 12 Pro Commu...
2026-08-29 21:02:12 - INFO - [ThreadPoolExecutor-0_1] - [ThreadPoolExecutor-0_1] Scraping product details: https://www.amazon.com/OtterBox-Commuter-Case-iPhone-Pro/dp/B08DY8GJN4/ref=sr_1_8?dib=eyJ2IjoiMSJ9._...
2026-08-29 21:02:13 - INFO - [ThreadPoolExecutor-0_0] - [ThreadPoolExecutor-0_0] Scraping reviews...
2026-08-29 21:02:16 - INFO - [ThreadPoolExecutor-0_2] - [ThreadPoolExecutor-0_2] Found 13 reviews
2026-08-29 21:02:16 - INFO - [ThreadPoolExecutor-0_2] - [ThreadPoolExecutor-0_2] Scraped 13 reviews
2026-08-29 21:02:19 - INFO - [ThreadPoolExecutor-0_2] - [ThreadPoolExecutor-0_2] [7/16] Smart Watch for Men Women with Alexa Bui...
2026-08-29 21:02:19 - INFO - [ThreadPoolExecutor-0_2] - [ThreadPoolExecutor-0_2] Scraping product details: https://www.amazon.com/Bluetooth-Calling-Fitness-Tracker-Water-Resistant/dp/B0HBQ5M712/ref=sr_1_7?di...
2026-08-29 21:02:23 - INFO - [ThreadPoolExecutor-0_1] - [ThreadPoolExecutor-0_1] Scraping reviews...
2026-08-29 21:02:25 - INFO - [ThreadPoolExecutor-0_0] - [ThreadPoolExecutor-0_0] Found 13 reviews
2026-08-29 21:02:25 - INFO - [ThreadPoolExecutor-0_0] - [ThreadPoolExecutor-0_0] Scraped 13 reviews
2026-08-29 21:02:27 - INFO - [ThreadPoolExecutor-0_2] - [ThreadPoolExecutor-0_2] Scraping reviews...
2026-08-29 21:02:28 - INFO - [ThreadPoolExecutor-0_0] - [ThreadPoolExecutor-0_0] [11/16] RK ROYAL KLUDGE R98 Pro Wired Mechanical...
2026-08-29 21:02:28 - INFO - [ThreadPoolExecutor-0_0] - [ThreadPoolExecutor-0_0] Scraping product details: https://www.amazon.com/RK-ROYAL-KLUDGE-R98-Pro/dp/B0DWMX5TXV/ref=sr_1_11?dib=eyJ2IjoiMSJ9.rCrDrLnqiu...
2026-08-29 21:02:33 - INFO - [ThreadPoolExecutor-0_1] - [ThreadPoolExecutor-0_1] Found 13 reviews
2026-08-29 21:02:33 - INFO - [ThreadPoolExecutor-0_1] - [ThreadPoolExecutor-0_1] Scraped 13 reviews
2026-08-29 21:02:36 - INFO - [ThreadPoolExecutor-0_0] - [ThreadPoolExecutor-0_0] Scraping reviews...
2026-08-29 21:02:37 - INFO - [ThreadPoolExecutor-0_1] - [ThreadPoolExecutor-0_1] [9/16] OtterBox iPhone 8/7 & SE (3rd/2nd Gen) C...
2026-08-29 21:02:37 - INFO - [ThreadPoolExecutor-0_1] - [ThreadPoolExecutor-0_1] Scraping product details: https://www.amazon.com/OtterBox-iPhone-3rd-2nd-Pocket-Friendly/dp/B01K6PAZ1M/ref=sr_1_9?dib=eyJ2Ijoi...
2026-08-29 21:02:37 - INFO - [ThreadPoolExecutor-0_2] - [ThreadPoolExecutor-0_2] Found 8 reviews
2026-08-29 21:02:37 - INFO - [ThreadPoolExecutor-0_2] - [ThreadPoolExecutor-0_2] Scraped 8 reviews
2026-08-29 21:02:40 - INFO - [ThreadPoolExecutor-0_2] - [ThreadPoolExecutor-0_2] [8/16] Garmin Forerunner 55, GPS Running Watch ...
2026-08-29 21:02:40 - INFO - [ThreadPoolExecutor-0_2] - [ThreadPoolExecutor-0_2] Scraping product details: https://www.amazon.com/Garmin-Forerunner-Running-Suggested-Workouts/dp/B092RCLKHN/ref=sr_1_8?dib=eyJ...
2026-08-29 21:02:46 - INFO - [ThreadPoolExecutor-0_0] - [ThreadPoolExecutor-0_0] Found 13 reviews
2026-08-29 21:02:46 - INFO - [ThreadPoolExecutor-0_0] - [ThreadPoolExecutor-0_0] Scraped 13 reviews
2026-08-29 21:02:48 - INFO - [ThreadPoolExecutor-0_1] - [ThreadPoolExecutor-0_1] Scraping reviews...
2026-08-29 21:02:49 - INFO - [ThreadPoolExecutor-0_0] - [ThreadPoolExecutor-0_0] [12/16] Cherry KC 200 MX Wired Mechanical Office...
2026-08-29 21:02:49 - INFO - [ThreadPoolExecutor-0_0] - [ThreadPoolExecutor-0_0] Scraping product details: https://www.amazon.com/Cherry-Mechanical-Office-Keyboard-switches/dp/B0CLH89X2K/ref=sr_1_12?dib=eyJ2...
2026-08-29 21:02:51 - INFO - [ThreadPoolExecutor-0_2] - [ThreadPoolExecutor-0_2] Scraping reviews...
2026-08-29 21:02:55 - INFO - [ThreadPoolExecutor-0_0] - [ThreadPoolExecutor-0_0] Scraping reviews...
2026-08-29 21:03:00 - INFO - [ThreadPoolExecutor-0_2] - [ThreadPoolExecutor-0_2] Found 13 reviews
2026-08-29 21:03:00 - INFO - [ThreadPoolExecutor-0_2] - [ThreadPoolExecutor-0_2] Scraped 13 reviews
2026-08-29 21:03:01 - INFO - [ThreadPoolExecutor-0_1] - [ThreadPoolExecutor-0_1] Found 13 reviews
2026-08-29 21:03:01 - INFO - [ThreadPoolExecutor-0_1] - [ThreadPoolExecutor-0_1] Scraped 13 reviews
2026-08-29 21:03:03 - INFO - [ThreadPoolExecutor-0_1] - [ThreadPoolExecutor-0_1] [10/16] FNTCASE for iPhone 16 Phone Case Compati...
2026-08-29 21:03:03 - INFO - [ThreadPoolExecutor-0_1] - [ThreadPoolExecutor-0_1] Scraping product details: https://www.amazon.com/FNTCASE-iPhone-16-Case-Transparent/dp/B0DB1B3GH6/ref=sr_1_10?dib=eyJ2IjoiMSJ9...
2026-08-29 21:03:04 - INFO - [ThreadPoolExecutor-0_2] - [ThreadPoolExecutor-0_2] [9/16] Smart Watch for Women, 1.85" HD Smartwat...
2026-08-29 21:03:04 - INFO - [ThreadPoolExecutor-0_2] - [ThreadPoolExecutor-0_2] Scraping product details: https://www.amazon.com/Smartwatch-Compatible-Samsung-Android-Waterproof/dp/B0FSKL8NH1/ref=sr_1_9?dib...
2026-08-29 21:03:08 - INFO - [ThreadPoolExecutor-0_0] - [ThreadPoolExecutor-0_0] Found 12 reviews
2026-08-29 21:03:08 - INFO - [ThreadPoolExecutor-0_0] - [ThreadPoolExecutor-0_0] Scraped 12 reviews
2026-08-29 21:03:12 - INFO - [ThreadPoolExecutor-0_0] - [ThreadPoolExecutor-0_0] [13/16] SteelSeries USB Apex 5 Hybrid Mechanical...
2026-08-29 21:03:12 - INFO - [ThreadPoolExecutor-0_0] - [ThreadPoolExecutor-0_0] Scraping product details: https://www.amazon.com/SteelSeries-Apex-Hybrid-Mechanical-Gaming-Keyboard/dp/B07ZGDD6B1/ref=sr_1_13?...
2026-08-29 21:03:13 - INFO - [ThreadPoolExecutor-0_1] - [ThreadPoolExecutor-0_1] Scraping reviews...
2026-08-29 21:03:16 - INFO - [ThreadPoolExecutor-0_2] - [ThreadPoolExecutor-0_2] Scraping reviews...
2026-08-29 21:03:20 - INFO - [ThreadPoolExecutor-0_0] - [ThreadPoolExecutor-0_0] Scraping reviews...
2026-08-29 21:03:23 - INFO - [ThreadPoolExecutor-0_1] - [ThreadPoolExecutor-0_1] Found 13 reviews
2026-08-29 21:03:23 - INFO - [ThreadPoolExecutor-0_1] - [ThreadPoolExecutor-0_1] Scraped 13 reviews
2026-08-29 21:03:25 - INFO - [ThreadPoolExecutor-0_2] - [ThreadPoolExecutor-0_2] Found 13 reviews
2026-08-29 21:03:25 - INFO - [ThreadPoolExecutor-0_2] - [ThreadPoolExecutor-0_2] Scraped 13 reviews
2026-08-29 21:03:28 - INFO - [ThreadPoolExecutor-0_1] - [ThreadPoolExecutor-0_1] [11/16] ESR for iPhone 14/13 Case for MagSafe, A...
2026-08-29 21:03:28 - INFO - [ThreadPoolExecutor-0_1] - [ThreadPoolExecutor-0_1] Scraping product details: https://www.amazon.com/ESR-iPhone-14-13-Anti-Yellowing/dp/B099JVC9HL/ref=sr_1_11?dib=eyJ2IjoiMSJ9._7...
2026-08-29 21:03:28 - INFO - [ThreadPoolExecutor-0_2] - [ThreadPoolExecutor-0_2] [10/16] SAMSUNG Galaxy FIT 3 [2024] 1.6" AMOLED ...
2026-08-29 21:03:28 - INFO - [ThreadPoolExecutor-0_2] - [ThreadPoolExecutor-0_2] Scraping product details: https://www.amazon.com/SAMSUNG-Display-Watchfaces-Exercise-International/dp/B0CW3VWC3X/ref=sr_1_10?d...
2026-08-29 21:03:32 - INFO - [ThreadPoolExecutor-0_0] - [ThreadPoolExecutor-0_0] Found 13 reviews
2026-08-29 21:03:32 - INFO - [ThreadPoolExecutor-0_0] - [ThreadPoolExecutor-0_0] Scraped 13 reviews
2026-08-29 21:03:35 - INFO - [ThreadPoolExecutor-0_0] - [ThreadPoolExecutor-0_0] [14/16] Redragon K521 Upgrade Rainbow LED Gaming...
2026-08-29 21:03:35 - INFO - [ThreadPoolExecutor-0_0] - [ThreadPoolExecutor-0_0] Scraping product details: https://www.amazon.com/Redragon-K521-Mechanical-Multimedia-Anti-Ghosting/dp/B0DRFGNWV1/ref=sr_1_14?d...
2026-08-29 21:03:36 - INFO - [ThreadPoolExecutor-0_1] - [ThreadPoolExecutor-0_1] Scraping reviews...
2026-08-29 21:03:36 - INFO - [ThreadPoolExecutor-0_2] - [ThreadPoolExecutor-0_2] Scraping reviews...
2026-08-29 21:03:43 - INFO - [ThreadPoolExecutor-0_0] - [ThreadPoolExecutor-0_0] Scraping reviews...
2026-08-29 21:03:47 - INFO - [ThreadPoolExecutor-0_2] - [ThreadPoolExecutor-0_2] Found 13 reviews
2026-08-29 21:03:47 - INFO - [ThreadPoolExecutor-0_2] - [ThreadPoolExecutor-0_2] Scraped 13 reviews
2026-08-29 21:03:48 - INFO - [ThreadPoolExecutor-0_1] - [ThreadPoolExecutor-0_1] Found 13 reviews
2026-08-29 21:03:48 - INFO - [ThreadPoolExecutor-0_1] - [ThreadPoolExecutor-0_1] Scraped 13 reviews
2026-08-29 21:03:51 - INFO - [ThreadPoolExecutor-0_0] - [ThreadPoolExecutor-0_0] Found 13 reviews
2026-08-29 21:03:51 - INFO - [ThreadPoolExecutor-0_0] - [ThreadPoolExecutor-0_0] Scraped 13 reviews
2026-08-29 21:03:52 - INFO - [ThreadPoolExecutor-0_2] - [ThreadPoolExecutor-0_2] [11/16] Amazfit Active Max Smart Watch, 1.5" AMO...
2026-08-29 21:03:52 - INFO - [ThreadPoolExecutor-0_2] - [ThreadPoolExecutor-0_2] Scraping product details: https://www.amazon.com/Amazfit-Display-Battery-Offline-Resistant/dp/B0G4F6ZCSV/ref=sr_1_11?dib=eyJ2I...
2026-08-29 21:03:52 - INFO - [ThreadPoolExecutor-0_1] - [ThreadPoolExecutor-0_1] [12/16] Cute Phone Case for iPhone 16 Pro Case C...
2026-08-29 21:03:52 - INFO - [ThreadPoolExecutor-0_1] - [ThreadPoolExecutor-0_1] Scraping product details: https://www.amazon.com/XQAGU-iPhone-16-Protective-Aesthetic-Brown/dp/B0DM6HGJNS/ref=sr_1_12?dib=eyJ2...
2026-08-29 21:03:56 - INFO - [ThreadPoolExecutor-0_0] - [ThreadPoolExecutor-0_0] [15/16] RK ROYAL KLUDGE S98 Wireless Mechanical ...
2026-08-29 21:03:56 - INFO - [ThreadPoolExecutor-0_0] - [ThreadPoolExecutor-0_0] Scraping product details: https://www.amazon.com/RK-ROYAL-KLUDGE-Mechanical-Swappable/dp/B0CQ2MSP2B/ref=sr_1_15?dib=eyJ2IjoiMS...
2026-08-29 21:03:59 - INFO - [ThreadPoolExecutor-0_1] - [ThreadPoolExecutor-0_1] Scraping reviews...
2026-08-29 21:04:00 - INFO - [ThreadPoolExecutor-0_2] - [ThreadPoolExecutor-0_2] Scraping reviews...
2026-08-29 21:04:06 - INFO - [ThreadPoolExecutor-0_0] - [ThreadPoolExecutor-0_0] Scraping reviews...
2026-08-29 21:04:12 - INFO - [ThreadPoolExecutor-0_2] - [ThreadPoolExecutor-0_2] Found 13 reviews
2026-08-29 21:04:12 - INFO - [ThreadPoolExecutor-0_2] - [ThreadPoolExecutor-0_2] Scraped 13 reviews
2026-08-29 21:04:12 - INFO - [ThreadPoolExecutor-0_1] - [ThreadPoolExecutor-0_1] Found 8 reviews
2026-08-29 21:04:12 - INFO - [ThreadPoolExecutor-0_1] - [ThreadPoolExecutor-0_1] Scraped 8 reviews
2026-08-29 21:04:16 - INFO - [ThreadPoolExecutor-0_1] - [ThreadPoolExecutor-0_1] [13/16] ESR for iPhone 15 Pro Case for MagSafe, ...
2026-08-29 21:04:16 - INFO - [ThreadPoolExecutor-0_1] - [ThreadPoolExecutor-0_1] Scraping product details: https://www.amazon.com/ESR-iPhone-Pro-Military-Grade-Scratch-Resistant/dp/B0CC1F5CGH/ref=sr_1_13?dib...
2026-08-29 21:04:16 - INFO - [ThreadPoolExecutor-0_2] - [ThreadPoolExecutor-0_2] [12/16] Samsung Galaxy Watch 8 (2025), Graphite,...
2026-08-29 21:04:16 - INFO - [ThreadPoolExecutor-0_2] - [ThreadPoolExecutor-0_2] Scraping product details: https://www.amazon.com/Samsung-Bluetooth-Smartwatch-Coaching-Tracking/dp/B0F7QD4HSD/ref=sr_1_12?dib=...
2026-08-29 21:04:18 - INFO - [ThreadPoolExecutor-0_0] - [ThreadPoolExecutor-0_0] Found 13 reviews
2026-08-29 21:04:18 - INFO - [ThreadPoolExecutor-0_0] - [ThreadPoolExecutor-0_0] Scraped 13 reviews
2026-08-29 21:04:21 - INFO - [ThreadPoolExecutor-0_0] - [ThreadPoolExecutor-0_0] [16/16] AULA WIN68 HE Mechanical Gaming Keyboard...
2026-08-29 21:04:21 - INFO - [ThreadPoolExecutor-0_0] - [ThreadPoolExecutor-0_0] Scraping product details: https://www.amazon.com/AULA-Mechanical-Keyboard-Adjustable-Actuation/dp/B0DT43NNNF/ref=sr_1_16?dib=e...
2026-08-29 21:04:26 - INFO - [ThreadPoolExecutor-0_1] - [ThreadPoolExecutor-0_1] Scraping reviews...
2026-08-29 21:04:27 - INFO - [ThreadPoolExecutor-0_2] - [ThreadPoolExecutor-0_2] Scraping reviews...
2026-08-29 21:04:31 - INFO - [ThreadPoolExecutor-0_0] - [ThreadPoolExecutor-0_0] Scraping reviews...
2026-08-29 21:04:36 - INFO - [ThreadPoolExecutor-0_2] - [ThreadPoolExecutor-0_2] Found 13 reviews
2026-08-29 21:04:37 - INFO - [ThreadPoolExecutor-0_2] - [ThreadPoolExecutor-0_2] Scraped 13 reviews
2026-08-29 21:04:37 - INFO - [ThreadPoolExecutor-0_1] - [ThreadPoolExecutor-0_1] Found 13 reviews
2026-08-29 21:04:37 - INFO - [ThreadPoolExecutor-0_1] - [ThreadPoolExecutor-0_1] Scraped 13 reviews
2026-08-29 21:04:39 - INFO - [ThreadPoolExecutor-0_1] - [ThreadPoolExecutor-0_1] [14/16] OtterBox iPhone 13 (ONLY) Commuter Serie...
2026-08-29 21:04:39 - INFO - [ThreadPoolExecutor-0_1] - [ThreadPoolExecutor-0_1] Scraping product details: https://www.amazon.com/OtterBox-Commuter-iPhone-Pocket-Friendly-Protection/dp/B09D51Z5TR/ref=sr_1_14...
2026-08-29 21:04:41 - INFO - [ThreadPoolExecutor-0_2] - [ThreadPoolExecutor-0_2] [13/16] SAMSUNG Galaxy FIT 3 [2025, 40MM] 1.6" A...
2026-08-29 21:04:41 - INFO - [ThreadPoolExecutor-0_2] - [ThreadPoolExecutor-0_2] Scraping product details: https://www.amazon.com/SAMSUNG-Resistant-Watchfaces-Exercise-International/dp/B0CTCLBST5/ref=sr_1_13...
2026-08-29 21:04:43 - INFO - [ThreadPoolExecutor-0_0] - [ThreadPoolExecutor-0_0] Found 13 reviews
2026-08-29 21:04:43 - INFO - [ThreadPoolExecutor-0_0] - [ThreadPoolExecutor-0_0] Scraped 13 reviews
2026-08-29 21:04:43 - INFO - [ThreadPoolExecutor-0_0] - [ThreadPoolExecutor-0_0] Completed 'mechanical keyboard': 16 products, 207 reviews
2026-08-29 21:04:43 - INFO - [ThreadPoolExecutor-0_0] - ✓ mechanical keyboard: 16 products, 207 reviews
2026-08-29 21:04:44 - INFO - [ThreadPoolExecutor-0_0] - [ThreadPoolExecutor-0_0] WebDriver closed
2026-08-29 21:04:44 - INFO - [ThreadPoolExecutor-0_0] - [ThreadPoolExecutor-0_0] [7/28] Processing: portable charger
2026-08-29 21:04:44 - INFO - [ThreadPoolExecutor-0_0] - [ThreadPoolExecutor-0_0] Creating Chrome driver...
2026-08-29 21:04:46 - INFO - [ThreadPoolExecutor-0_0] - [ThreadPoolExecutor-0_0] Chrome driver created successfully
2026-08-29 21:04:46 - INFO - [ThreadPoolExecutor-0_0] - Created new driver for thread: ThreadPoolExecutor-0_0
2026-08-29 21:04:46 - INFO - [ThreadPoolExecutor-0_0] - [ThreadPoolExecutor-0_0] Searching: https://www.amazon.com/s?k=portable+charger
2026-08-29 21:04:48 - INFO - [ThreadPoolExecutor-0_1] - [ThreadPoolExecutor-0_1] Scraping reviews...
2026-08-29 21:04:49 - INFO - [ThreadPoolExecutor-0_2] - [ThreadPoolExecutor-0_2] Scraping reviews...
2026-08-29 21:04:56 - INFO - [ThreadPoolExecutor-0_0] - Found 16 products in search results
2026-08-29 21:04:56 - INFO - [ThreadPoolExecutor-0_0] - [ThreadPoolExecutor-0_0] Found 16 products for: portable charger
2026-08-29 21:04:56 - INFO - [ThreadPoolExecutor-0_0] - [ThreadPoolExecutor-0_0] [1/16] for Magsafe Portable Charger, 10000mAh P...
2026-08-29 21:04:56 - INFO - [ThreadPoolExecutor-0_0] - [ThreadPoolExecutor-0_0] Scraping product details: https://www.amazon.com/Nepagz-Magsafe-Portable-Charger-10000mAh/dp/B0GSGCXMYT/ref=sr_1_1?dib=eyJ2Ijo...
2026-08-29 21:05:00 - INFO - [ThreadPoolExecutor-0_2] - [ThreadPoolExecutor-0_2] Found 13 reviews
2026-08-29 21:05:00 - INFO - [ThreadPoolExecutor-0_2] - [ThreadPoolExecutor-0_2] Scraped 13 reviews
2026-08-29 21:05:01 - INFO - [ThreadPoolExecutor-0_1] - [ThreadPoolExecutor-0_1] Found 13 reviews
2026-08-29 21:05:01 - INFO - [ThreadPoolExecutor-0_1] - [ThreadPoolExecutor-0_1] Scraped 13 reviews
2026-08-29 21:05:04 - INFO - [ThreadPoolExecutor-0_2] - [ThreadPoolExecutor-0_2] [14/16] Garmin Venu® 3S, Premium Fitness Smartwa...
2026-08-29 21:05:04 - INFO - [ThreadPoolExecutor-0_2] - [ThreadPoolExecutor-0_2] Scraping product details: https://www.amazon.com/Garmin-Premium-Fitness-Smartwatch-French/dp/B0CDC6Y617/ref=sr_1_14?dib=eyJ2Ij...
2026-08-29 21:05:05 - INFO - [ThreadPoolExecutor-0_1] - [ThreadPoolExecutor-0_1] [15/16] ESR for iPhone 15 Case for MagSafe, Anti...
2026-08-29 21:05:05 - INFO - [ThreadPoolExecutor-0_1] - [ThreadPoolExecutor-0_1] Scraping product details: https://www.amazon.com/ESR-iPhone-15-Military-Grade-Scratch-Resistant/dp/B0CC1FTGMB/ref=sr_1_15?dib=...
2026-08-29 21:05:06 - INFO - [ThreadPoolExecutor-0_0] - [ThreadPoolExecutor-0_0] Scraping reviews...
2026-08-29 21:05:10 - INFO - [ThreadPoolExecutor-0_1] - [ThreadPoolExecutor-0_1] Scraping reviews...
2026-08-29 21:05:14 - INFO - [ThreadPoolExecutor-0_2] - [ThreadPoolExecutor-0_2] Scraping reviews...
2026-08-29 21:05:15 - INFO - [ThreadPoolExecutor-0_0] - [ThreadPoolExecutor-0_0] Found 8 reviews
2026-08-29 21:05:15 - INFO - [ThreadPoolExecutor-0_0] - [ThreadPoolExecutor-0_0] Scraped 8 reviews
2026-08-29 21:05:18 - INFO - [ThreadPoolExecutor-0_0] - [ThreadPoolExecutor-0_0] [2/16] UGREEN 10000mAh 22.5W PD3.0 Compact Powe...
2026-08-29 21:05:18 - INFO - [ThreadPoolExecutor-0_0] - [ThreadPoolExecutor-0_0] Scraping product details: https://www.amazon.com/UGREEN-10000mAh-Compact-Portable-Charging/dp/B0DZ1TGX6T/ref=sr_1_2?dib=eyJ2Ij...
2026-08-29 21:05:23 - INFO - [ThreadPoolExecutor-0_1] - [ThreadPoolExecutor-0_1] Found 13 reviews
2026-08-29 21:05:23 - INFO - [ThreadPoolExecutor-0_1] - [ThreadPoolExecutor-0_1] Scraped 13 reviews
2026-08-29 21:05:26 - INFO - [ThreadPoolExecutor-0_0] - [ThreadPoolExecutor-0_0] Scraping reviews...
2026-08-29 21:05:27 - INFO - [ThreadPoolExecutor-0_2] - [ThreadPoolExecutor-0_2] Found 13 reviews
2026-08-29 21:05:27 - INFO - [ThreadPoolExecutor-0_2] - [ThreadPoolExecutor-0_2] Scraped 13 reviews
2026-08-29 21:05:27 - INFO - [ThreadPoolExecutor-0_1] - [ThreadPoolExecutor-0_1] [16/16] OtterBox iPhone 15 Pro Commuter Series C...
2026-08-29 21:05:27 - INFO - [ThreadPoolExecutor-0_1] - [ThreadPoolExecutor-0_1] Scraping product details: https://www.amazon.com/OtterBox-iPhone-Only-Commuter-Case/dp/B0CGCFJ33Y/ref=sr_1_16?dib=eyJ2IjoiMSJ9...
2026-08-29 21:05:29 - INFO - [ThreadPoolExecutor-0_2] - [ThreadPoolExecutor-0_2] [15/16] Garmin Forerunner® 165, Running Smartwat...
2026-08-29 21:05:29 - INFO - [ThreadPoolExecutor-0_2] - [ThreadPoolExecutor-0_2] Scraping product details: https://www.amazon.com/Garmin-Forerunner-Smartwatch-Colorful-Training/dp/B0CT3SGHXL/ref=sr_1_15?dib=...
2026-08-29 21:05:35 - INFO - [ThreadPoolExecutor-0_1] - [ThreadPoolExecutor-0_1] Scraping reviews...
2026-08-29 21:05:37 - INFO - [ThreadPoolExecutor-0_2] - [ThreadPoolExecutor-0_2] Scraping reviews...
2026-08-29 21:05:37 - INFO - [ThreadPoolExecutor-0_0] - [ThreadPoolExecutor-0_0] Found 13 reviews
2026-08-29 21:05:37 - INFO - [ThreadPoolExecutor-0_0] - [ThreadPoolExecutor-0_0] Scraped 13 reviews
2026-08-29 21:05:42 - INFO - [ThreadPoolExecutor-0_0] - [ThreadPoolExecutor-0_0] [3/16] UGREEN Nexode 20000mAh 130W Portable PD ...
2026-08-29 21:05:42 - INFO - [ThreadPoolExecutor-0_0] - [ThreadPoolExecutor-0_0] Scraping product details: https://www.amazon.com/UGREEN-20000mAh-Portable-Charger-Charging/dp/B0CXHNGDC1/ref=sr_1_3?dib=eyJ2Ij...
2026-08-29 21:05:45 - INFO - [ThreadPoolExecutor-0_1] - [ThreadPoolExecutor-0_1] Found 13 reviews
2026-08-29 21:05:45 - INFO - [ThreadPoolExecutor-0_1] - [ThreadPoolExecutor-0_1] Scraped 13 reviews
2026-08-29 21:05:45 - INFO - [ThreadPoolExecutor-0_1] - [ThreadPoolExecutor-0_1] Completed 'phone case': 16 products, 203 reviews
2026-08-29 21:05:45 - INFO - [ThreadPoolExecutor-0_1] - ✓ phone case: 16 products, 203 reviews
2026-08-29 21:05:46 - INFO - [ThreadPoolExecutor-0_1] - [ThreadPoolExecutor-0_1] WebDriver closed
2026-08-29 21:05:46 - INFO - [ThreadPoolExecutor-0_1] - [ThreadPoolExecutor-0_1] [8/28] Processing: webcam HD
2026-08-29 21:05:46 - INFO - [ThreadPoolExecutor-0_1] - [ThreadPoolExecutor-0_1] Creating Chrome driver...
2026-08-29 21:05:48 - INFO - [ThreadPoolExecutor-0_1] - [ThreadPoolExecutor-0_1] Chrome driver created successfully
2026-08-29 21:05:48 - INFO - [ThreadPoolExecutor-0_1] - Created new driver for thread: ThreadPoolExecutor-0_1
2026-08-29 21:05:48 - INFO - [ThreadPoolExecutor-0_1] - [ThreadPoolExecutor-0_1] Searching: https://www.amazon.com/s?k=webcam+HD
2026-08-29 21:05:50 - INFO - [ThreadPoolExecutor-0_2] - [ThreadPoolExecutor-0_2] Found 13 reviews
2026-08-29 21:05:50 - INFO - [ThreadPoolExecutor-0_2] - [ThreadPoolExecutor-0_2] Scraped 13 reviews
2026-08-29 21:05:50 - INFO - [ThreadPoolExecutor-0_0] - [ThreadPoolExecutor-0_0] Scraping reviews...
2026-08-29 21:05:54 - INFO - [ThreadPoolExecutor-0_2] - [ThreadPoolExecutor-0_2] [16/16] Samsung Galaxy Watch 8 Classic (2025), W...
2026-08-29 21:05:54 - INFO - [ThreadPoolExecutor-0_2] - [ThreadPoolExecutor-0_2] Scraping product details: https://www.amazon.com/Samsung-Bluetooth-Smartwatch-Rotating-Coaching/dp/B0F7Q5RB96/ref=sr_1_16?dib=...
2026-08-29 21:06:00 - INFO - [ThreadPoolExecutor-0_0] - [ThreadPoolExecutor-0_0] Found 13 reviews
2026-08-29 21:06:00 - INFO - [ThreadPoolExecutor-0_0] - [ThreadPoolExecutor-0_0] Scraped 13 reviews
2026-08-29 21:06:01 - INFO - [ThreadPoolExecutor-0_1] - Found 16 products in search results
2026-08-29 21:06:01 - INFO - [ThreadPoolExecutor-0_1] - [ThreadPoolExecutor-0_1] Found 16 products for: webcam HD
2026-08-29 21:06:01 - INFO - [ThreadPoolExecutor-0_1] - [ThreadPoolExecutor-0_1] [1/16] TRAUSI 1080P FHD Webcam with Noise-Cance...
2026-08-29 21:06:01 - INFO - [ThreadPoolExecutor-0_1] - [ThreadPoolExecutor-0_1] Scraping product details: https://www.amazon.com/TRAUSI-Noise-Canceling-Correction-Compatible-Streaming/dp/B0H48V9BDW/ref=sr_1...
2026-08-29 21:06:04 - INFO - [ThreadPoolExecutor-0_2] - [ThreadPoolExecutor-0_2] Scraping reviews...
2026-08-29 21:06:04 - INFO - [ThreadPoolExecutor-0_0] - [ThreadPoolExecutor-0_0] [4/16] Portable Charger with Built-in Lightning...
2026-08-29 21:06:04 - INFO - [ThreadPoolExecutor-0_0] - [ThreadPoolExecutor-0_0] Scraping product details: https://www.amazon.com/Portable-Charger-Lightning-Connector-Compatible/dp/B0FTL9CR3T/ref=sr_1_4?dib=...
2026-08-29 21:06:12 - INFO - [ThreadPoolExecutor-0_0] - [ThreadPoolExecutor-0_0] Scraping reviews...
2026-08-29 21:06:12 - INFO - [ThreadPoolExecutor-0_1] - [ThreadPoolExecutor-0_1] Scraping reviews...
2026-08-29 21:06:16 - INFO - [ThreadPoolExecutor-0_2] - [ThreadPoolExecutor-0_2] Found 12 reviews
2026-08-29 21:06:16 - INFO - [ThreadPoolExecutor-0_2] - [ThreadPoolExecutor-0_2] Scraped 12 reviews
2026-08-29 21:06:16 - INFO - [ThreadPoolExecutor-0_2] - [ThreadPoolExecutor-0_2] Completed 'smartwatch': 16 products, 176 reviews
2026-08-29 21:06:16 - INFO - [ThreadPoolExecutor-0_2] - ✓ smartwatch: 16 products, 176 reviews
2026-08-29 21:06:16 - INFO - [ThreadPoolExecutor-0_2] - [ThreadPoolExecutor-0_2] WebDriver closed
2026-08-29 21:06:16 - INFO - [ThreadPoolExecutor-0_2] - [ThreadPoolExecutor-0_2] [9/28] Processing: desk lamp LED
2026-08-29 21:06:16 - INFO - [ThreadPoolExecutor-0_2] - [ThreadPoolExecutor-0_2] Creating Chrome driver...
2026-08-29 21:06:18 - INFO - [ThreadPoolExecutor-0_2] - [ThreadPoolExecutor-0_2] Chrome driver created successfully
2026-08-29 21:06:18 - INFO - [ThreadPoolExecutor-0_2] - Created new driver for thread: ThreadPoolExecutor-0_2
2026-08-29 21:06:18 - INFO - [ThreadPoolExecutor-0_2] - [ThreadPoolExecutor-0_2] Searching: https://www.amazon.com/s?k=desk+lamp+LED
2026-08-29 21:06:22 - INFO - [ThreadPoolExecutor-0_0] - [ThreadPoolExecutor-0_0] Found 1 reviews
2026-08-29 21:06:22 - INFO - [ThreadPoolExecutor-0_0] - [ThreadPoolExecutor-0_0] Scraped 1 reviews
2026-08-29 21:06:23 - INFO - [ThreadPoolExecutor-0_1] - [ThreadPoolExecutor-0_1] Found 13 reviews
2026-08-29 21:06:23 - INFO - [ThreadPoolExecutor-0_1] - [ThreadPoolExecutor-0_1] Scraped 13 reviews
2026-08-29 21:06:26 - INFO - [ThreadPoolExecutor-0_0] - [ThreadPoolExecutor-0_0] [5/16] Power Bank Case for Anker MagGo 633/622/...
2026-08-29 21:06:26 - INFO - [ThreadPoolExecutor-0_0] - [ThreadPoolExecutor-0_0] Scraping product details: https://www.amazon.com/Magnetic-Foldable-Wireless-Portable-Delivery/dp/B0G4FQ6CZT/ref=sr_1_5?dib=eyJ...
2026-08-29 21:06:27 - INFO - [ThreadPoolExecutor-0_1] - [ThreadPoolExecutor-0_1] [2/16] Logitech C920x HD Pro PC Webcam Full 108...
2026-08-29 21:06:27 - INFO - [ThreadPoolExecutor-0_1] - [ThreadPoolExecutor-0_1] Scraping product details: https://www.amazon.com/Logitech-C920x-Pro-HD-Webcam/dp/B085TFF7M1/ref=sr_1_2?dib=eyJ2IjoiMSJ9.mp9fXJ...
2026-08-29 21:06:31 - INFO - [ThreadPoolExecutor-0_2] - Found 48 products in search results
2026-08-29 21:06:31 - INFO - [ThreadPoolExecutor-0_2] - [ThreadPoolExecutor-0_2] Found 30 products for: desk lamp LED
2026-08-29 21:06:31 - INFO - [ThreadPoolExecutor-0_2] - [ThreadPoolExecutor-0_2] [1/30] Airlonv LED Desk Lamp with Clamp, 17" St...
2026-08-29 21:06:31 - INFO - [ThreadPoolExecutor-0_2] - [ThreadPoolExecutor-0_2] Scraping product details: https://www.amazon.com/Airlonv-Clamp-Stepless-Dimming-Light/dp/B0C4JTPPYY/ref=sr_1_1?dib=eyJ2IjoiMSJ...
2026-08-29 21:06:34 - INFO - [ThreadPoolExecutor-0_0] - [ThreadPoolExecutor-0_0] Scraping reviews...
2026-08-29 21:06:36 - INFO - [ThreadPoolExecutor-0_1] - [ThreadPoolExecutor-0_1] Scraping reviews...
2026-08-29 21:06:44 - INFO - [ThreadPoolExecutor-0_2] - [ThreadPoolExecutor-0_2] Scraping reviews...
2026-08-29 21:06:45 - INFO - [ThreadPoolExecutor-0_0] - [ThreadPoolExecutor-0_0] Found 13 reviews
2026-08-29 21:06:45 - INFO - [ThreadPoolExecutor-0_0] - [ThreadPoolExecutor-0_0] Scraped 13 reviews
2026-08-29 21:06:47 - INFO - [ThreadPoolExecutor-0_1] - [ThreadPoolExecutor-0_1] Found 8 reviews
2026-08-29 21:06:47 - INFO - [ThreadPoolExecutor-0_1] - [ThreadPoolExecutor-0_1] Scraped 8 reviews
2026-08-29 21:06:48 - INFO - [ThreadPoolExecutor-0_0] - [ThreadPoolExecutor-0_0] [6/16] MagSafe 25W Wireless Charger for Apple M...
2026-08-29 21:06:48 - INFO - [ThreadPoolExecutor-0_0] - [ThreadPoolExecutor-0_0] Scraping product details: https://www.amazon.com/MagSafe-25W-Magnetic-Wireless-Charger/dp/B0GGPBR4YP/ref=sr_1_6?dib=eyJ2IjoiMS...
2026-08-29 21:06:49 - INFO - [ThreadPoolExecutor-0_1] - [ThreadPoolExecutor-0_1] [3/16] EMEET C960 1080P Webcam with Microphone,...
2026-08-29 21:06:49 - INFO - [ThreadPoolExecutor-0_1] - [ThreadPoolExecutor-0_1] Scraping product details: https://www.amazon.com/EMEET-Microphone-C960-2025-Version/dp/B0DSPJPRXD/ref=sr_1_3?dib=eyJ2IjoiMSJ9....
2026-08-29 21:06:55 - INFO - [ThreadPoolExecutor-0_0] - [ThreadPoolExecutor-0_0] Scraping reviews...
2026-08-29 21:06:56 - INFO - [ThreadPoolExecutor-0_2] - [ThreadPoolExecutor-0_2] Found 11 reviews
2026-08-29 21:06:56 - INFO - [ThreadPoolExecutor-0_2] - [ThreadPoolExecutor-0_2] Scraped 11 reviews
2026-08-29 21:06:59 - INFO - [ThreadPoolExecutor-0_2] - [ThreadPoolExecutor-0_2] [2/30] Pzloz Led Desk Lamp for Office Home - Ey...
2026-08-29 21:06:59 - INFO - [ThreadPoolExecutor-0_2] - [ThreadPoolExecutor-0_2] Scraping product details: https://www.amazon.com/Led-Desk-Lamp-Office-Home/dp/B0BRCJL4MM/ref=sr_1_2?dib=eyJ2IjoiMSJ9.EVV2qWZKQ...
2026-08-29 21:07:00 - INFO - [ThreadPoolExecutor-0_1] - [ThreadPoolExecutor-0_1] Scraping reviews...
2026-08-29 21:07:06 - INFO - [ThreadPoolExecutor-0_0] - [ThreadPoolExecutor-0_0] Found 13 reviews
2026-08-29 21:07:06 - INFO - [ThreadPoolExecutor-0_0] - [ThreadPoolExecutor-0_0] Scraped 13 reviews
2026-08-29 21:07:08 - INFO - [ThreadPoolExecutor-0_2] - [ThreadPoolExecutor-0_2] Scraping reviews...
2026-08-29 21:07:11 - INFO - [ThreadPoolExecutor-0_0] - [ThreadPoolExecutor-0_0] [7/16] NOCO GENIUS1 1A 6/12V Smart Battery Char...
2026-08-29 21:07:11 - INFO - [ThreadPoolExecutor-0_0] - [ThreadPoolExecutor-0_0] Scraping product details: https://www.amazon.com/NOCO-GENIUS1-Fully-Automatic-Temperature-Compensation/dp/B07W46BX31/ref=sr_1_...
2026-08-29 21:07:13 - INFO - [ThreadPoolExecutor-0_1] - [ThreadPoolExecutor-0_1] Found 8 reviews
2026-08-29 21:07:13 - INFO - [ThreadPoolExecutor-0_1] - [ThreadPoolExecutor-0_1] Scraped 8 reviews
2026-08-29 21:07:15 - INFO - [ThreadPoolExecutor-0_1] - [ThreadPoolExecutor-0_1] [4/16] Logitech C920S HD Pro Webcam Full 1080p/...
2026-08-29 21:07:15 - INFO - [ThreadPoolExecutor-0_1] - [ThreadPoolExecutor-0_1] Scraping product details: https://www.amazon.com/Logitech-C920S-Pro-HD-Webcam/dp/B07K986YLL/ref=sr_1_4?dib=eyJ2IjoiMSJ9.mp9fXJ...
2026-08-29 21:07:19 - INFO - [ThreadPoolExecutor-0_2] - [ThreadPoolExecutor-0_2] Found 13 reviews
2026-08-29 21:07:19 - INFO - [ThreadPoolExecutor-0_2] - [ThreadPoolExecutor-0_2] Scraped 13 reviews
2026-08-29 21:07:20 - INFO - [ThreadPoolExecutor-0_0] - [ThreadPoolExecutor-0_0] Scraping reviews...
2026-08-29 21:07:23 - INFO - [ThreadPoolExecutor-0_2] - [ThreadPoolExecutor-0_2] [3/30] Voncerus LED Desk Lamp with Clamp, Clip ...
2026-08-29 21:07:23 - INFO - [ThreadPoolExecutor-0_2] - [ThreadPoolExecutor-0_2] Scraping product details: https://www.amazon.com/Voncerus-Clamp-Lights-Office-Black/dp/B0BB5ZBT42/ref=sr_1_3?dib=eyJ2IjoiMSJ9....
2026-08-29 21:07:25 - INFO - [ThreadPoolExecutor-0_1] - [ThreadPoolExecutor-0_1] Scraping reviews...
2026-08-29 21:07:29 - INFO - [ThreadPoolExecutor-0_0] - [ThreadPoolExecutor-0_0] Found 13 reviews
2026-08-29 21:07:29 - INFO - [ThreadPoolExecutor-0_0] - [ThreadPoolExecutor-0_0] Scraped 13 reviews
2026-08-29 21:07:30 - INFO - [ThreadPoolExecutor-0_2] - [ThreadPoolExecutor-0_2] Scraping reviews...
2026-08-29 21:07:32 - INFO - [ThreadPoolExecutor-0_0] - [ThreadPoolExecutor-0_0] [8/16] Portable Charger Power Bank Case for Swy...
2026-08-29 21:07:32 - INFO - [ThreadPoolExecutor-0_0] - [ThreadPoolExecutor-0_0] Scraping product details: https://www.amazon.com/Carrying-Portable-Charger-Charmast-Charging/dp/B0BXN2J619/ref=sr_1_8?dib=eyJ2...
2026-08-29 21:07:36 - INFO - [ThreadPoolExecutor-0_1] - [ThreadPoolExecutor-0_1] Found 8 reviews
2026-08-29 21:07:36 - INFO - [ThreadPoolExecutor-0_1] - [ThreadPoolExecutor-0_1] Scraped 8 reviews
2026-08-29 21:07:39 - INFO - [ThreadPoolExecutor-0_1] - [ThreadPoolExecutor-0_1] [5/16] EMEET NOVA 4K Webcam for PC, Ultra 4K HD...
2026-08-29 21:07:39 - INFO - [ThreadPoolExecutor-0_1] - [ThreadPoolExecutor-0_1] Scraping product details: https://www.amazon.com/EMEET-NOVA-Webcam-Noise-Cancelling-Correction/dp/B0CY2C7H6S/ref=sr_1_5?dib=ey...
2026-08-29 21:07:40 - INFO - [ThreadPoolExecutor-0_0] - [ThreadPoolExecutor-0_0] Scraping reviews...
2026-08-29 21:07:41 - INFO - [ThreadPoolExecutor-0_2] - [ThreadPoolExecutor-0_2] Found 10 reviews
2026-08-29 21:07:41 - INFO - [ThreadPoolExecutor-0_2] - [ThreadPoolExecutor-0_2] Scraped 10 reviews
2026-08-29 21:07:45 - INFO - [ThreadPoolExecutor-0_2] - [ThreadPoolExecutor-0_2] [4/30] shinelife LED Desk Lamp for Office Home,...
2026-08-29 21:07:45 - INFO - [ThreadPoolExecutor-0_2] - [ThreadPoolExecutor-0_2] Scraping product details: https://www.amazon.com/shinelife-Charging-Adjustable-Dimmable-Brightness/dp/B0F22BR222/ref=sr_1_4?di...
2026-08-29 21:07:48 - INFO - [ThreadPoolExecutor-0_1] - [ThreadPoolExecutor-0_1] Scraping reviews...
2026-08-29 21:07:49 - INFO - [ThreadPoolExecutor-0_0] - [ThreadPoolExecutor-0_0] Found 13 reviews
2026-08-29 21:07:49 - INFO - [ThreadPoolExecutor-0_0] - [ThreadPoolExecutor-0_0] Scraped 13 reviews
2026-08-29 21:07:52 - INFO - [ThreadPoolExecutor-0_0] - [ThreadPoolExecutor-0_0] [9/16] iWALK Charger Station for Portable Charg...
2026-08-29 21:07:52 - INFO - [ThreadPoolExecutor-0_0] - [ThreadPoolExecutor-0_0] Scraping product details: https://www.amazon.com/iWALK-Portable-Charging-Multiple-Family-Sized/dp/B0BN81XGG7/ref=sr_1_9?dib=ey...
2026-08-29 21:07:53 - INFO - [ThreadPoolExecutor-0_2] - [ThreadPoolExecutor-0_2] Scraping reviews...
2026-08-29 21:07:59 - INFO - [ThreadPoolExecutor-0_0] - [ThreadPoolExecutor-0_0] Scraping reviews...
2026-08-29 21:07:59 - INFO - [ThreadPoolExecutor-0_1] - [ThreadPoolExecutor-0_1] Found 13 reviews
2026-08-29 21:07:59 - INFO - [ThreadPoolExecutor-0_1] - [ThreadPoolExecutor-0_1] Scraped 13 reviews
2026-08-29 21:08:04 - INFO - [ThreadPoolExecutor-0_1] - [ThreadPoolExecutor-0_1] [6/16] Logitech MX Brio Ultra HD 4K Webcam Coll...
2026-08-29 21:08:04 - INFO - [ThreadPoolExecutor-0_1] - [ThreadPoolExecutor-0_1] Scraping product details: https://www.amazon.com/Logitech-BRIO-Pro-701-Webcam/dp/B0BFJ4CRKD/ref=sr_1_6?dib=eyJ2IjoiMSJ9.mp9fXJ...
2026-08-29 21:08:05 - INFO - [ThreadPoolExecutor-0_2] - [ThreadPoolExecutor-0_2] Found 8 reviews
2026-08-29 21:08:05 - INFO - [ThreadPoolExecutor-0_2] - [ThreadPoolExecutor-0_2] Scraped 8 reviews
2026-08-29 21:08:09 - INFO - [ThreadPoolExecutor-0_2] - [ThreadPoolExecutor-0_2] [5/30] Micomlan Led Desk Lamp with Clamp, Archi...
2026-08-29 21:08:09 - INFO - [ThreadPoolExecutor-0_2] - [ThreadPoolExecutor-0_2] Scraping product details: https://www.amazon.com/Micomlan-Architect-Atmosphere-Lighting-Tempering/dp/B0BNHNG5CY/ref=sr_1_5?dib...
2026-08-29 21:08:11 - INFO - [ThreadPoolExecutor-0_0] - [ThreadPoolExecutor-0_0] Found 8 reviews
2026-08-29 21:08:11 - INFO - [ThreadPoolExecutor-0_0] - [ThreadPoolExecutor-0_0] Scraped 8 reviews
2026-08-29 21:08:14 - INFO - [ThreadPoolExecutor-0_0] - [ThreadPoolExecutor-0_0] [10/16] GOOLOO A3 12V 3000A Portable Jump Starte...
2026-08-29 21:08:14 - INFO - [ThreadPoolExecutor-0_0] - [ThreadPoolExecutor-0_0] Scraping product details: https://www.amazon.com/GOOLOO-Compressor-Portable-Auto-Shutoff-Supersafe/dp/B0D4DLXNR1/ref=sr_1_10?d...
2026-08-29 21:08:15 - INFO - [ThreadPoolExecutor-0_1] - [ThreadPoolExecutor-0_1] Scraping reviews...
2026-08-29 21:08:19 - INFO - [ThreadPoolExecutor-0_2] - [ThreadPoolExecutor-0_2] Scraping reviews...
2026-08-29 21:08:21 - INFO - [ThreadPoolExecutor-0_0] - [ThreadPoolExecutor-0_0] Scraping reviews...
2026-08-29 21:08:27 - INFO - [ThreadPoolExecutor-0_1] - [ThreadPoolExecutor-0_1] Found 13 reviews
2026-08-29 21:08:27 - INFO - [ThreadPoolExecutor-0_1] - [ThreadPoolExecutor-0_1] Scraped 13 reviews
2026-08-29 21:08:29 - INFO - [ThreadPoolExecutor-0_1] - [ThreadPoolExecutor-0_1] [7/16] EMEET C960 4K Webcam for PC, PDAF Auto F...
2026-08-29 21:08:29 - INFO - [ThreadPoolExecutor-0_1] - [ThreadPoolExecutor-0_1] Scraping product details: https://www.amazon.com/EMEET-Webcam-Noise-Cancelling-Correction-Privacy/dp/B0CJHZ92P6/ref=sr_1_7?dib...
2026-08-29 21:08:30 - INFO - [ThreadPoolExecutor-0_2] - [ThreadPoolExecutor-0_2] Found 13 reviews
2026-08-29 21:08:30 - INFO - [ThreadPoolExecutor-0_2] - [ThreadPoolExecutor-0_2] Scraped 13 reviews
2026-08-29 21:08:32 - INFO - [ThreadPoolExecutor-0_0] - [ThreadPoolExecutor-0_0] Found 8 reviews
2026-08-29 21:08:32 - INFO - [ThreadPoolExecutor-0_0] - [ThreadPoolExecutor-0_0] Scraped 8 reviews
2026-08-29 21:08:34 - INFO - [ThreadPoolExecutor-0_2] - [ThreadPoolExecutor-0_2] [6/30] Addtam LED Desk Lamp, Power Strip with 3...
2026-08-29 21:08:34 - INFO - [ThreadPoolExecutor-0_2] - [ThreadPoolExecutor-0_2] Scraping product details: https://www.amazon.com/Addtam-Outlets-Charging-Brightness-Essentials/dp/B0D2LGK82V/ref=sr_1_6?dib=ey...
2026-08-29 21:08:34 - INFO - [ThreadPoolExecutor-0_0] - [ThreadPoolExecutor-0_0] [11/16] UGREEN Magflow Air 5000mAh 3.4" Ultra-Sl...
2026-08-29 21:08:34 - INFO - [ThreadPoolExecutor-0_0] - [ThreadPoolExecutor-0_0] Scraping product details: https://www.amazon.com/UGREEN-5000mAh-Ultra-Magnetic-Power/dp/B0F6NFHB31/ref=sr_1_11?dib=eyJ2IjoiMSJ...
2026-08-29 21:08:38 - INFO - [ThreadPoolExecutor-0_1] - [ThreadPoolExecutor-0_1] Scraping reviews...
2026-08-29 21:08:42 - INFO - [ThreadPoolExecutor-0_0] - [ThreadPoolExecutor-0_0] Scraping reviews...
2026-08-29 21:08:44 - INFO - [ThreadPoolExecutor-0_2] - [ThreadPoolExecutor-0_2] Scraping reviews...
2026-08-29 21:08:51 - INFO - [ThreadPoolExecutor-0_1] - [ThreadPoolExecutor-0_1] Found 13 reviews
2026-08-29 21:08:51 - INFO - [ThreadPoolExecutor-0_0] - [ThreadPoolExecutor-0_0] Found 13 reviews
2026-08-29 21:08:51 - INFO - [ThreadPoolExecutor-0_1] - [ThreadPoolExecutor-0_1] Scraped 13 reviews
2026-08-29 21:08:51 - INFO - [ThreadPoolExecutor-0_0] - [ThreadPoolExecutor-0_0] Scraped 13 reviews
2026-08-29 21:08:53 - INFO - [ThreadPoolExecutor-0_1] - [ThreadPoolExecutor-0_1] [8/16] Tewiky Full HD Webcam with Built-in Micr...
2026-08-29 21:08:53 - INFO - [ThreadPoolExecutor-0_1] - [ThreadPoolExecutor-0_1] Scraping product details: https://www.amazon.com/Microphone-Rotatable-Computer-Conferencing-Streaming/dp/B08VJ25PL1/ref=sr_1_8...
2026-08-29 21:08:54 - INFO - [ThreadPoolExecutor-0_0] - [ThreadPoolExecutor-0_0] [12/16] Anker Charger, 65W 3-Port Fast Compact F...
2026-08-29 21:08:54 - INFO - [ThreadPoolExecutor-0_0] - [ThreadPoolExecutor-0_0] Scraping product details: https://www.amazon.com/Anker-Charger-Compact-Foldable-MacBook/dp/B09C5RG6KV/ref=sr_1_12?dib=eyJ2Ijoi...
2026-08-29 21:08:55 - INFO - [ThreadPoolExecutor-0_2] - [ThreadPoolExecutor-0_2] Found 8 reviews
2026-08-29 21:08:55 - INFO - [ThreadPoolExecutor-0_2] - [ThreadPoolExecutor-0_2] Scraped 8 reviews
2026-08-29 21:08:57 - INFO - [ThreadPoolExecutor-0_2] - [ThreadPoolExecutor-0_2] [7/30] One Beat Small LED Desk Lamp Power Strip...
2026-08-29 21:08:57 - INFO - [ThreadPoolExecutor-0_2] - [ThreadPoolExecutor-0_2] Scraping product details: https://www.amazon.com/Outlets-Bedroom-Bedside-Extension-Essentials/dp/B0CRY97FPB/ref=sr_1_7?dib=eyJ...
2026-08-29 21:09:01 - INFO - [ThreadPoolExecutor-0_0] - [ThreadPoolExecutor-0_0] Scraping reviews...
2026-08-29 21:09:03 - INFO - [ThreadPoolExecutor-0_1] - [ThreadPoolExecutor-0_1] Scraping reviews...
2026-08-29 21:09:05 - INFO - [ThreadPoolExecutor-0_2] - [ThreadPoolExecutor-0_2] Scraping reviews...
2026-08-29 21:09:12 - INFO - [ThreadPoolExecutor-0_1] - [ThreadPoolExecutor-0_1] Found 13 reviews
2026-08-29 21:09:12 - INFO - [ThreadPoolExecutor-0_1] - [ThreadPoolExecutor-0_1] Scraped 13 reviews
2026-08-29 21:09:12 - INFO - [ThreadPoolExecutor-0_0] - [ThreadPoolExecutor-0_0] Found 13 reviews
2026-08-29 21:09:12 - INFO - [ThreadPoolExecutor-0_0] - [ThreadPoolExecutor-0_0] Scraped 13 reviews
2026-08-29 21:09:14 - INFO - [ThreadPoolExecutor-0_1] - [ThreadPoolExecutor-0_1] [9/16] TRAUSI 2K Full HD Webcam with Auto Light...
2026-08-29 21:09:14 - INFO - [ThreadPoolExecutor-0_1] - [ThreadPoolExecutor-0_1] Scraping product details: https://www.amazon.com/TRAUSI-Correction-Noise-Canceling-Compatible-Streaming/dp/B0HFNQ2SVZ/ref=sr_1...
2026-08-29 21:09:17 - INFO - [ThreadPoolExecutor-0_0] - [ThreadPoolExecutor-0_0] [13/16] NOCO GENIUS10 10A 6/12V Smart Battery Ch...
2026-08-29 21:09:17 - INFO - [ThreadPoolExecutor-0_0] - [ThreadPoolExecutor-0_0] Scraping product details: https://www.amazon.com/NOCO-GENIUS10-Fully-Automatic-Temperature-Compensation/dp/B07W3QT226/ref=sr_1...
2026-08-29 21:09:17 - INFO - [ThreadPoolExecutor-0_2] - [ThreadPoolExecutor-0_2] Found 8 reviews
2026-08-29 21:09:17 - INFO - [ThreadPoolExecutor-0_2] - [ThreadPoolExecutor-0_2] Scraped 8 reviews
2026-08-29 21:09:20 - INFO - [ThreadPoolExecutor-0_2] - [ThreadPoolExecutor-0_2] [8/30] LED Desk Lamp with Power Strip, 3 AC Out...
2026-08-29 21:09:20 - INFO - [ThreadPoolExecutor-0_2] - [ThreadPoolExecutor-0_2] Scraping product details: https://www.amazon.com/Power-Strip-Outlets-Stepless-Dimming/dp/B0GXV4S23L/ref=sr_1_8?dib=eyJ2IjoiMSJ...
2026-08-29 21:09:23 - INFO - [ThreadPoolExecutor-0_1] - [ThreadPoolExecutor-0_1] Scraping reviews...
2026-08-29 21:09:25 - INFO - [ThreadPoolExecutor-0_0] - [ThreadPoolExecutor-0_0] Scraping reviews...
2026-08-29 21:09:29 - INFO - [ThreadPoolExecutor-0_2] - [ThreadPoolExecutor-0_2] Scraping reviews...
2026-08-29 21:09:35 - INFO - [ThreadPoolExecutor-0_0] - [ThreadPoolExecutor-0_0] Found 13 reviews
2026-08-29 21:09:35 - INFO - [ThreadPoolExecutor-0_0] - [ThreadPoolExecutor-0_0] Scraped 13 reviews
2026-08-29 21:09:37 - INFO - [ThreadPoolExecutor-0_0] - [ThreadPoolExecutor-0_0] [14/16] Anker Phone Charger, 20W USB C Charger B...
2026-08-29 21:09:37 - INFO - [ThreadPoolExecutor-0_0] - [ThreadPoolExecutor-0_0] Scraping product details: https://www.amazon.com/iPhone-Charger-Anker-AirPods-Included/dp/B0C8HHV9DK/ref=sr_1_14?dib=eyJ2IjoiM...
2026-08-29 21:09:39 - INFO - [ThreadPoolExecutor-0_2] - [ThreadPoolExecutor-0_2] Found 8 reviews
2026-08-29 21:09:39 - INFO - [ThreadPoolExecutor-0_2] - [ThreadPoolExecutor-0_2] Scraped 8 reviews
2026-08-29 21:09:43 - INFO - [ThreadPoolExecutor-0_2] - [ThreadPoolExecutor-0_2] [9/30] 15W LED Desk Lamp with USB Charging Port...
2026-08-29 21:09:43 - INFO - [ThreadPoolExecutor-0_2] - [ThreadPoolExecutor-0_2] Scraping product details: https://www.amazon.com/15W-Desk-Lamp-Charging-Ports/dp/B0FCS5W2WL/ref=sr_1_9?dib=eyJ2IjoiMSJ9.EVV2qW...
2026-08-29 21:09:44 - INFO - [ThreadPoolExecutor-0_0] - [ThreadPoolExecutor-0_0] Scraping reviews...
2026-08-29 21:09:53 - INFO - [ThreadPoolExecutor-0_2] - [ThreadPoolExecutor-0_2] Scraping reviews...
2026-08-29 21:09:56 - INFO - [ThreadPoolExecutor-0_0] - [ThreadPoolExecutor-0_0] Found 13 reviews
2026-08-29 21:09:56 - INFO - [ThreadPoolExecutor-0_0] - [ThreadPoolExecutor-0_0] Scraped 13 reviews
2026-08-29 21:09:59 - INFO - [ThreadPoolExecutor-0_0] - [ThreadPoolExecutor-0_0] [15/16] NOCO GENIUS5 5A 6/12V Smart Battery Char...
2026-08-29 21:09:59 - INFO - [ThreadPoolExecutor-0_0] - [ThreadPoolExecutor-0_0] Scraping product details: https://www.amazon.com/NOCO-GENIUS5-Fully-Automatic-Temperature-Compensation/dp/B07W8KJH44/ref=sr_1_...
2026-08-29 21:10:05 - INFO - [ThreadPoolExecutor-0_2] - [ThreadPoolExecutor-0_2] Found 13 reviews
2026-08-29 21:10:05 - INFO - [ThreadPoolExecutor-0_2] - [ThreadPoolExecutor-0_2] Scraped 13 reviews
2026-08-29 21:10:09 - INFO - [ThreadPoolExecutor-0_0] - [ThreadPoolExecutor-0_0] Scraping reviews...
2026-08-29 21:10:09 - INFO - [ThreadPoolExecutor-0_2] - [ThreadPoolExecutor-0_2] [10/30] BOHON LED Desk Lamp with USB Charging Po...
2026-08-29 21:10:09 - INFO - [ThreadPoolExecutor-0_2] - [ThreadPoolExecutor-0_2] Scraping product details: https://www.amazon.com/BOHON-Charging-Intelligent-Induction-Gooseneck/dp/B08SK4DMHR/ref=sr_1_10?dib=...
2026-08-29 21:10:13 - WARNING - [ThreadPoolExecutor-0_1] - [ThreadPoolExecutor-0_1] No reviews found
2026-08-29 21:10:15 - INFO - [ThreadPoolExecutor-0_1] - [ThreadPoolExecutor-0_1] [10/16] EMEET 1080P Webcam with Microphone, C960...
2026-08-29 21:10:15 - INFO - [ThreadPoolExecutor-0_1] - [ThreadPoolExecutor-0_1] Scraping product details: https://www.amazon.com/Webcam-Streaming-Recording-Built-Correction/dp/B07M6Y7355/ref=sr_1_10?dib=eyJ...
2026-08-29 21:10:17 - INFO - [ThreadPoolExecutor-0_0] - [ThreadPoolExecutor-0_0] Found 13 reviews
2026-08-29 21:10:17 - INFO - [ThreadPoolExecutor-0_0] - [ThreadPoolExecutor-0_0] Scraped 13 reviews
2026-08-29 21:10:19 - INFO - [ThreadPoolExecutor-0_2] - [ThreadPoolExecutor-0_2] Scraping reviews...
2026-08-29 21:10:21 - INFO - [ThreadPoolExecutor-0_0] - [ThreadPoolExecutor-0_0] [16/16] 380W USB C Charger Block with 4 USB Cabl...
2026-08-29 21:10:21 - INFO - [ThreadPoolExecutor-0_0] - [ThreadPoolExecutor-0_0] Scraping product details: https://www.amazon.com/Charger-Adapter-Desktop-Charging-Station/dp/B0CZD8724H/ref=sr_1_16?dib=eyJ2Ij...
2026-08-29 21:10:23 - INFO - [ThreadPoolExecutor-0_1] - [ThreadPoolExecutor-0_1] Scraping reviews...
2026-08-29 21:10:29 - INFO - [ThreadPoolExecutor-0_0] - [ThreadPoolExecutor-0_0] Scraping reviews...
2026-08-29 21:10:31 - INFO - [ThreadPoolExecutor-0_2] - [ThreadPoolExecutor-0_2] Found 11 reviews
2026-08-29 21:10:31 - INFO - [ThreadPoolExecutor-0_2] - [ThreadPoolExecutor-0_2] Scraped 11 reviews
2026-08-29 21:10:33 - INFO - [ThreadPoolExecutor-0_1] - [ThreadPoolExecutor-0_1] Found 13 reviews
2026-08-29 21:10:33 - INFO - [ThreadPoolExecutor-0_1] - [ThreadPoolExecutor-0_1] Scraped 13 reviews
2026-08-29 21:10:34 - INFO - [ThreadPoolExecutor-0_2] - [ThreadPoolExecutor-0_2] [11/30] CHARYJOD LED Desk Lamp for Office Home, ...
2026-08-29 21:10:34 - INFO - [ThreadPoolExecutor-0_2] - [ThreadPoolExecutor-0_2] Scraping product details: https://www.amazon.com/CHARYJOD-Adjustable-Architect-Stepless-Workbench/dp/B0FG7XJWLM/ref=sr_1_11?di...
2026-08-29 21:10:37 - INFO - [ThreadPoolExecutor-0_1] - [ThreadPoolExecutor-0_1] [11/16] Acer 4K Webcam for PC/Mac with All-Metal...
2026-08-29 21:10:37 - INFO - [ThreadPoolExecutor-0_1] - [ThreadPoolExecutor-0_1] Scraping product details: https://www.amazon.com/acer-All-Metal-Reduction-Lightweight-Streaming/dp/B0CQJVSL1Z/ref=sr_1_11?dib=...
2026-08-29 21:10:39 - INFO - [ThreadPoolExecutor-0_0] - [ThreadPoolExecutor-0_0] Found 8 reviews
2026-08-29 21:10:39 - INFO - [ThreadPoolExecutor-0_0] - [ThreadPoolExecutor-0_0] Scraped 8 reviews
2026-08-29 21:10:39 - INFO - [ThreadPoolExecutor-0_0] - [ThreadPoolExecutor-0_0] Completed 'portable charger': 16 products, 176 reviews
2026-08-29 21:10:39 - INFO - [ThreadPoolExecutor-0_0] - ✓ portable charger: 16 products, 176 reviews
2026-08-29 21:10:40 - INFO - [ThreadPoolExecutor-0_0] - [ThreadPoolExecutor-0_0] WebDriver closed
2026-08-29 21:10:40 - INFO - [ThreadPoolExecutor-0_0] - [ThreadPoolExecutor-0_0] [10/28] Processing: air purifier
2026-08-29 21:10:40 - INFO - [ThreadPoolExecutor-0_0] - [ThreadPoolExecutor-0_0] Creating Chrome driver...
2026-08-29 21:10:42 - INFO - [ThreadPoolExecutor-0_0] - [ThreadPoolExecutor-0_0] Chrome driver created successfully
2026-08-29 21:10:42 - INFO - [ThreadPoolExecutor-0_0] - Created new driver for thread: ThreadPoolExecutor-0_0
2026-08-29 21:10:42 - INFO - [ThreadPoolExecutor-0_0] - [ThreadPoolExecutor-0_0] Searching: https://www.amazon.com/s?k=air+purifier
2026-08-29 21:10:45 - INFO - [ThreadPoolExecutor-0_2] - [ThreadPoolExecutor-0_2] Scraping reviews...
2026-08-29 21:10:46 - INFO - [ThreadPoolExecutor-0_1] - [ThreadPoolExecutor-0_1] Scraping reviews...
2026-08-29 21:10:53 - INFO - [ThreadPoolExecutor-0_0] - Found 16 products in search results
2026-08-29 21:10:53 - INFO - [ThreadPoolExecutor-0_0] - [ThreadPoolExecutor-0_0] Found 16 products for: air purifier
2026-08-29 21:10:53 - INFO - [ThreadPoolExecutor-0_0] - [ThreadPoolExecutor-0_0] [1/16] LEVOIT Air Purifier for Home Allergies a...
2026-08-29 21:10:53 - INFO - [ThreadPoolExecutor-0_0] - [ThreadPoolExecutor-0_0] Scraping product details: https://www.amazon.com/LEVOIT-Purifier-Home-Allergies-Pets/dp/B07VVK39F7/ref=sr_1_1?dib=eyJ2IjoiMSJ9...
2026-08-29 21:10:54 - INFO - [ThreadPoolExecutor-0_2] - [ThreadPoolExecutor-0_2] Found 13 reviews
2026-08-29 21:10:54 - INFO - [ThreadPoolExecutor-0_2] - [ThreadPoolExecutor-0_2] Scraped 13 reviews
2026-08-29 21:10:56 - INFO - [ThreadPoolExecutor-0_2] - [ThreadPoolExecutor-0_2] [12/30] Touch Bedside Table LED Lamp, [Sleek Des...
2026-08-29 21:10:56 - INFO - [ThreadPoolExecutor-0_2] - [ThreadPoolExecutor-0_2] Scraping product details: https://www.amazon.com/ROOTRO-Bedside-Dimmable-Multi-Color-Nightstand/dp/B0BR5JHB3Z/ref=sr_1_12?dib=...
2026-08-29 21:10:57 - INFO - [ThreadPoolExecutor-0_1] - [ThreadPoolExecutor-0_1] Found 13 reviews
2026-08-29 21:10:57 - INFO - [ThreadPoolExecutor-0_1] - [ThreadPoolExecutor-0_1] Scraped 13 reviews
2026-08-29 21:11:00 - INFO - [ThreadPoolExecutor-0_1] - [ThreadPoolExecutor-0_1] [12/16] Logitech C920e HD 1080p Mic Enabled Webc...
2026-08-29 21:11:00 - INFO - [ThreadPoolExecutor-0_1] - [ThreadPoolExecutor-0_1] Scraping product details: https://www.amazon.com/Logitech-Mic-Enabled-Certified-Microsoft-Compatible/dp/B09DVGV7BH/ref=sr_1_12...
2026-08-29 21:11:05 - INFO - [ThreadPoolExecutor-0_2] - [ThreadPoolExecutor-0_2] Scraping reviews...
2026-08-29 21:11:05 - INFO - [ThreadPoolExecutor-0_0] - [ThreadPoolExecutor-0_0] Scraping reviews...
2026-08-29 21:11:08 - INFO - [ThreadPoolExecutor-0_1] - [ThreadPoolExecutor-0_1] Scraping reviews...
2026-08-29 21:11:15 - INFO - [ThreadPoolExecutor-0_0] - [ThreadPoolExecutor-0_0] Found 13 reviews
2026-08-29 21:11:15 - INFO - [ThreadPoolExecutor-0_0] - [ThreadPoolExecutor-0_0] Scraped 13 reviews
2026-08-29 21:11:15 - INFO - [ThreadPoolExecutor-0_2] - [ThreadPoolExecutor-0_2] Found 13 reviews
2026-08-29 21:11:15 - INFO - [ThreadPoolExecutor-0_2] - [ThreadPoolExecutor-0_2] Scraped 13 reviews
2026-08-29 21:11:17 - INFO - [ThreadPoolExecutor-0_0] - [ThreadPoolExecutor-0_0] [2/16] Levoit Air Purifiers for Bedroom Home Pe...
2026-08-29 21:11:17 - INFO - [ThreadPoolExecutor-0_0] - [ThreadPoolExecutor-0_0] Scraping product details: https://www.amazon.com/LEVOIT-Purifiers-Freshener-Core-Mini/dp/B09GTRVJQM/ref=sr_1_2?dib=eyJ2IjoiMSJ...
2026-08-29 21:11:20 - INFO - [ThreadPoolExecutor-0_2] - [ThreadPoolExecutor-0_2] [13/30] Govee RGBIC Smart Table Lamp 2, Touch Be...
2026-08-29 21:11:20 - INFO - [ThreadPoolExecutor-0_2] - [ThreadPoolExecutor-0_2] Scraping product details: https://www.amazon.com/Govee-Bedside-Changing-Bedroom-Dimmable/dp/B0D41XL87F/ref=sr_1_13?dib=eyJ2Ijo...
2026-08-29 21:11:20 - INFO - [ThreadPoolExecutor-0_1] - [ThreadPoolExecutor-0_1] Found 13 reviews
2026-08-29 21:11:20 - INFO - [ThreadPoolExecutor-0_1] - [ThreadPoolExecutor-0_1] Scraped 13 reviews
2026-08-29 21:11:25 - INFO - [ThreadPoolExecutor-0_1] - [ThreadPoolExecutor-0_1] [13/16] AOC 4K Webcam for PC, Streaming Computer...
2026-08-29 21:11:25 - INFO - [ThreadPoolExecutor-0_1] - [ThreadPoolExecutor-0_1] Scraping product details: https://www.amazon.com/AOC-Microphone-Cancellation-Streaming-Conferencing/dp/B0FQ57MYVH/ref=sr_1_13?...
2026-08-29 21:11:26 - INFO - [ThreadPoolExecutor-0_0] - [ThreadPoolExecutor-0_0] Scraping reviews...
2026-08-29 21:11:29 - INFO - [ThreadPoolExecutor-0_2] - [ThreadPoolExecutor-0_2] Scraping reviews...
2026-08-29 21:11:34 - INFO - [ThreadPoolExecutor-0_1] - [ThreadPoolExecutor-0_1] Scraping reviews...
2026-08-29 21:11:38 - INFO - [ThreadPoolExecutor-0_0] - [ThreadPoolExecutor-0_0] Found 13 reviews
2026-08-29 21:11:38 - INFO - [ThreadPoolExecutor-0_0] - [ThreadPoolExecutor-0_0] Scraped 13 reviews
2026-08-29 21:11:40 - INFO - [ThreadPoolExecutor-0_2] - [ThreadPoolExecutor-0_2] Found 13 reviews
2026-08-29 21:11:40 - INFO - [ThreadPoolExecutor-0_2] - [ThreadPoolExecutor-0_2] Scraped 13 reviews
2026-08-29 21:11:42 - INFO - [ThreadPoolExecutor-0_0] - [ThreadPoolExecutor-0_0] [3/16] Air Purifiers for Home Large Room up to ...
2026-08-29 21:11:42 - INFO - [ThreadPoolExecutor-0_0] - [ThreadPoolExecutor-0_0] Scraping product details: https://www.amazon.com/Purifiers-2200sq-ft-MOOKA-purifier-PR1/dp/B0DCBC8KKV/ref=sr_1_3?dib=eyJ2IjoiM...
2026-08-29 21:11:43 - INFO - [ThreadPoolExecutor-0_1] - [ThreadPoolExecutor-0_1] Found 13 reviews
2026-08-29 21:11:43 - INFO - [ThreadPoolExecutor-0_1] - [ThreadPoolExecutor-0_1] Scraped 13 reviews
2026-08-29 21:11:45 - INFO - [ThreadPoolExecutor-0_2] - [ThreadPoolExecutor-0_2] [14/30] Motumen Led Desk Lamp for Home Office, E...
2026-08-29 21:11:45 - INFO - [ThreadPoolExecutor-0_2] - [ThreadPoolExecutor-0_2] Scraping product details: https://www.amazon.com/Eye-Care-Architect-Computer-Adjustable-Gooseneck/dp/B0D4DG2CG2/ref=sr_1_14?di...
2026-08-29 21:11:47 - INFO - [ThreadPoolExecutor-0_1] - [ThreadPoolExecutor-0_1] [14/16] Logitech C922x HD Pro PC Webcam, Full HD...
2026-08-29 21:11:47 - INFO - [ThreadPoolExecutor-0_1] - [ThreadPoolExecutor-0_1] Scraping product details: https://www.amazon.com/Logitech-C922x-Pro-Stream-Webcam/dp/B01LXCDPPK/ref=sr_1_14?dib=eyJ2IjoiMSJ9.m...
2026-08-29 21:11:49 - INFO - [ThreadPoolExecutor-0_2] - [ThreadPoolExecutor-0_2] Scraping reviews...
2026-08-29 21:11:54 - INFO - [ThreadPoolExecutor-0_0] - [ThreadPoolExecutor-0_0] Scraping reviews...
2026-08-29 21:11:55 - INFO - [ThreadPoolExecutor-0_1] - [ThreadPoolExecutor-0_1] Scraping reviews...
2026-08-29 21:11:58 - INFO - [ThreadPoolExecutor-0_2] - [ThreadPoolExecutor-0_2] Found 9 reviews
2026-08-29 21:11:58 - INFO - [ThreadPoolExecutor-0_2] - [ThreadPoolExecutor-0_2] Scraped 9 reviews
2026-08-29 21:12:01 - INFO - [ThreadPoolExecutor-0_2] - [ThreadPoolExecutor-0_2] [15/30] LitONES Tall LED Desk Lamps Home Office,...
2026-08-29 21:12:01 - INFO - [ThreadPoolExecutor-0_2] - [ThreadPoolExecutor-0_2] Scraping product details: https://www.amazon.com/LitONES-Lamps-Edge-Lit-Eye-Care-Light/dp/B0DQTRH3V4/ref=sr_1_15?dib=eyJ2IjoiM...
2026-08-29 21:12:04 - INFO - [ThreadPoolExecutor-0_0] - [ThreadPoolExecutor-0_0] Found 13 reviews
2026-08-29 21:12:04 - INFO - [ThreadPoolExecutor-0_0] - [ThreadPoolExecutor-0_0] Scraped 13 reviews
2026-08-29 21:12:04 - INFO - [ThreadPoolExecutor-0_1] - [ThreadPoolExecutor-0_1] Found 13 reviews
2026-08-29 21:12:04 - INFO - [ThreadPoolExecutor-0_1] - [ThreadPoolExecutor-0_1] Scraped 13 reviews
2026-08-29 21:12:08 - INFO - [ThreadPoolExecutor-0_2] - [ThreadPoolExecutor-0_2] Scraping reviews...
2026-08-29 21:12:08 - INFO - [ThreadPoolExecutor-0_0] - [ThreadPoolExecutor-0_0] [4/16] LEVOIT Smart Air Purifier for Home Large...
2026-08-29 21:12:08 - INFO - [ThreadPoolExecutor-0_0] - [ThreadPoolExecutor-0_0] Scraping product details: https://www.amazon.com/LEVOIT-Smart-Purifier-Large-200S-P/dp/B0BGPF71Q6/ref=sr_1_4?dib=eyJ2IjoiMSJ9....
2026-08-29 21:12:09 - INFO - [ThreadPoolExecutor-0_1] - [ThreadPoolExecutor-0_1] [15/16] Gohero Full HD 1080P Video Webcam, Noise...
2026-08-29 21:12:09 - INFO - [ThreadPoolExecutor-0_1] - [ThreadPoolExecutor-0_1] Scraping product details: https://www.amazon.com/Microphone-Cancellation-Wide-Angle-Correction-Streaming%EF%BC%88Black%EF%BC%8...
2026-08-29 21:12:19 - INFO - [ThreadPoolExecutor-0_1] - [ThreadPoolExecutor-0_1] Scraping reviews...
2026-08-29 21:12:20 - INFO - [ThreadPoolExecutor-0_0] - [ThreadPoolExecutor-0_0] Scraping reviews...
2026-08-29 21:12:21 - INFO - [ThreadPoolExecutor-0_2] - [ThreadPoolExecutor-0_2] Found 10 reviews
2026-08-29 21:12:21 - INFO - [ThreadPoolExecutor-0_2] - [ThreadPoolExecutor-0_2] Scraped 10 reviews
2026-08-29 21:12:25 - INFO - [ThreadPoolExecutor-0_2] - [ThreadPoolExecutor-0_2] [16/30] White crown LED Desk Lamp Dimmable Table...
2026-08-29 21:12:25 - INFO - [ThreadPoolExecutor-0_2] - [ThreadPoolExecutor-0_2] Scraping product details: https://www.amazon.com/white-crown-Dimmable-Charging-Sensitive/dp/B0868HY623/ref=sr_1_16?dib=eyJ2Ijo...
2026-08-29 21:12:30 - INFO - [ThreadPoolExecutor-0_1] - [ThreadPoolExecutor-0_1] Found 13 reviews
2026-08-29 21:12:30 - INFO - [ThreadPoolExecutor-0_1] - [ThreadPoolExecutor-0_1] Scraped 13 reviews
2026-08-29 21:12:31 - INFO - [ThreadPoolExecutor-0_0] - [ThreadPoolExecutor-0_0] Found 13 reviews
2026-08-29 21:12:31 - INFO - [ThreadPoolExecutor-0_0] - [ThreadPoolExecutor-0_0] Scraped 13 reviews
2026-08-29 21:12:32 - INFO - [ThreadPoolExecutor-0_2] - [ThreadPoolExecutor-0_2] Scraping reviews...
2026-08-29 21:12:33 - INFO - [ThreadPoolExecutor-0_1] - [ThreadPoolExecutor-0_1] [16/16] 1080P HD Webcam with Microphone, Privacy...
2026-08-29 21:12:33 - INFO - [ThreadPoolExecutor-0_1] - [ThreadPoolExecutor-0_1] Scraping product details: https://www.amazon.com/Shcngqio-Microphone-Privacy-Wide-Angle-Desktop/dp/B0H1WQ75PQ/ref=sr_1_16?dib=...
2026-08-29 21:12:33 - INFO - [ThreadPoolExecutor-0_0] - [ThreadPoolExecutor-0_0] [5/16] Air Purifiers for Bedroom, FULMINARE H13...
2026-08-29 21:12:33 - INFO - [ThreadPoolExecutor-0_0] - [ThreadPoolExecutor-0_0] Scraping product details: https://www.amazon.com/Purifiers-Bedroom-FULMINARE-Cleaner-Microns/dp/B0B4ZSKPNL/ref=sr_1_5?dib=eyJ2...
2026-08-29 21:12:40 - INFO - [ThreadPoolExecutor-0_0] - [ThreadPoolExecutor-0_0] Scraping reviews...
2026-08-29 21:12:42 - INFO - [ThreadPoolExecutor-0_1] - [ThreadPoolExecutor-0_1] Scraping reviews...
2026-08-29 21:12:43 - INFO - [ThreadPoolExecutor-0_2] - [ThreadPoolExecutor-0_2] Found 8 reviews
2026-08-29 21:12:43 - INFO - [ThreadPoolExecutor-0_2] - [ThreadPoolExecutor-0_2] Scraped 8 reviews
2026-08-29 21:12:48 - INFO - [ThreadPoolExecutor-0_2] - [ThreadPoolExecutor-0_2] [17/30] LED Desk Lamp with Clamp, Architect Desk...
2026-08-29 21:12:48 - INFO - [ThreadPoolExecutor-0_2] - [ThreadPoolExecutor-0_2] Scraping product details: https://www.amazon.com/Architect-Adjustable-Eye-Care-Brightness-Levels/dp/B09YV633PL/ref=sr_1_17?dib...
2026-08-29 21:12:52 - INFO - [ThreadPoolExecutor-0_0] - [ThreadPoolExecutor-0_0] Found 13 reviews
2026-08-29 21:12:52 - INFO - [ThreadPoolExecutor-0_0] - [ThreadPoolExecutor-0_0] Scraped 13 reviews
2026-08-29 21:12:52 - INFO - [ThreadPoolExecutor-0_1] - [ThreadPoolExecutor-0_1] Found 8 reviews
2026-08-29 21:12:52 - INFO - [ThreadPoolExecutor-0_1] - [ThreadPoolExecutor-0_1] Scraped 8 reviews
2026-08-29 21:12:52 - INFO - [ThreadPoolExecutor-0_1] - [ThreadPoolExecutor-0_1] Completed 'webcam HD': 16 products, 175 reviews
2026-08-29 21:12:52 - INFO - [ThreadPoolExecutor-0_1] - ✓ webcam HD: 16 products, 175 reviews
2026-08-29 21:12:53 - INFO - [ThreadPoolExecutor-0_1] - [ThreadPoolExecutor-0_1] WebDriver closed
2026-08-29 21:12:53 - INFO - [ThreadPoolExecutor-0_1] - [ThreadPoolExecutor-0_1] [11/28] Processing: instant pot
2026-08-29 21:12:53 - INFO - [ThreadPoolExecutor-0_1] - [ThreadPoolExecutor-0_1] Creating Chrome driver...
2026-08-29 21:12:55 - INFO - [ThreadPoolExecutor-0_2] - [ThreadPoolExecutor-0_2] Scraping reviews...
2026-08-29 21:12:55 - INFO - [ThreadPoolExecutor-0_1] - [ThreadPoolExecutor-0_1] Chrome driver created successfully
2026-08-29 21:12:55 - INFO - [ThreadPoolExecutor-0_1] - Created new driver for thread: ThreadPoolExecutor-0_1
2026-08-29 21:12:55 - INFO - [ThreadPoolExecutor-0_1] - [ThreadPoolExecutor-0_1] Searching: https://www.amazon.com/s?k=instant+pot
2026-08-29 21:12:56 - INFO - [ThreadPoolExecutor-0_0] - [ThreadPoolExecutor-0_0] [6/16] AROEVE Air Purifiers for Bedroom with Sl...
2026-08-29 21:12:56 - INFO - [ThreadPoolExecutor-0_0] - [ThreadPoolExecutor-0_0] Scraping product details: https://www.amazon.com/AROEVE-Purifiers-Portable-Purifier-Kitchen/dp/B09FJSJQ95/ref=sr_1_6?dib=eyJ2I...
2026-08-29 21:13:00 - INFO - [ThreadPoolExecutor-0_0] - [ThreadPoolExecutor-0_0] Scraping reviews...
2026-08-29 21:13:05 - INFO - [ThreadPoolExecutor-0_2] - [ThreadPoolExecutor-0_2] Found 13 reviews
2026-08-29 21:13:05 - INFO - [ThreadPoolExecutor-0_2] - [ThreadPoolExecutor-0_2] Scraped 13 reviews
2026-08-29 21:13:07 - INFO - [ThreadPoolExecutor-0_2] - [ThreadPoolExecutor-0_2] [18/30] Lampat Dimmable LED Desk Lamp, 4 Lightin...
2026-08-29 21:13:07 - INFO - [ThreadPoolExecutor-0_2] - [ThreadPoolExecutor-0_2] Scraping product details: https://www.amazon.com/Dimmable-Lighting-5-Level-Touch-Sensitive-Charging/dp/B00KSQ8ZNA/ref=sr_1_18?...
2026-08-29 21:13:10 - INFO - [ThreadPoolExecutor-0_1] - Found 16 products in search results
2026-08-29 21:13:10 - INFO - [ThreadPoolExecutor-0_1] - [ThreadPoolExecutor-0_1] Found 16 products for: instant pot
2026-08-29 21:13:10 - INFO - [ThreadPoolExecutor-0_1] - [ThreadPoolExecutor-0_1] [1/16] Instant Pot...
2026-08-29 21:13:10 - INFO - [ThreadPoolExecutor-0_1] - [ThreadPoolExecutor-0_1] Scraping product details: https://www.amazon.com/Instant-Pot-Multi-Use-Programmable-Pressure/dp/B00FLYWNYQ/ref=sr_1_1?dib=eyJ2...
2026-08-29 21:13:10 - INFO - [ThreadPoolExecutor-0_0] - [ThreadPoolExecutor-0_0] Found 13 reviews
2026-08-29 21:13:10 - INFO - [ThreadPoolExecutor-0_0] - [ThreadPoolExecutor-0_0] Scraped 13 reviews
2026-08-29 21:13:15 - INFO - [ThreadPoolExecutor-0_0] - [ThreadPoolExecutor-0_0] [7/16] LEVOIT Air Purifier for Home Pets Bedroo...
2026-08-29 21:13:15 - INFO - [ThreadPoolExecutor-0_0] - [ThreadPoolExecutor-0_0] Scraping product details: https://www.amazon.com/LEVOIT-Purifier-VERIFIDE-Pre-Filter-Allergies/dp/B0BNDM2RNG/ref=sr_1_7?dib=ey...
2026-08-29 21:13:16 - INFO - [ThreadPoolExecutor-0_2] - [ThreadPoolExecutor-0_2] Scraping reviews...
2026-08-29 21:13:21 - INFO - [ThreadPoolExecutor-0_1] - [ThreadPoolExecutor-0_1] Scraping reviews...
2026-08-29 21:13:22 - INFO - [ThreadPoolExecutor-0_0] - [ThreadPoolExecutor-0_0] Scraping reviews...
2026-08-29 21:13:28 - INFO - [ThreadPoolExecutor-0_2] - [ThreadPoolExecutor-0_2] Found 8 reviews
2026-08-29 21:13:28 - INFO - [ThreadPoolExecutor-0_2] - [ThreadPoolExecutor-0_2] Scraped 8 reviews
2026-08-29 21:13:31 - INFO - [ThreadPoolExecutor-0_2] - [ThreadPoolExecutor-0_2] [19/30] ONEMIX LED Desk Lamp with Clamp, 42-Inch...
2026-08-29 21:13:31 - INFO - [ThreadPoolExecutor-0_2] - [ThreadPoolExecutor-0_2] Scraping product details: https://www.amazon.com/ONEMIX-42-Inch-Monitors-Clamp-Remote/dp/B0F5BH3Z9T/ref=sr_1_19?dib=eyJ2IjoiMS...
2026-08-29 21:13:31 - INFO - [ThreadPoolExecutor-0_0] - [ThreadPoolExecutor-0_0] Found 13 reviews
2026-08-29 21:13:31 - INFO - [ThreadPoolExecutor-0_0] - [ThreadPoolExecutor-0_0] Scraped 13 reviews
2026-08-29 21:13:34 - INFO - [ThreadPoolExecutor-0_1] - [ThreadPoolExecutor-0_1] Found 13 reviews
2026-08-29 21:13:34 - INFO - [ThreadPoolExecutor-0_1] - [ThreadPoolExecutor-0_1] Scraped 13 reviews
2026-08-29 21:13:35 - INFO - [ThreadPoolExecutor-0_0] - [ThreadPoolExecutor-0_0] [8/16] Levoit Air Purifier for Home Pets Bedroo...
2026-08-29 21:13:35 - INFO - [ThreadPoolExecutor-0_0] - [ThreadPoolExecutor-0_0] Scraping product details: https://www.amazon.com/LEVOIT-Purifier-Allergies-Core-200S/dp/B08FJ678YK/ref=sr_1_8?dib=eyJ2IjoiMSJ9...
2026-08-29 21:13:37 - INFO - [ThreadPoolExecutor-0_1] - [ThreadPoolExecutor-0_1] [2/16] Instant Pot...
2026-08-29 21:13:37 - INFO - [ThreadPoolExecutor-0_1] - [ThreadPoolExecutor-0_1] Scraping product details: https://www.amazon.com/Instant-Pot-Duo-Mini-Programmable/dp/B06Y1YD5W7/ref=sr_1_2?dib=eyJ2IjoiMSJ9.y...
2026-08-29 21:13:41 - INFO - [ThreadPoolExecutor-0_2] - [ThreadPoolExecutor-0_2] Scraping reviews...
2026-08-29 21:13:45 - INFO - [ThreadPoolExecutor-0_0] - [ThreadPoolExecutor-0_0] Scraping reviews...
2026-08-29 21:13:47 - INFO - [ThreadPoolExecutor-0_1] - [ThreadPoolExecutor-0_1] Scraping reviews...
2026-08-29 21:13:53 - INFO - [ThreadPoolExecutor-0_2] - [ThreadPoolExecutor-0_2] Found 10 reviews
2026-08-29 21:13:53 - INFO - [ThreadPoolExecutor-0_2] - [ThreadPoolExecutor-0_2] Scraped 10 reviews
2026-08-29 21:13:54 - INFO - [ThreadPoolExecutor-0_0] - [ThreadPoolExecutor-0_0] Found 13 reviews
2026-08-29 21:13:54 - INFO - [ThreadPoolExecutor-0_0] - [ThreadPoolExecutor-0_0] Scraped 13 reviews
2026-08-29 21:13:55 - INFO - [ThreadPoolExecutor-0_2] - [ThreadPoolExecutor-0_2] [20/30] LED Desk Lamp for Home Office with Base,...
2026-08-29 21:13:55 - INFO - [ThreadPoolExecutor-0_2] - [ThreadPoolExecutor-0_2] Scraping product details: https://www.amazon.com/Galnolt-Adjustable-Gooseneck-Architect-Workbench/dp/B0FRS7SVR7/ref=sr_1_20?di...
2026-08-29 21:13:57 - INFO - [ThreadPoolExecutor-0_1] - [ThreadPoolExecutor-0_1] Found 13 reviews
2026-08-29 21:13:57 - INFO - [ThreadPoolExecutor-0_1] - [ThreadPoolExecutor-0_1] Scraped 13 reviews
2026-08-29 21:13:59 - INFO - [ThreadPoolExecutor-0_0] - [ThreadPoolExecutor-0_0] [9/16] MOOKA Air Purifier for Home Bedroom Larg...
2026-08-29 21:13:59 - INFO - [ThreadPoolExecutor-0_0] - [ThreadPoolExecutor-0_0] Scraping product details: https://www.amazon.com/Purifiers-Washable-Fragrance-MOOKA-KJ190L/dp/B0CXJ97TV1/ref=sr_1_9?dib=eyJ2Ij...
2026-08-29 21:14:00 - INFO - [ThreadPoolExecutor-0_1] - [ThreadPoolExecutor-0_1] [3/16] Instant Pot...
2026-08-29 21:14:00 - INFO - [ThreadPoolExecutor-0_1] - [ThreadPoolExecutor-0_1] Scraping product details: https://www.amazon.com/Instant-Pot-Pressure-Steamer-Sterilizer/dp/B08PQ2KWHS/ref=sr_1_3?dib=eyJ2Ijoi...
2026-08-29 21:14:03 - INFO - [ThreadPoolExecutor-0_2] - [ThreadPoolExecutor-0_2] Scraping reviews...
2026-08-29 21:14:06 - INFO - [ThreadPoolExecutor-0_0] - [ThreadPoolExecutor-0_0] Scraping reviews...
2026-08-29 21:14:11 - INFO - [ThreadPoolExecutor-0_1] - [ThreadPoolExecutor-0_1] Scraping reviews...
2026-08-29 21:14:13 - INFO - [ThreadPoolExecutor-0_2] - [ThreadPoolExecutor-0_2] Found 8 reviews
2026-08-29 21:14:13 - INFO - [ThreadPoolExecutor-0_2] - [ThreadPoolExecutor-0_2] Scraped 8 reviews
2026-08-29 21:14:16 - INFO - [ThreadPoolExecutor-0_2] - [ThreadPoolExecutor-0_2] [21/30] SKYLEO Desk Lamp for Home Office, Eye Co...
2026-08-29 21:14:16 - INFO - [ThreadPoolExecutor-0_2] - [ThreadPoolExecutor-0_2] Scraping product details: https://www.amazon.com/SKYLEO-Led-Desk-Lamp-Brightness/dp/B0D1DLY4H4/ref=sr_1_21?dib=eyJ2IjoiMSJ9.EV...
2026-08-29 21:14:17 - INFO - [ThreadPoolExecutor-0_0] - [ThreadPoolExecutor-0_0] Found 13 reviews
2026-08-29 21:14:17 - INFO - [ThreadPoolExecutor-0_0] - [ThreadPoolExecutor-0_0] Scraped 13 reviews
2026-08-29 21:14:21 - INFO - [ThreadPoolExecutor-0_0] - [ThreadPoolExecutor-0_0] [10/16] WINIX 5520 Air Purifier for Home Large R...
2026-08-29 21:14:21 - INFO - [ThreadPoolExecutor-0_0] - [ThreadPoolExecutor-0_0] Scraping product details: https://www.amazon.com/5520-Purifier-Deodorization-Captures-Allergies/dp/B0DT4F8T4L/ref=sr_1_10?dib=...
2026-08-29 21:14:23 - INFO - [ThreadPoolExecutor-0_1] - [ThreadPoolExecutor-0_1] Found 13 reviews
2026-08-29 21:14:23 - INFO - [ThreadPoolExecutor-0_1] - [ThreadPoolExecutor-0_1] Scraped 13 reviews
2026-08-29 21:14:26 - INFO - [ThreadPoolExecutor-0_1] - [ThreadPoolExecutor-0_1] [4/16] Instant Pot...
2026-08-29 21:14:26 - INFO - [ThreadPoolExecutor-0_1] - [ThreadPoolExecutor-0_1] Scraping product details: https://www.amazon.com/Instant-Pot-Plus-60-Programmable/dp/B01NBKTPTS/ref=sr_1_4?dib=eyJ2IjoiMSJ9.y4...
2026-08-29 21:14:26 - INFO - [ThreadPoolExecutor-0_2] - [ThreadPoolExecutor-0_2] Scraping reviews...
2026-08-29 21:14:30 - INFO - [ThreadPoolExecutor-0_0] - [ThreadPoolExecutor-0_0] Scraping reviews...
2026-08-29 21:14:35 - INFO - [ThreadPoolExecutor-0_2] - [ThreadPoolExecutor-0_2] Found 13 reviews
2026-08-29 21:14:35 - INFO - [ThreadPoolExecutor-0_2] - [ThreadPoolExecutor-0_2] Scraped 13 reviews
2026-08-29 21:14:36 - INFO - [ThreadPoolExecutor-0_1] - [ThreadPoolExecutor-0_1] Scraping reviews...
2026-08-29 21:14:40 - INFO - [ThreadPoolExecutor-0_2] - [ThreadPoolExecutor-0_2] [22/30] Quntis Computer Monitor Lamp, Screen Mon...
2026-08-29 21:14:40 - INFO - [ThreadPoolExecutor-0_2] - [ThreadPoolExecutor-0_2] Scraping product details: https://www.amazon.com/Quntis-Computer-Reading-Auto-Dimming-Adjustment/dp/B08DKQ3JG1/ref=sr_1_22?dib...
2026-08-29 21:14:43 - INFO - [ThreadPoolExecutor-0_0] - [ThreadPoolExecutor-0_0] Found 13 reviews
2026-08-29 21:14:43 - INFO - [ThreadPoolExecutor-0_0] - [ThreadPoolExecutor-0_0] Scraped 13 reviews
2026-08-29 21:14:46 - INFO - [ThreadPoolExecutor-0_1] - [ThreadPoolExecutor-0_1] Found 13 reviews
2026-08-29 21:14:46 - INFO - [ThreadPoolExecutor-0_1] - [ThreadPoolExecutor-0_1] Scraped 13 reviews
2026-08-29 21:14:46 - INFO - [ThreadPoolExecutor-0_0] - [ThreadPoolExecutor-0_0] [11/16] TruFlow Smart HEPA Air Purifier for Home...
2026-08-29 21:14:46 - INFO - [ThreadPoolExecutor-0_0] - [ThreadPoolExecutor-0_0] Scraping product details: https://www.amazon.com/TrustedAir-TruFlow-Purifier-Filtration-Captures/dp/B0H1X3NQSR/ref=sr_1_11?dib...
2026-08-29 21:14:47 - INFO - [ThreadPoolExecutor-0_2] - [ThreadPoolExecutor-0_2] Scraping reviews...
2026-08-29 21:14:50 - INFO - [ThreadPoolExecutor-0_1] - [ThreadPoolExecutor-0_1] [5/16] Instant Pot...
2026-08-29 21:14:50 - INFO - [ThreadPoolExecutor-0_1] - [ThreadPoolExecutor-0_1] Scraping product details: https://www.amazon.com/Instant-Pot-Pressure-Steamer-Sterilizer/dp/B08PPZWNCV/ref=sr_1_5?dib=eyJ2Ijoi...
2026-08-29 21:14:52 - INFO - [ThreadPoolExecutor-0_0] - [ThreadPoolExecutor-0_0] Scraping reviews...
2026-08-29 21:14:59 - INFO - [ThreadPoolExecutor-0_1] - [ThreadPoolExecutor-0_1] Scraping reviews...
2026-08-29 21:15:00 - INFO - [ThreadPoolExecutor-0_2] - [ThreadPoolExecutor-0_2] Found 13 reviews
2026-08-29 21:15:00 - INFO - [ThreadPoolExecutor-0_2] - [ThreadPoolExecutor-0_2] Scraped 13 reviews
2026-08-29 21:15:03 - INFO - [ThreadPoolExecutor-0_2] - [ThreadPoolExecutor-0_2] [23/30] LED Desk Lamp for College Dorm with Pen ...
2026-08-29 21:15:03 - INFO - [ThreadPoolExecutor-0_2] - [ThreadPoolExecutor-0_2] Scraping product details: https://www.amazon.com/Vicsoon-Office-Adjustable-Dimmable-Holder/dp/B0C3M87K71/ref=sr_1_23?dib=eyJ2I...
2026-08-29 21:15:09 - INFO - [ThreadPoolExecutor-0_1] - [ThreadPoolExecutor-0_1] Found 13 reviews
2026-08-29 21:15:09 - INFO - [ThreadPoolExecutor-0_1] - [ThreadPoolExecutor-0_1] Scraped 13 reviews
2026-08-29 21:15:13 - INFO - [ThreadPoolExecutor-0_2] - [ThreadPoolExecutor-0_2] Scraping reviews...
2026-08-29 21:15:13 - INFO - [ThreadPoolExecutor-0_1] - [ThreadPoolExecutor-0_1] [6/16] Instant Pot...
2026-08-29 21:15:13 - INFO - [ThreadPoolExecutor-0_1] - [ThreadPoolExecutor-0_1] Scraping product details: https://www.amazon.com/Instant-Pot-Multi-Cooker-Pressure-Cooker/dp/B0F9B923NC/ref=sr_1_6?dib=eyJ2Ijo...
2026-08-29 21:15:24 - INFO - [ThreadPoolExecutor-0_1] - [ThreadPoolExecutor-0_1] Scraping reviews...
2026-08-29 21:15:25 - INFO - [ThreadPoolExecutor-0_2] - [ThreadPoolExecutor-0_2] Found 8 reviews
2026-08-29 21:15:25 - INFO - [ThreadPoolExecutor-0_2] - [ThreadPoolExecutor-0_2] Scraped 8 reviews
2026-08-29 21:15:27 - INFO - [ThreadPoolExecutor-0_2] - [ThreadPoolExecutor-0_2] [24/30] LitONES LED Desk Lamp for Home Office, S...
2026-08-29 21:15:27 - INFO - [ThreadPoolExecutor-0_2] - [ThreadPoolExecutor-0_2] Scraping product details: https://www.amazon.com/LitONES-Led-Desk-Lamp-Home-Office-Brightness/dp/B0CZMPX2PW/ref=sr_1_24?dib=ey...
2026-08-29 21:15:34 - INFO - [ThreadPoolExecutor-0_2] - [ThreadPoolExecutor-0_2] Scraping reviews...
2026-08-29 21:15:36 - INFO - [ThreadPoolExecutor-0_1] - [ThreadPoolExecutor-0_1] Found 13 reviews
2026-08-29 21:15:36 - INFO - [ThreadPoolExecutor-0_1] - [ThreadPoolExecutor-0_1] Scraped 13 reviews
2026-08-29 21:15:40 - WARNING - [ThreadPoolExecutor-0_0] - [ThreadPoolExecutor-0_0] No reviews found
2026-08-29 21:15:40 - INFO - [ThreadPoolExecutor-0_1] - [ThreadPoolExecutor-0_1] [7/16] Cosori...
2026-08-29 21:15:40 - INFO - [ThreadPoolExecutor-0_1] - [ThreadPoolExecutor-0_1] Scraping product details: https://www.amazon.com/Cosori-Pressure-Ceramic-Coating-Features/dp/B0BFX95J5P/ref=sr_1_7?dib=eyJ2Ijo...
2026-08-29 21:15:42 - INFO - [ThreadPoolExecutor-0_0] - [ThreadPoolExecutor-0_0] [12/16] 2 Pack Air Purifier for Home Bedroom wit...
2026-08-29 21:15:42 - INFO - [ThreadPoolExecutor-0_0] - [ThreadPoolExecutor-0_0] Scraping product details: https://www.amazon.com/Purifier-Bedroom-Smokers-Available-California/dp/B09QZDKQLF/ref=sr_1_12?dib=e...
2026-08-29 21:15:45 - INFO - [ThreadPoolExecutor-0_2] - [ThreadPoolExecutor-0_2] Found 13 reviews
2026-08-29 21:15:45 - INFO - [ThreadPoolExecutor-0_2] - [ThreadPoolExecutor-0_2] Scraped 13 reviews
2026-08-29 21:15:49 - INFO - [ThreadPoolExecutor-0_2] - [ThreadPoolExecutor-0_2] [25/30] Honeywell HWT-H2 LED Desk Lamp, Eye-Cari...
2026-08-29 21:15:49 - INFO - [ThreadPoolExecutor-0_2] - [ThreadPoolExecutor-0_2] Scraping product details: https://www.amazon.com/Honeywell-Spectrum-Eye-Caring-Foldable-Dimmable/dp/B0D1KHCHZP/ref=sr_1_25?dib...
2026-08-29 21:15:56 - INFO - [ThreadPoolExecutor-0_1] - [ThreadPoolExecutor-0_1] Scraping reviews...
2026-08-29 21:15:58 - INFO - [ThreadPoolExecutor-0_2] - [ThreadPoolExecutor-0_2] Scraping reviews...
2026-08-29 21:16:06 - INFO - [ThreadPoolExecutor-0_0] - [ThreadPoolExecutor-0_0] Scraping reviews...
2026-08-29 21:16:07 - INFO - [ThreadPoolExecutor-0_1] - [ThreadPoolExecutor-0_1] Found 13 reviews
2026-08-29 21:16:07 - INFO - [ThreadPoolExecutor-0_1] - [ThreadPoolExecutor-0_1] Scraped 13 reviews
2026-08-29 21:16:10 - INFO - [ThreadPoolExecutor-0_2] - [ThreadPoolExecutor-0_2] Found 13 reviews
2026-08-29 21:16:10 - INFO - [ThreadPoolExecutor-0_2] - [ThreadPoolExecutor-0_2] Scraped 13 reviews
2026-08-29 21:16:11 - INFO - [ThreadPoolExecutor-0_1] - [ThreadPoolExecutor-0_1] [8/16] Instant Pot...
2026-08-29 21:16:11 - INFO - [ThreadPoolExecutor-0_1] - [ThreadPoolExecutor-0_1] Scraping product details: https://www.amazon.com/Instant-Pot-WhisperQuiet-Electric-Multi-Cooker/dp/B0C35HNPW9/ref=sr_1_8?dib=e...
2026-08-29 21:16:13 - INFO - [ThreadPoolExecutor-0_2] - [ThreadPoolExecutor-0_2] [26/30] MOICO LED Desk Lamp with Clamp for Offic...
2026-08-29 21:16:13 - INFO - [ThreadPoolExecutor-0_2] - [ThreadPoolExecutor-0_2] Scraping product details: https://www.amazon.com/Clamp-Stepless-Dimming-Flicker-Free-Office/dp/B0G7RDYJFY/ref=sr_1_26?dib=eyJ2...
2026-08-29 21:16:17 - INFO - [ThreadPoolExecutor-0_0] - [ThreadPoolExecutor-0_0] Found 13 reviews
2026-08-29 21:16:17 - INFO - [ThreadPoolExecutor-0_0] - [ThreadPoolExecutor-0_0] Scraped 13 reviews
2026-08-29 21:16:19 - INFO - [ThreadPoolExecutor-0_1] - [ThreadPoolExecutor-0_1] Scraping reviews...
2026-08-29 21:16:20 - INFO - [ThreadPoolExecutor-0_2] - [ThreadPoolExecutor-0_2] Scraping reviews...
2026-08-29 21:16:21 - INFO - [ThreadPoolExecutor-0_0] - [ThreadPoolExecutor-0_0] [13/16] COWAY Air Purifier for Home Up to 1,748f...
2026-08-29 21:16:21 - INFO - [ThreadPoolExecutor-0_0] - [ThreadPoolExecutor-0_0] Scraping product details: https://www.amazon.com/Coway-AP-1512HH-Mighty-Purifier-White/dp/B01728NLRG/ref=sr_1_13?dib=eyJ2IjoiM...
2026-08-29 21:16:28 - INFO - [ThreadPoolExecutor-0_1] - [ThreadPoolExecutor-0_1] Found 13 reviews
2026-08-29 21:16:28 - INFO - [ThreadPoolExecutor-0_1] - [ThreadPoolExecutor-0_1] Scraped 13 reviews
2026-08-29 21:16:31 - INFO - [ThreadPoolExecutor-0_2] - [ThreadPoolExecutor-0_2] Found 8 reviews
2026-08-29 21:16:31 - INFO - [ThreadPoolExecutor-0_2] - [ThreadPoolExecutor-0_2] Scraped 8 reviews
2026-08-29 21:16:31 - INFO - [ThreadPoolExecutor-0_1] - [ThreadPoolExecutor-0_1] [9/16] Instant Pot...
2026-08-29 21:16:31 - INFO - [ThreadPoolExecutor-0_1] - [ThreadPoolExecutor-0_1] Scraping product details: https://www.amazon.com/Instant-Pot-Multi-Cooker-Pressure-Rosewater/dp/B0F9BD5M2K/ref=sr_1_9?dib=eyJ2...
2026-08-29 21:16:35 - INFO - [ThreadPoolExecutor-0_2] - [ThreadPoolExecutor-0_2] [27/30] NS Pro LED Desk Lamp with Remote, Eye-Ca...
2026-08-29 21:16:35 - INFO - [ThreadPoolExecutor-0_2] - [ThreadPoolExecutor-0_2] Scraping product details: https://www.amazon.com/NS-Eye-Caring-3000K-6000K-Adjustable-Temperature/dp/B0GCHK16ZH/ref=sr_1_27?di...
2026-08-29 21:16:36 - INFO - [ThreadPoolExecutor-0_0] - [ThreadPoolExecutor-0_0] Scraping reviews...
2026-08-29 21:16:40 - INFO - [ThreadPoolExecutor-0_1] - [ThreadPoolExecutor-0_1] Scraping reviews...
2026-08-29 21:16:45 - INFO - [ThreadPoolExecutor-0_0] - [ThreadPoolExecutor-0_0] Found 13 reviews
2026-08-29 21:16:45 - INFO - [ThreadPoolExecutor-0_0] - [ThreadPoolExecutor-0_0] Scraped 13 reviews
2026-08-29 21:16:45 - INFO - [ThreadPoolExecutor-0_2] - [ThreadPoolExecutor-0_2] Scraping reviews...
2026-08-29 21:16:49 - INFO - [ThreadPoolExecutor-0_0] - [ThreadPoolExecutor-0_0] [14/16] GermGuardian HEPA Air Purifier - Large R...
2026-08-29 21:16:49 - INFO - [ThreadPoolExecutor-0_0] - [ThreadPoolExecutor-0_0] Scraping product details: https://www.amazon.com/GermGuardian-AC4825-Sanitizer-Allergens-Guardian/dp/B004VGIGVY/ref=sr_1_14?di...
2026-08-29 21:16:52 - INFO - [ThreadPoolExecutor-0_1] - [ThreadPoolExecutor-0_1] Found 13 reviews
2026-08-29 21:16:52 - INFO - [ThreadPoolExecutor-0_1] - [ThreadPoolExecutor-0_1] Scraped 13 reviews
2026-08-29 21:16:56 - INFO - [ThreadPoolExecutor-0_1] - [ThreadPoolExecutor-0_1] [10/16] COMFEE'...
2026-08-29 21:16:56 - INFO - [ThreadPoolExecutor-0_1] - [ThreadPoolExecutor-0_1] Scraping product details: https://www.amazon.com/COMFEE-Electric-Pressure-Presets-Non-Stick/dp/B0DJFJFSZ5/ref=sr_1_10?dib=eyJ2...
2026-08-29 21:16:58 - INFO - [ThreadPoolExecutor-0_2] - [ThreadPoolExecutor-0_2] Found 7 reviews
2026-08-29 21:16:58 - INFO - [ThreadPoolExecutor-0_2] - [ThreadPoolExecutor-0_2] Scraped 7 reviews
2026-08-29 21:17:01 - INFO - [ThreadPoolExecutor-0_2] - [ThreadPoolExecutor-0_2] [28/30] SUPERDANNY Eye-Caring LED Desk Lamp Work...
2026-08-29 21:17:01 - INFO - [ThreadPoolExecutor-0_2] - [ThreadPoolExecutor-0_2] Scraping product details: https://www.amazon.com/SUPERDANNY-Eye-Caring-Flexible-Gooseneck-Lighting/dp/B0D1QY8PL6/ref=sr_1_28?d...
2026-08-29 21:17:02 - INFO - [ThreadPoolExecutor-0_0] - [ThreadPoolExecutor-0_0] Scraping reviews...
2026-08-29 21:17:07 - INFO - [ThreadPoolExecutor-0_1] - [ThreadPoolExecutor-0_1] Scraping reviews...
2026-08-29 21:17:11 - INFO - [ThreadPoolExecutor-0_2] - [ThreadPoolExecutor-0_2] Scraping reviews...
2026-08-29 21:17:13 - INFO - [ThreadPoolExecutor-0_0] - [ThreadPoolExecutor-0_0] Found 11 reviews
2026-08-29 21:17:13 - INFO - [ThreadPoolExecutor-0_0] - [ThreadPoolExecutor-0_0] Scraped 11 reviews
2026-08-29 21:17:17 - INFO - [ThreadPoolExecutor-0_1] - [ThreadPoolExecutor-0_1] Found 13 reviews
2026-08-29 21:17:17 - INFO - [ThreadPoolExecutor-0_0] - [ThreadPoolExecutor-0_0] [15/16] BLUEAIR Blue Pure 511i Max Smart Air Pur...
2026-08-29 21:17:17 - INFO - [ThreadPoolExecutor-0_0] - [ThreadPoolExecutor-0_0] Scraping product details: https://www.amazon.com/BLUEAIR-Purifiers-Bedroom-Allergens-Cleaner/dp/B08KPJ76RR/ref=sr_1_15?dib=eyJ...
2026-08-29 21:17:17 - INFO - [ThreadPoolExecutor-0_1] - [ThreadPoolExecutor-0_1] Scraped 13 reviews
2026-08-29 21:17:19 - INFO - [ThreadPoolExecutor-0_2] - [ThreadPoolExecutor-0_2] Found 8 reviews
2026-08-29 21:17:19 - INFO - [ThreadPoolExecutor-0_2] - [ThreadPoolExecutor-0_2] Scraped 8 reviews
2026-08-29 21:17:21 - INFO - [ThreadPoolExecutor-0_1] - [ThreadPoolExecutor-0_1] [11/16] Instant Pot...
2026-08-29 21:17:21 - INFO - [ThreadPoolExecutor-0_1] - [ThreadPoolExecutor-0_1] Scraping product details: https://www.amazon.com/Instant-Electric-Multicooker-Dehydrates-Stainless/dp/B07VT23JDM/ref=sr_1_11?d...
2026-08-29 21:17:24 - INFO - [ThreadPoolExecutor-0_2] - [ThreadPoolExecutor-0_2] [29/30] Adjustable LED Desk Lamp with Clamp & Re...
2026-08-29 21:17:24 - INFO - [ThreadPoolExecutor-0_2] - [ThreadPoolExecutor-0_2] Scraping product details: https://www.amazon.com/SANDROY-VOLT-Adjustable-Remote-4-Head/dp/B0F1XKYJFD/ref=sr_1_29?dib=eyJ2IjoiM...
2026-08-29 21:17:29 - INFO - [ThreadPoolExecutor-0_1] - [ThreadPoolExecutor-0_1] Scraping reviews...
2026-08-29 21:17:32 - INFO - [ThreadPoolExecutor-0_0] - [ThreadPoolExecutor-0_0] Scraping reviews...
2026-08-29 21:17:33 - INFO - [ThreadPoolExecutor-0_2] - [ThreadPoolExecutor-0_2] Scraping reviews...
2026-08-29 21:17:41 - INFO - [ThreadPoolExecutor-0_0] - [ThreadPoolExecutor-0_0] Found 13 reviews
2026-08-29 21:17:41 - INFO - [ThreadPoolExecutor-0_0] - [ThreadPoolExecutor-0_0] Scraped 13 reviews
2026-08-29 21:17:41 - INFO - [ThreadPoolExecutor-0_1] - [ThreadPoolExecutor-0_1] Found 8 reviews
2026-08-29 21:17:41 - INFO - [ThreadPoolExecutor-0_1] - [ThreadPoolExecutor-0_1] Scraped 8 reviews
2026-08-29 21:17:42 - INFO - [ThreadPoolExecutor-0_2] - [ThreadPoolExecutor-0_2] Found 9 reviews
2026-08-29 21:17:42 - INFO - [ThreadPoolExecutor-0_2] - [ThreadPoolExecutor-0_2] Scraped 9 reviews
2026-08-29 21:17:44 - INFO - [ThreadPoolExecutor-0_0] - [ThreadPoolExecutor-0_0] [16/16] Levoit Air Purifiers for Home Bedroom Do...
2026-08-29 21:17:44 - INFO - [ThreadPoolExecutor-0_0] - [ThreadPoolExecutor-0_0] Scraping product details: https://www.amazon.com/LEVOIT-Purifiers-Fragrance-Core-Mini/dp/B09LMF648R/ref=sr_1_16?dib=eyJ2IjoiMS...
2026-08-29 21:17:45 - INFO - [ThreadPoolExecutor-0_2] - [ThreadPoolExecutor-0_2] [30/30] R RUCKERCO Led Desk Lamp Dimmable Desk L...
2026-08-29 21:17:45 - INFO - [ThreadPoolExecutor-0_2] - [ThreadPoolExecutor-0_2] Scraping product details: https://www.amazon.com/RUCKERCO-Dimmable-Lighting-Protection-Accessories/dp/B0CNZS9RRB/ref=sr_1_30?d...
2026-08-29 21:17:46 - INFO - [ThreadPoolExecutor-0_1] - [ThreadPoolExecutor-0_1] [12/16] Electric Pressure Cooker 6 Qt, 9 Functio...
2026-08-29 21:17:46 - INFO - [ThreadPoolExecutor-0_1] - [ThreadPoolExecutor-0_1] Scraping product details: https://www.amazon.com/Electric-Pressure-Functions-Programmable-Touchscreen/dp/B0FWC3F2M1/ref=sr_1_1...
2026-08-29 21:17:54 - INFO - [ThreadPoolExecutor-0_2] - [ThreadPoolExecutor-0_2] Scraping reviews...
2026-08-29 21:17:59 - INFO - [ThreadPoolExecutor-0_0] - [ThreadPoolExecutor-0_0] Scraping reviews...
2026-08-29 21:18:00 - INFO - [ThreadPoolExecutor-0_1] - [ThreadPoolExecutor-0_1] Scraping reviews...
2026-08-29 21:18:05 - INFO - [ThreadPoolExecutor-0_2] - [ThreadPoolExecutor-0_2] Found 13 reviews
2026-08-29 21:18:05 - INFO - [ThreadPoolExecutor-0_2] - [ThreadPoolExecutor-0_2] Scraped 13 reviews
2026-08-29 21:18:05 - INFO - [ThreadPoolExecutor-0_2] - [ThreadPoolExecutor-0_2] Completed 'desk lamp LED': 30 products, 313 reviews
2026-08-29 21:18:05 - INFO - [ThreadPoolExecutor-0_2] - ✓ desk lamp LED: 30 products, 313 reviews
2026-08-29 21:18:07 - INFO - [ThreadPoolExecutor-0_2] - [ThreadPoolExecutor-0_2] WebDriver closed
2026-08-29 21:18:07 - INFO - [ThreadPoolExecutor-0_2] - [ThreadPoolExecutor-0_2] [12/28] Processing: electric toothbrush
2026-08-29 21:18:07 - INFO - [ThreadPoolExecutor-0_2] - [ThreadPoolExecutor-0_2] Creating Chrome driver...
2026-08-29 21:18:08 - INFO - [ThreadPoolExecutor-0_0] - [ThreadPoolExecutor-0_0] Found 13 reviews
2026-08-29 21:18:08 - INFO - [ThreadPoolExecutor-0_0] - [ThreadPoolExecutor-0_0] Scraped 13 reviews
2026-08-29 21:18:08 - INFO - [ThreadPoolExecutor-0_0] - [ThreadPoolExecutor-0_0] Completed 'air purifier': 16 products, 193 reviews
2026-08-29 21:18:08 - INFO - [ThreadPoolExecutor-0_0] - ✓ air purifier: 16 products, 193 reviews
2026-08-29 21:18:09 - INFO - [ThreadPoolExecutor-0_2] - [ThreadPoolExecutor-0_2] Chrome driver created successfully
2026-08-29 21:18:09 - INFO - [ThreadPoolExecutor-0_2] - Created new driver for thread: ThreadPoolExecutor-0_2
2026-08-29 21:18:09 - INFO - [ThreadPoolExecutor-0_2] - [ThreadPoolExecutor-0_2] Searching: https://www.amazon.com/s?k=electric+toothbrush
2026-08-29 21:18:10 - INFO - [ThreadPoolExecutor-0_0] - [ThreadPoolExecutor-0_0] WebDriver closed
2026-08-29 21:18:10 - INFO - [ThreadPoolExecutor-0_0] - [ThreadPoolExecutor-0_0] [13/28] Processing: budget laptop
2026-08-29 21:18:10 - INFO - [ThreadPoolExecutor-0_0] - [ThreadPoolExecutor-0_0] Creating Chrome driver...
2026-08-29 21:18:12 - INFO - [ThreadPoolExecutor-0_0] - [ThreadPoolExecutor-0_0] Chrome driver created successfully
2026-08-29 21:18:12 - INFO - [ThreadPoolExecutor-0_0] - Created new driver for thread: ThreadPoolExecutor-0_0
2026-08-29 21:18:12 - INFO - [ThreadPoolExecutor-0_0] - [ThreadPoolExecutor-0_0] Searching: https://www.amazon.com/s?k=budget+laptop
2026-08-29 21:18:12 - INFO - [ThreadPoolExecutor-0_1] - [ThreadPoolExecutor-0_1] Found 8 reviews
2026-08-29 21:18:12 - INFO - [ThreadPoolExecutor-0_1] - [ThreadPoolExecutor-0_1] Scraped 8 reviews
2026-08-29 21:18:15 - INFO - [ThreadPoolExecutor-0_1] - [ThreadPoolExecutor-0_1] [13/16] Instant Pot...
2026-08-29 21:18:15 - INFO - [ThreadPoolExecutor-0_1] - [ThreadPoolExecutor-0_1] Scraping product details: https://www.amazon.com/Instant-Pot-6Qt-Plus-WiFi/dp/B08TMTJZ8L/ref=sr_1_13?dib=eyJ2IjoiMSJ9.y4LLAMvR...
2026-08-29 21:18:22 - INFO - [ThreadPoolExecutor-0_2] - Found 48 products in search results
2026-08-29 21:18:22 - INFO - [ThreadPoolExecutor-0_2] - [ThreadPoolExecutor-0_2] Found 30 products for: electric toothbrush
2026-08-29 21:18:22 - INFO - [ThreadPoolExecutor-0_2] - [ThreadPoolExecutor-0_2] [1/30] Oral-B Pro 1000 Rechargeable Electric To...
2026-08-29 21:18:22 - INFO - [ThreadPoolExecutor-0_2] - [ThreadPoolExecutor-0_2] Scraping product details: https://www.amazon.com/Oral-B-Black-Pro-1000-Rechargeable/dp/B01AKGRTUM/ref=sr_1_1?dib=eyJ2IjoiMSJ9....
2026-08-29 21:18:24 - INFO - [ThreadPoolExecutor-0_0] - Found 16 products in search results
2026-08-29 21:18:24 - INFO - [ThreadPoolExecutor-0_0] - [ThreadPoolExecutor-0_0] Found 16 products for: budget laptop
2026-08-29 21:18:24 - INFO - [ThreadPoolExecutor-0_0] - [ThreadPoolExecutor-0_0] [1/16] HP Essential Laptop 2026, Intel CPU, 128...
2026-08-29 21:18:24 - INFO - [ThreadPoolExecutor-0_0] - [ThreadPoolExecutor-0_0] Scraping product details: https://www.amazon.com/HP-Essential-Laptop-Storage-Windows/dp/B0H99JJH7N/ref=sr_1_1?dib=eyJ2IjoiMSJ9...
2026-08-29 21:18:27 - INFO - [ThreadPoolExecutor-0_1] - [ThreadPoolExecutor-0_1] Scraping reviews...
2026-08-29 21:18:34 - INFO - [ThreadPoolExecutor-0_0] - [ThreadPoolExecutor-0_0] Scraping reviews...
2026-08-29 21:18:34 - INFO - [ThreadPoolExecutor-0_2] - [ThreadPoolExecutor-0_2] Scraping reviews...
2026-08-29 21:18:39 - INFO - [ThreadPoolExecutor-0_1] - [ThreadPoolExecutor-0_1] Found 13 reviews
2026-08-29 21:18:39 - INFO - [ThreadPoolExecutor-0_1] - [ThreadPoolExecutor-0_1] Scraped 13 reviews
2026-08-29 21:18:41 - INFO - [ThreadPoolExecutor-0_1] - [ThreadPoolExecutor-0_1] [14/16] Midea...
2026-08-29 21:18:41 - INFO - [ThreadPoolExecutor-0_1] - [ThreadPoolExecutor-0_1] Scraping product details: https://www.amazon.com/Midea-Electric-Multi-Functional-Programmable-Stainless/dp/B0DGG5W4FK/ref=sr_1...
2026-08-29 21:18:43 - INFO - [ThreadPoolExecutor-0_2] - [ThreadPoolExecutor-0_2] Found 13 reviews
2026-08-29 21:18:43 - INFO - [ThreadPoolExecutor-0_2] - [ThreadPoolExecutor-0_2] Scraped 13 reviews
2026-08-29 21:18:44 - INFO - [ThreadPoolExecutor-0_0] - [ThreadPoolExecutor-0_0] Found 8 reviews
2026-08-29 21:18:44 - INFO - [ThreadPoolExecutor-0_0] - [ThreadPoolExecutor-0_0] Scraped 8 reviews
2026-08-29 21:18:47 - INFO - [ThreadPoolExecutor-0_2] - [ThreadPoolExecutor-0_2] [2/30] Philips Sonicare 4100 Rechargeable Elect...
2026-08-29 21:18:47 - INFO - [ThreadPoolExecutor-0_2] - [ThreadPoolExecutor-0_2] Scraping product details: https://www.amazon.com/Philips-Sonicare-Toothbrush-Rechargeable-HX3681/dp/B09LD7WRVS/ref=sr_1_2?dib=...
2026-08-29 21:18:49 - INFO - [ThreadPoolExecutor-0_0] - [ThreadPoolExecutor-0_0] [2/16] HP 14" HD Chromebook Laptop for Students...
2026-08-29 21:18:49 - INFO - [ThreadPoolExecutor-0_0] - [ThreadPoolExecutor-0_0] Scraping product details: https://www.amazon.com/HP-Chromebook-Students-Quad-Core-Accessories/dp/B0C8171GTK/ref=sr_1_2?dib=eyJ...
2026-08-29 21:18:52 - INFO - [ThreadPoolExecutor-0_1] - [ThreadPoolExecutor-0_1] Scraping reviews...
2026-08-29 21:18:55 - INFO - [ThreadPoolExecutor-0_2] - [ThreadPoolExecutor-0_2] Scraping reviews...
2026-08-29 21:18:57 - INFO - [ThreadPoolExecutor-0_0] - [ThreadPoolExecutor-0_0] Scraping reviews...
2026-08-29 21:19:02 - INFO - [ThreadPoolExecutor-0_1] - [ThreadPoolExecutor-0_1] Found 13 reviews
2026-08-29 21:19:02 - INFO - [ThreadPoolExecutor-0_1] - [ThreadPoolExecutor-0_1] Scraped 13 reviews
2026-08-29 21:19:06 - INFO - [ThreadPoolExecutor-0_1] - [ThreadPoolExecutor-0_1] [15/16] Ninja...
2026-08-29 21:19:06 - INFO - [ThreadPoolExecutor-0_1] - [ThreadPoolExecutor-0_1] Scraping product details: https://www.amazon.com/Ninja%C2%AE-HyperHeatTM-Pressure-Macaron-PC201/dp/B0FJ9YL548/ref=sr_1_15?dib=...
2026-08-29 21:19:07 - INFO - [ThreadPoolExecutor-0_2] - [ThreadPoolExecutor-0_2] Found 13 reviews
2026-08-29 21:19:07 - INFO - [ThreadPoolExecutor-0_2] - [ThreadPoolExecutor-0_2] Scraped 13 reviews
2026-08-29 21:19:08 - INFO - [ThreadPoolExecutor-0_0] - [ThreadPoolExecutor-0_0] Found 10 reviews
2026-08-29 21:19:08 - INFO - [ThreadPoolExecutor-0_0] - [ThreadPoolExecutor-0_0] Scraped 10 reviews
2026-08-29 21:19:09 - INFO - [ThreadPoolExecutor-0_2] - [ThreadPoolExecutor-0_2] [3/30] Philips Sonicare 4100 Rechargeable Elect...
2026-08-29 21:19:09 - INFO - [ThreadPoolExecutor-0_2] - [ThreadPoolExecutor-0_2] Scraping product details: https://www.amazon.com/Philips-Sonicare-Toothbrush-Rechargeable-HX3681/dp/B09LD8T445/ref=sr_1_3?dib=...
2026-08-29 21:19:11 - INFO - [ThreadPoolExecutor-0_0] - [ThreadPoolExecutor-0_0] [3/16] Lenovo 15.6" Business Laptop, 2026 Editi...
2026-08-29 21:19:11 - INFO - [ThreadPoolExecutor-0_0] - [ThreadPoolExecutor-0_0] Scraping product details: https://www.amazon.com/Lenovo-15-6-Business-Laptop-128GB/dp/B0GX66CNNJ/ref=sr_1_3?dib=eyJ2IjoiMSJ9.1...
2026-08-29 21:19:14 - INFO - [ThreadPoolExecutor-0_1] - [ThreadPoolExecutor-0_1] Scraping reviews...
2026-08-29 21:19:16 - INFO - [ThreadPoolExecutor-0_2] - [ThreadPoolExecutor-0_2] Scraping reviews...
2026-08-29 21:19:20 - INFO - [ThreadPoolExecutor-0_0] - [ThreadPoolExecutor-0_0] Scraping reviews...
2026-08-29 21:19:25 - INFO - [ThreadPoolExecutor-0_2] - [ThreadPoolExecutor-0_2] Found 13 reviews
2026-08-29 21:19:25 - INFO - [ThreadPoolExecutor-0_2] - [ThreadPoolExecutor-0_2] Scraped 13 reviews
2026-08-29 21:19:26 - INFO - [ThreadPoolExecutor-0_1] - [ThreadPoolExecutor-0_1] Found 9 reviews
2026-08-29 21:19:26 - INFO - [ThreadPoolExecutor-0_1] - [ThreadPoolExecutor-0_1] Scraped 9 reviews
2026-08-29 21:19:27 - INFO - [ThreadPoolExecutor-0_2] - [ThreadPoolExecutor-0_2] [4/30] Philips Sonicare 4100 Rechargeable Elect...
2026-08-29 21:19:27 - INFO - [ThreadPoolExecutor-0_2] - [ThreadPoolExecutor-0_2] Scraping product details: https://www.amazon.com/Philips-Sonicare-Toothbrush-Rechargeable-HX3681/dp/B09LD8VFS1/ref=sr_1_4?dib=...
2026-08-29 21:19:28 - INFO - [ThreadPoolExecutor-0_0] - [ThreadPoolExecutor-0_0] Found 13 reviews
2026-08-29 21:19:28 - INFO - [ThreadPoolExecutor-0_0] - [ThreadPoolExecutor-0_0] Scraped 13 reviews
2026-08-29 21:19:31 - INFO - [ThreadPoolExecutor-0_1] - [ThreadPoolExecutor-0_1] [16/16] Instant Pot...
2026-08-29 21:19:31 - INFO - [ThreadPoolExecutor-0_1] - [ThreadPoolExecutor-0_1] Scraping product details: https://www.amazon.com/Instant-Pot-Ultimate-Pressure-Dehydrate/dp/B0B1G5M31V/ref=sr_1_16?dib=eyJ2Ijo...
2026-08-29 21:19:32 - INFO - [ThreadPoolExecutor-0_0] - [ThreadPoolExecutor-0_0] [4/16] acer Gateway Chromebook 314 CBO314-1H-C4...
2026-08-29 21:19:32 - INFO - [ThreadPoolExecutor-0_0] - [ThreadPoolExecutor-0_0] Scraping product details: https://www.amazon.com/acer-Gateway-Chromebook-CBO314-1H-C476-802-11ac/dp/B0DVCBYMQY/ref=sr_1_4?dib=...
2026-08-29 21:19:35 - INFO - [ThreadPoolExecutor-0_2] - [ThreadPoolExecutor-0_2] Scraping reviews...
2026-08-29 21:19:42 - INFO - [ThreadPoolExecutor-0_0] - [ThreadPoolExecutor-0_0] Scraping reviews...
2026-08-29 21:19:45 - INFO - [ThreadPoolExecutor-0_2] - [ThreadPoolExecutor-0_2] Found 13 reviews
2026-08-29 21:19:45 - INFO - [ThreadPoolExecutor-0_2] - [ThreadPoolExecutor-0_2] Scraped 13 reviews
2026-08-29 21:19:48 - INFO - [ThreadPoolExecutor-0_2] - [ThreadPoolExecutor-0_2] [5/30] Oral-B Pro 1000 Rechargeable Electric To...
2026-08-29 21:19:48 - INFO - [ThreadPoolExecutor-0_2] - [ThreadPoolExecutor-0_2] Scraping product details: https://www.amazon.com/Oral-B-1000-Rechargeable-Electric-Toothbrush/dp/B003UKM9CO/ref=sr_1_5?dib=eyJ...
2026-08-29 21:19:50 - INFO - [ThreadPoolExecutor-0_1] - [ThreadPoolExecutor-0_1] Scraping reviews...
2026-08-29 21:19:52 - INFO - [ThreadPoolExecutor-0_0] - [ThreadPoolExecutor-0_0] Found 8 reviews
2026-08-29 21:19:52 - INFO - [ThreadPoolExecutor-0_0] - [ThreadPoolExecutor-0_0] Scraped 8 reviews
2026-08-29 21:19:56 - INFO - [ThreadPoolExecutor-0_0] - [ThreadPoolExecutor-0_0] [5/16] ASUS Vivobook Go 15.6” FHD Slim Laptop, ...
2026-08-29 21:19:56 - INFO - [ThreadPoolExecutor-0_0] - [ThreadPoolExecutor-0_0] Scraping product details: https://www.amazon.com/ASUS-Vivobook-Processor-Durability-E1504FA-AB34/dp/B0DTVQN7KM/ref=sr_1_5?dib=...
2026-08-29 21:19:58 - INFO - [ThreadPoolExecutor-0_2] - [ThreadPoolExecutor-0_2] Scraping reviews...
2026-08-29 21:19:58 - INFO - [ThreadPoolExecutor-0_1] - [ThreadPoolExecutor-0_1] Found 13 reviews
2026-08-29 21:19:58 - INFO - [ThreadPoolExecutor-0_1] - [ThreadPoolExecutor-0_1] Scraped 13 reviews
2026-08-29 21:19:59 - INFO - [ThreadPoolExecutor-0_1] - [ThreadPoolExecutor-0_1] Completed 'instant pot': 16 products, 194 reviews
2026-08-29 21:19:59 - INFO - [ThreadPoolExecutor-0_1] - ✓ instant pot: 16 products, 194 reviews
2026-08-29 21:19:59 - INFO - [ThreadPoolExecutor-0_1] - [ThreadPoolExecutor-0_1] WebDriver closed
2026-08-29 21:19:59 - INFO - [ThreadPoolExecutor-0_1] - [ThreadPoolExecutor-0_1] [14/28] Processing: bluetooth speaker
2026-08-29 21:19:59 - INFO - [ThreadPoolExecutor-0_1] - [ThreadPoolExecutor-0_1] Creating Chrome driver...
2026-08-29 21:20:01 - INFO - [ThreadPoolExecutor-0_1] - [ThreadPoolExecutor-0_1] Chrome driver created successfully
2026-08-29 21:20:01 - INFO - [ThreadPoolExecutor-0_1] - Created new driver for thread: ThreadPoolExecutor-0_1
2026-08-29 21:20:01 - INFO - [ThreadPoolExecutor-0_1] - [ThreadPoolExecutor-0_1] Searching: https://www.amazon.com/s?k=bluetooth+speaker
2026-08-29 21:20:03 - INFO - [ThreadPoolExecutor-0_0] - [ThreadPoolExecutor-0_0] Scraping reviews...
2026-08-29 21:20:08 - INFO - [ThreadPoolExecutor-0_2] - [ThreadPoolExecutor-0_2] Found 13 reviews
2026-08-29 21:20:08 - INFO - [ThreadPoolExecutor-0_2] - [ThreadPoolExecutor-0_2] Scraped 13 reviews
2026-08-29 21:20:13 - INFO - [ThreadPoolExecutor-0_0] - [ThreadPoolExecutor-0_0] Found 9 reviews
2026-08-29 21:20:13 - INFO - [ThreadPoolExecutor-0_1] - Found 17 products in search results
2026-08-29 21:20:13 - INFO - [ThreadPoolExecutor-0_1] - [ThreadPoolExecutor-0_1] Found 17 products for: bluetooth speaker
2026-08-29 21:20:13 - INFO - [ThreadPoolExecutor-0_1] - [ThreadPoolExecutor-0_1] [1/17] Bluetooth Speaker, 20W HD Sound, Portabl...
2026-08-29 21:20:13 - INFO - [ThreadPoolExecutor-0_1] - [ThreadPoolExecutor-0_1] Scraping product details: https://www.amazon.com/Bluetooth-Waterproof-Playtime-Portable-Electronic/dp/B0BRKPVZB4/ref=sr_1_1?di...
2026-08-29 21:20:13 - INFO - [ThreadPoolExecutor-0_0] - [ThreadPoolExecutor-0_0] Scraped 9 reviews
2026-08-29 21:20:13 - INFO - [ThreadPoolExecutor-0_2] - [ThreadPoolExecutor-0_2] [6/30] Oral-B iO Series 3 Limited Deep Clean Re...
2026-08-29 21:20:13 - INFO - [ThreadPoolExecutor-0_2] - [ThreadPoolExecutor-0_2] Scraping product details: https://www.amazon.com/Oral-B-iO-Electric-Toothbrush-Rechargeable/dp/B0B5HRWH1S/ref=sr_1_6?dib=eyJ2I...
2026-08-29 21:20:15 - INFO - [ThreadPoolExecutor-0_0] - [ThreadPoolExecutor-0_0] [6/16] Dell Latitude 5420 14" FHD Business Lapt...
2026-08-29 21:20:15 - INFO - [ThreadPoolExecutor-0_0] - [ThreadPoolExecutor-0_0] Scraping product details: https://www.amazon.com/Dell-Latitude-5420-Quad-Core-i5-1145G7/dp/B0F53SQRH4/ref=sr_1_6?dib=eyJ2IjoiM...
2026-08-29 21:20:21 - INFO - [ThreadPoolExecutor-0_2] - [ThreadPoolExecutor-0_2] Scraping reviews...
2026-08-29 21:20:23 - INFO - [ThreadPoolExecutor-0_1] - [ThreadPoolExecutor-0_1] Scraping reviews...
2026-08-29 21:20:25 - INFO - [ThreadPoolExecutor-0_0] - [ThreadPoolExecutor-0_0] Scraping reviews...
2026-08-29 21:20:30 - INFO - [ThreadPoolExecutor-0_2] - [ThreadPoolExecutor-0_2] Found 13 reviews
2026-08-29 21:20:30 - INFO - [ThreadPoolExecutor-0_2] - [ThreadPoolExecutor-0_2] Scraped 13 reviews
2026-08-29 21:20:33 - INFO - [ThreadPoolExecutor-0_1] - [ThreadPoolExecutor-0_1] Found 12 reviews
2026-08-29 21:20:33 - INFO - [ThreadPoolExecutor-0_1] - [ThreadPoolExecutor-0_1] Scraped 12 reviews
2026-08-29 21:20:34 - INFO - [ThreadPoolExecutor-0_0] - [ThreadPoolExecutor-0_0] Found 13 reviews
2026-08-29 21:20:34 - INFO - [ThreadPoolExecutor-0_0] - [ThreadPoolExecutor-0_0] Scraped 13 reviews
2026-08-29 21:20:35 - INFO - [ThreadPoolExecutor-0_2] - [ThreadPoolExecutor-0_2] [7/30] Oral-B Pro 1000 Rechargeable Electric To...
2026-08-29 21:20:35 - INFO - [ThreadPoolExecutor-0_2] - [ThreadPoolExecutor-0_2] Scraping product details: https://www.amazon.com/Oral-B-CrossAction-Electric-Toothbrush-Powered/dp/B07XF8NT4C/ref=sr_1_7?dib=e...
2026-08-29 21:20:36 - INFO - [ThreadPoolExecutor-0_1] - [ThreadPoolExecutor-0_1] [2/17] Portable Bluetooth Speaker Beach Essenti...
2026-08-29 21:20:36 - INFO - [ThreadPoolExecutor-0_1] - [ThreadPoolExecutor-0_1] Scraping product details: https://www.amazon.com/CHIFENCHY-Portable-Bluetooth-Powerful-Waterproof/dp/B0CX1FRR27/ref=sr_1_2?dib...
2026-08-29 21:20:38 - INFO - [ThreadPoolExecutor-0_0] - [ThreadPoolExecutor-0_0] [7/16] AE86 15.6" Laptop, Celeron N4000, 8GB RA...
2026-08-29 21:20:38 - INFO - [ThreadPoolExecutor-0_0] - [ThreadPoolExecutor-0_0] Scraping product details: https://www.amazon.com/AE86-Dual-Band-Lightweight-Notebook-Business/dp/B0FVXYDGK1/ref=sr_1_7?dib=eyJ...
2026-08-29 21:20:41 - INFO - [ThreadPoolExecutor-0_2] - [ThreadPoolExecutor-0_2] Scraping reviews...
2026-08-29 21:20:46 - INFO - [ThreadPoolExecutor-0_0] - [ThreadPoolExecutor-0_0] Scraping reviews...
2026-08-29 21:20:46 - INFO - [ThreadPoolExecutor-0_1] - [ThreadPoolExecutor-0_1] Scraping reviews...
2026-08-29 21:20:50 - INFO - [ThreadPoolExecutor-0_2] - [ThreadPoolExecutor-0_2] Found 13 reviews
2026-08-29 21:20:50 - INFO - [ThreadPoolExecutor-0_2] - [ThreadPoolExecutor-0_2] Scraped 13 reviews
2026-08-29 21:20:55 - INFO - [ThreadPoolExecutor-0_2] - [ThreadPoolExecutor-0_2] [8/30] PHILIPS Sonicare 1100 Rechargeable Elect...
2026-08-29 21:20:55 - INFO - [ThreadPoolExecutor-0_2] - [ThreadPoolExecutor-0_2] Scraping product details: https://www.amazon.com/Philips-Sonicare-Toothbrush-Rechargeable-HX3641/dp/B09LD8VXLX/ref=sr_1_8?dib=...
2026-08-29 21:20:57 - INFO - [ThreadPoolExecutor-0_1] - [ThreadPoolExecutor-0_1] Found 8 reviews
2026-08-29 21:20:57 - INFO - [ThreadPoolExecutor-0_1] - [ThreadPoolExecutor-0_1] Scraped 8 reviews
2026-08-29 21:20:58 - INFO - [ThreadPoolExecutor-0_0] - [ThreadPoolExecutor-0_0] Found 8 reviews
2026-08-29 21:20:58 - INFO - [ThreadPoolExecutor-0_0] - [ThreadPoolExecutor-0_0] Scraped 8 reviews
2026-08-29 21:21:00 - INFO - [ThreadPoolExecutor-0_1] - [ThreadPoolExecutor-0_1] [3/17] Portable Bluetooth Speaker, 160W Peak Lo...
2026-08-29 21:21:00 - INFO - [ThreadPoolExecutor-0_1] - [ThreadPoolExecutor-0_1] Scraping product details: https://www.amazon.com/sspa/click?ie=UTF8&spc=MTozMjEwMTkyMjA4NzgzNDgwOjE3ODgwMTY4MDI6c3Bfc2VhcmNoX3...
2026-08-29 21:21:00 - INFO - [ThreadPoolExecutor-0_0] - [ThreadPoolExecutor-0_0] [8/16] HP Laptop 2026 Student Business, Copilot...
2026-08-29 21:21:00 - INFO - [ThreadPoolExecutor-0_0] - [ThreadPoolExecutor-0_0] Scraping product details: https://www.amazon.com/HP-Laptop-Student-Business-Copilot/dp/B0GY16ZXZV/ref=sr_1_8?dib=eyJ2IjoiMSJ9....
2026-08-29 21:21:03 - INFO - [ThreadPoolExecutor-0_2] - [ThreadPoolExecutor-0_2] Scraping reviews...
2026-08-29 21:21:08 - INFO - [ThreadPoolExecutor-0_0] - [ThreadPoolExecutor-0_0] Scraping reviews...
2026-08-29 21:21:09 - INFO - [ThreadPoolExecutor-0_1] - [ThreadPoolExecutor-0_1] Scraping reviews...
2026-08-29 21:21:14 - INFO - [ThreadPoolExecutor-0_2] - [ThreadPoolExecutor-0_2] Found 13 reviews
2026-08-29 21:21:14 - INFO - [ThreadPoolExecutor-0_2] - [ThreadPoolExecutor-0_2] Scraped 13 reviews
2026-08-29 21:21:17 - INFO - [ThreadPoolExecutor-0_2] - [ThreadPoolExecutor-0_2] [9/30] Philips Sonicare 6500 Rechargeable Elect...
2026-08-29 21:21:17 - INFO - [ThreadPoolExecutor-0_2] - [ThreadPoolExecutor-0_2] Scraping product details: https://www.amazon.com/Philips-Sonicare-6500-Electric-Toothbrush/dp/B0G3QTZV2L/ref=sr_1_9?dib=eyJ2Ij...
2026-08-29 21:21:20 - INFO - [ThreadPoolExecutor-0_0] - [ThreadPoolExecutor-0_0] Found 8 reviews
2026-08-29 21:21:20 - INFO - [ThreadPoolExecutor-0_0] - [ThreadPoolExecutor-0_0] Scraped 8 reviews
2026-08-29 21:21:24 - INFO - [ThreadPoolExecutor-0_0] - [ThreadPoolExecutor-0_0] [9/16] 15.6 inch Laptop, Core 8100Y, 4GB So-Dim...
2026-08-29 21:21:24 - INFO - [ThreadPoolExecutor-0_0] - [ThreadPoolExecutor-0_0] Scraping product details: https://www.amazon.com/OTVOC-Laptop-8100Y-So-Dimm-Windows/dp/B0H9D5WDWV/ref=sr_1_9?dib=eyJ2IjoiMSJ9....
2026-08-29 21:21:26 - INFO - [ThreadPoolExecutor-0_2] - [ThreadPoolExecutor-0_2] Scraping reviews...
2026-08-29 21:21:35 - INFO - [ThreadPoolExecutor-0_0] - [ThreadPoolExecutor-0_0] Scraping reviews...
2026-08-29 21:21:38 - INFO - [ThreadPoolExecutor-0_2] - [ThreadPoolExecutor-0_2] Found 8 reviews
2026-08-29 21:21:38 - INFO - [ThreadPoolExecutor-0_2] - [ThreadPoolExecutor-0_2] Scraped 8 reviews
2026-08-29 21:21:41 - INFO - [ThreadPoolExecutor-0_2] - [ThreadPoolExecutor-0_2] [10/30] Oral-B Rechargeable Electric Toothbrush,...
2026-08-29 21:21:41 - INFO - [ThreadPoolExecutor-0_2] - [ThreadPoolExecutor-0_2] Scraping product details: https://www.amazon.com/Oral-B-iO-Electric-Toothbrush-Rechargeable/dp/B0B5YPHMW8/ref=sr_1_10?dib=eyJ2...
2026-08-29 21:21:48 - INFO - [ThreadPoolExecutor-0_0] - [ThreadPoolExecutor-0_0] Found 8 reviews
2026-08-29 21:21:48 - INFO - [ThreadPoolExecutor-0_0] - [ThreadPoolExecutor-0_0] Scraped 8 reviews
2026-08-29 21:21:48 - INFO - [ThreadPoolExecutor-0_2] - [ThreadPoolExecutor-0_2] Scraping reviews...
2026-08-29 21:21:51 - INFO - [ThreadPoolExecutor-0_0] - [ThreadPoolExecutor-0_0] [10/16] Phatom 15.6" FHD Laptop Computers, Compa...
2026-08-29 21:21:51 - INFO - [ThreadPoolExecutor-0_0] - [ThreadPoolExecutor-0_0] Scraping product details: https://www.amazon.com/Phatom-Computers-Compatible-Windows-Business/dp/B0FS1V6XZD/ref=sr_1_10?dib=ey...
2026-08-29 21:21:53 - WARNING - [ThreadPoolExecutor-0_1] - [ThreadPoolExecutor-0_1] No reviews found
2026-08-29 21:21:56 - INFO - [ThreadPoolExecutor-0_1] - [ThreadPoolExecutor-0_1] [4/17] Soundcore Boom 2 by Anker, 80W Outdoor B...
2026-08-29 21:21:56 - INFO - [ThreadPoolExecutor-0_1] - [ThreadPoolExecutor-0_1] Scraping product details: https://www.amazon.com/Soundcore-Subwoofer-Waterproof-Floatable-Bluetooth/dp/B0CQ53RVTW/ref=sr_1_3?d...
2026-08-29 21:21:57 - INFO - [ThreadPoolExecutor-0_2] - [ThreadPoolExecutor-0_2] Found 13 reviews
2026-08-29 21:21:57 - INFO - [ThreadPoolExecutor-0_2] - [ThreadPoolExecutor-0_2] Scraped 13 reviews
2026-08-29 21:22:00 - INFO - [ThreadPoolExecutor-0_0] - [ThreadPoolExecutor-0_0] Scraping reviews...
2026-08-29 21:22:01 - INFO - [ThreadPoolExecutor-0_2] - [ThreadPoolExecutor-0_2] [11/30] Oral-B Rechargeable Electric Toothbrush,...
2026-08-29 21:22:01 - INFO - [ThreadPoolExecutor-0_2] - [ThreadPoolExecutor-0_2] Scraping product details: https://www.amazon.com/Oral-B-Rechargeable-Electric-Powered-Toothbrush/dp/B0D1DRYBTN/ref=sr_1_11?dib...
2026-08-29 21:22:07 - INFO - [ThreadPoolExecutor-0_1] - [ThreadPoolExecutor-0_1] Scraping reviews...
2026-08-29 21:22:10 - INFO - [ThreadPoolExecutor-0_2] - [ThreadPoolExecutor-0_2] Scraping reviews...
2026-08-29 21:22:11 - INFO - [ThreadPoolExecutor-0_0] - [ThreadPoolExecutor-0_0] Found 8 reviews
2026-08-29 21:22:11 - INFO - [ThreadPoolExecutor-0_0] - [ThreadPoolExecutor-0_0] Scraped 8 reviews
2026-08-29 21:22:15 - INFO - [ThreadPoolExecutor-0_0] - [ThreadPoolExecutor-0_0] [11/16] Dell 15.6 Laptop, FHD, Intel Core 3 100U...
2026-08-29 21:22:15 - INFO - [ThreadPoolExecutor-0_0] - [ThreadPoolExecutor-0_0] Scraping product details: https://www.amazon.com/Dell-DC15250-15-6-inch-Display-Processor-Graphics/dp/B09R6FNNS1/ref=sr_1_11?d...
2026-08-29 21:22:19 - INFO - [ThreadPoolExecutor-0_1] - [ThreadPoolExecutor-0_1] Found 13 reviews
2026-08-29 21:22:20 - INFO - [ThreadPoolExecutor-0_1] - [ThreadPoolExecutor-0_1] Scraped 13 reviews
2026-08-29 21:22:22 - INFO - [ThreadPoolExecutor-0_0] - [ThreadPoolExecutor-0_0] Scraping reviews...
2026-08-29 21:22:22 - INFO - [ThreadPoolExecutor-0_2] - [ThreadPoolExecutor-0_2] Found 13 reviews
2026-08-29 21:22:22 - INFO - [ThreadPoolExecutor-0_2] - [ThreadPoolExecutor-0_2] Scraped 13 reviews
2026-08-29 21:22:24 - INFO - [ThreadPoolExecutor-0_1] - [ThreadPoolExecutor-0_1] [5/17] Ortizan X10 Portable Bluetooth Speaker (...
2026-08-29 21:22:24 - INFO - [ThreadPoolExecutor-0_1] - [ThreadPoolExecutor-0_1] Scraping product details: https://www.amazon.com/Ortizan-Portable-Bluetooth-Waterproof-Wireless/dp/B08FDPW8KR/ref=sr_1_4?dib=e...
2026-08-29 21:22:27 - INFO - [ThreadPoolExecutor-0_2] - [ThreadPoolExecutor-0_2] [12/30] Oral-B Rechargeable Electric Toothbrush,...
2026-08-29 21:22:27 - INFO - [ThreadPoolExecutor-0_2] - [ThreadPoolExecutor-0_2] Scraping product details: https://www.amazon.com/Oral-B-Rechargeable-Electric-Powered-Toothbrush/dp/B0D1DQ7BH9/ref=sr_1_12?dib...
2026-08-29 21:22:32 - INFO - [ThreadPoolExecutor-0_0] - [ThreadPoolExecutor-0_0] Found 13 reviews
2026-08-29 21:22:32 - INFO - [ThreadPoolExecutor-0_0] - [ThreadPoolExecutor-0_0] Scraped 13 reviews
2026-08-29 21:22:34 - INFO - [ThreadPoolExecutor-0_2] - [ThreadPoolExecutor-0_2] Scraping reviews...
2026-08-29 21:22:34 - INFO - [ThreadPoolExecutor-0_1] - [ThreadPoolExecutor-0_1] Scraping reviews...
2026-08-29 21:22:36 - INFO - [ThreadPoolExecutor-0_0] - [ThreadPoolExecutor-0_0] [12/16] Dell Chromebook 11 3100 11.6" Chromebook...
2026-08-29 21:22:36 - INFO - [ThreadPoolExecutor-0_0] - [ThreadPoolExecutor-0_0] Scraping product details: https://www.amazon.com/Dell-Chromebook-3100-11-6-Bluetooth/dp/B08SHN3TZP/ref=sr_1_12?dib=eyJ2IjoiMSJ...
2026-08-29 21:22:42 - INFO - [ThreadPoolExecutor-0_1] - [ThreadPoolExecutor-0_1] Found 13 reviews
2026-08-29 21:22:42 - INFO - [ThreadPoolExecutor-0_1] - [ThreadPoolExecutor-0_1] Scraped 13 reviews
2026-08-29 21:22:43 - INFO - [ThreadPoolExecutor-0_0] - [ThreadPoolExecutor-0_0] Scraping reviews...
2026-08-29 21:22:45 - INFO - [ThreadPoolExecutor-0_1] - [ThreadPoolExecutor-0_1] [6/17] Outdoor Bluetooth Speaker, IPX7 Waterpro...
2026-08-29 21:22:45 - INFO - [ThreadPoolExecutor-0_1] - [ThreadPoolExecutor-0_1] Scraping product details: https://www.amazon.com/Waterproof-Bluetooth-Portable-Wireless-Playtime/dp/B09MFBNTG3/ref=sr_1_5?dib=...
2026-08-29 21:22:47 - INFO - [ThreadPoolExecutor-0_2] - [ThreadPoolExecutor-0_2] Found 13 reviews
2026-08-29 21:22:47 - INFO - [ThreadPoolExecutor-0_2] - [ThreadPoolExecutor-0_2] Scraped 13 reviews
2026-08-29 21:22:51 - INFO - [ThreadPoolExecutor-0_2] - [ThreadPoolExecutor-0_2] [13/30] Oral-B Pro 1000 CrossAction Electric Too...
2026-08-29 21:22:51 - INFO - [ThreadPoolExecutor-0_2] - [ThreadPoolExecutor-0_2] Scraping product details: https://www.amazon.com/Oral-B-CrossAction-Electric-Toothbrush-Powered/dp/B07XG68WX2/ref=sr_1_13?dib=...
2026-08-29 21:22:53 - INFO - [ThreadPoolExecutor-0_0] - [ThreadPoolExecutor-0_0] Found 13 reviews
2026-08-29 21:22:53 - INFO - [ThreadPoolExecutor-0_0] - [ThreadPoolExecutor-0_0] Scraped 13 reviews
2026-08-29 21:22:55 - INFO - [ThreadPoolExecutor-0_1] - [ThreadPoolExecutor-0_1] Scraping reviews...
2026-08-29 21:22:58 - INFO - [ThreadPoolExecutor-0_0] - [ThreadPoolExecutor-0_0] [13/16] Lenovo IdeaPad Slim 3i • 15.6" FHD Lapto...
2026-08-29 21:22:58 - INFO - [ThreadPoolExecutor-0_0] - [ThreadPoolExecutor-0_0] Scraping product details: https://www.amazon.com/Lenovo-IdeaPad-Slim-3i-Microsoft/dp/B0GZNFHH9H/ref=sr_1_13?dib=eyJ2IjoiMSJ9.1...
2026-08-29 21:22:58 - INFO - [ThreadPoolExecutor-0_2] - [ThreadPoolExecutor-0_2] Scraping reviews...
2026-08-29 21:23:05 - INFO - [ThreadPoolExecutor-0_2] - [ThreadPoolExecutor-0_2] Found 13 reviews
2026-08-29 21:23:05 - INFO - [ThreadPoolExecutor-0_1] - [ThreadPoolExecutor-0_1] Found 13 reviews
2026-08-29 21:23:05 - INFO - [ThreadPoolExecutor-0_0] - [ThreadPoolExecutor-0_0] Scraping reviews...
2026-08-29 21:23:06 - INFO - [ThreadPoolExecutor-0_2] - [ThreadPoolExecutor-0_2] Scraped 13 reviews
2026-08-29 21:23:06 - INFO - [ThreadPoolExecutor-0_1] - [ThreadPoolExecutor-0_1] Scraped 13 reviews
2026-08-29 21:23:08 - INFO - [ThreadPoolExecutor-0_1] - [ThreadPoolExecutor-0_1] [7/17] Bose SoundLink Flex Bluetooth Speaker (2...
2026-08-29 21:23:08 - INFO - [ThreadPoolExecutor-0_1] - [ThreadPoolExecutor-0_1] Scraping product details: https://www.amazon.com/Bose-SoundLink-Bluetooth-Waterproof-Dustproof/dp/B0D6W8GSL3/ref=sr_1_6?dib=ey...
2026-08-29 21:23:09 - INFO - [ThreadPoolExecutor-0_2] - [ThreadPoolExecutor-0_2] [14/30] Onlyone Electric Toothbrush for Adults, ...
2026-08-29 21:23:09 - INFO - [ThreadPoolExecutor-0_2] - [ThreadPoolExecutor-0_2] Scraping product details: https://www.amazon.com/Onlyone-Electric-Toothbrush-Rechargeable-Ultrasonic/dp/B0FRFW6VYR/ref=sr_1_14...
2026-08-29 21:23:14 - INFO - [ThreadPoolExecutor-0_2] - [ThreadPoolExecutor-0_2] Scraping reviews...
2026-08-29 21:23:16 - INFO - [ThreadPoolExecutor-0_0] - [ThreadPoolExecutor-0_0] Found 4 reviews
2026-08-29 21:23:16 - INFO - [ThreadPoolExecutor-0_0] - [ThreadPoolExecutor-0_0] Scraped 4 reviews
2026-08-29 21:23:18 - INFO - [ThreadPoolExecutor-0_1] - [ThreadPoolExecutor-0_1] Scraping reviews...
2026-08-29 21:23:20 - INFO - [ThreadPoolExecutor-0_0] - [ThreadPoolExecutor-0_0] [14/16] Lenovo Flagship Chromebook, 14'' FHD Tou...
2026-08-29 21:23:20 - INFO - [ThreadPoolExecutor-0_0] - [ThreadPoolExecutor-0_0] Scraping product details: https://www.amazon.com/Lenovo-Newest-Flagship-Chromebook-HubxcelAccesory/dp/B0CBJ46QZX/ref=sr_1_14?d...
2026-08-29 21:23:24 - INFO - [ThreadPoolExecutor-0_2] - [ThreadPoolExecutor-0_2] Found 8 reviews
2026-08-29 21:23:24 - INFO - [ThreadPoolExecutor-0_2] - [ThreadPoolExecutor-0_2] Scraped 8 reviews
2026-08-29 21:23:26 - INFO - [ThreadPoolExecutor-0_0] - [ThreadPoolExecutor-0_0] Scraping reviews...
2026-08-29 21:23:27 - INFO - [ThreadPoolExecutor-0_2] - [ThreadPoolExecutor-0_2] [15/30] Philips Sonicare 5900 Rechargeable Elect...
2026-08-29 21:23:27 - INFO - [ThreadPoolExecutor-0_2] - [ThreadPoolExecutor-0_2] Scraping product details: https://www.amazon.com/Philips-Sonicare-Toothbrush-Professional-Clean-HX7132/dp/B0G3RD2XVH/ref=sr_1_...
2026-08-29 21:23:29 - INFO - [ThreadPoolExecutor-0_1] - [ThreadPoolExecutor-0_1] Found 13 reviews
2026-08-29 21:23:29 - INFO - [ThreadPoolExecutor-0_1] - [ThreadPoolExecutor-0_1] Scraped 13 reviews
2026-08-29 21:23:34 - INFO - [ThreadPoolExecutor-0_1] - [ThreadPoolExecutor-0_1] [8/17] Bose SoundLink Flex Bluetooth Speaker (2...
2026-08-29 21:23:34 - INFO - [ThreadPoolExecutor-0_1] - [ThreadPoolExecutor-0_1] Scraping product details: https://www.amazon.com/Bose-SoundLink-Bluetooth-Waterproof-Dustproof/dp/B0D6WD2QSQ/ref=sr_1_7?dib=ey...
2026-08-29 21:23:36 - INFO - [ThreadPoolExecutor-0_2] - [ThreadPoolExecutor-0_2] Scraping reviews...
2026-08-29 21:23:37 - INFO - [ThreadPoolExecutor-0_0] - [ThreadPoolExecutor-0_0] Found 13 reviews
2026-08-29 21:23:37 - INFO - [ThreadPoolExecutor-0_0] - [ThreadPoolExecutor-0_0] Scraped 13 reviews
2026-08-29 21:23:41 - INFO - [ThreadPoolExecutor-0_0] - [ThreadPoolExecutor-0_0] [15/16] Samsung 14" Galaxy Chromebook Go Laptop ...
2026-08-29 21:23:41 - INFO - [ThreadPoolExecutor-0_0] - [ThreadPoolExecutor-0_0] Scraping product details: https://www.amazon.com/SAMSUNG-Chromebook-Computer-Lightweight-12-Hour-Battery/dp/B09S3HNMHF/ref=sr_...
2026-08-29 21:23:43 - INFO - [ThreadPoolExecutor-0_1] - [ThreadPoolExecutor-0_1] Scraping reviews...
2026-08-29 21:23:44 - INFO - [ThreadPoolExecutor-0_2] - [ThreadPoolExecutor-0_2] Found 8 reviews
2026-08-29 21:23:44 - INFO - [ThreadPoolExecutor-0_2] - [ThreadPoolExecutor-0_2] Scraped 8 reviews
2026-08-29 21:23:47 - INFO - [ThreadPoolExecutor-0_0] - [ThreadPoolExecutor-0_0] Scraping reviews...
2026-08-29 21:23:48 - INFO - [ThreadPoolExecutor-0_2] - [ThreadPoolExecutor-0_2] [16/30] Philips Sonicare 5950 Rechargeable Elect...
2026-08-29 21:23:48 - INFO - [ThreadPoolExecutor-0_2] - [ThreadPoolExecutor-0_2] Scraping product details: https://www.amazon.com/Philips-Sonicare-Rechargeable-Electric-Toothbrush/dp/B0GQWSKBLD/ref=sr_1_16?d...
2026-08-29 21:23:53 - INFO - [ThreadPoolExecutor-0_1] - [ThreadPoolExecutor-0_1] Found 13 reviews
2026-08-29 21:23:53 - INFO - [ThreadPoolExecutor-0_1] - [ThreadPoolExecutor-0_1] Scraped 13 reviews
2026-08-29 21:23:56 - INFO - [ThreadPoolExecutor-0_0] - [ThreadPoolExecutor-0_0] Found 13 reviews
2026-08-29 21:23:56 - INFO - [ThreadPoolExecutor-0_0] - [ThreadPoolExecutor-0_0] Scraped 13 reviews
2026-08-29 21:23:57 - INFO - [ThreadPoolExecutor-0_2] - [ThreadPoolExecutor-0_2] Scraping reviews...
2026-08-29 21:23:57 - INFO - [ThreadPoolExecutor-0_1] - [ThreadPoolExecutor-0_1] [9/17] Bluetooth Speaker, 2026 Portable Wireles...
2026-08-29 21:23:57 - INFO - [ThreadPoolExecutor-0_1] - [ThreadPoolExecutor-0_1] Scraping product details: https://www.amazon.com/Bluetooth-Portable-Wireless-Playback-Waterproof/dp/B0HC5PBRL8/ref=sr_1_8?dib=...
2026-08-29 21:24:01 - INFO - [ThreadPoolExecutor-0_0] - [ThreadPoolExecutor-0_0] [16/16] HP Chromebook 14 Laptop, Intel Celeron N...
2026-08-29 21:24:01 - INFO - [ThreadPoolExecutor-0_0] - [ThreadPoolExecutor-0_0] Scraping product details: https://www.amazon.com/HP-Chromebook-Graphics-Keyboard-14a-na0226nr/dp/B09SVSBVP1/ref=sr_1_16?dib=ey...
2026-08-29 21:24:07 - INFO - [ThreadPoolExecutor-0_1] - [ThreadPoolExecutor-0_1] Scraping reviews...
2026-08-29 21:24:08 - INFO - [ThreadPoolExecutor-0_0] - [ThreadPoolExecutor-0_0] Scraping reviews...
2026-08-29 21:24:10 - INFO - [ThreadPoolExecutor-0_2] - [ThreadPoolExecutor-0_2] Found 13 reviews
2026-08-29 21:24:10 - INFO - [ThreadPoolExecutor-0_2] - [ThreadPoolExecutor-0_2] Scraped 13 reviews
2026-08-29 21:24:14 - INFO - [ThreadPoolExecutor-0_2] - [ThreadPoolExecutor-0_2] [17/30] Philips Sonicare 6500 Rechargeable Elect...
2026-08-29 21:24:14 - INFO - [ThreadPoolExecutor-0_2] - [ThreadPoolExecutor-0_2] Scraping product details: https://www.amazon.com/Philips-Sonicare-6500-Electric-Toothbrush/dp/B0G3QN4SFY/ref=sr_1_17?dib=eyJ2I...
2026-08-29 21:24:17 - INFO - [ThreadPoolExecutor-0_0] - [ThreadPoolExecutor-0_0] Found 8 reviews
2026-08-29 21:24:17 - INFO - [ThreadPoolExecutor-0_0] - [ThreadPoolExecutor-0_0] Scraped 8 reviews
2026-08-29 21:24:17 - INFO - [ThreadPoolExecutor-0_0] - [ThreadPoolExecutor-0_0] Completed 'budget laptop': 16 products, 157 reviews
2026-08-29 21:24:17 - INFO - [ThreadPoolExecutor-0_0] - ✓ budget laptop: 16 products, 157 reviews
2026-08-29 21:24:18 - INFO - [ThreadPoolExecutor-0_0] - [ThreadPoolExecutor-0_0] WebDriver closed
2026-08-29 21:24:18 - INFO - [ThreadPoolExecutor-0_0] - [ThreadPoolExecutor-0_0] [15/28] Processing: kitchen knife set
2026-08-29 21:24:18 - INFO - [ThreadPoolExecutor-0_0] - [ThreadPoolExecutor-0_0] Creating Chrome driver...
2026-08-29 21:24:20 - INFO - [ThreadPoolExecutor-0_0] - [ThreadPoolExecutor-0_0] Chrome driver created successfully
2026-08-29 21:24:20 - INFO - [ThreadPoolExecutor-0_0] - Created new driver for thread: ThreadPoolExecutor-0_0
2026-08-29 21:24:20 - INFO - [ThreadPoolExecutor-0_0] - [ThreadPoolExecutor-0_0] Searching: https://www.amazon.com/s?k=kitchen+knife+set
2026-08-29 21:24:20 - INFO - [ThreadPoolExecutor-0_1] - [ThreadPoolExecutor-0_1] Found 13 reviews
2026-08-29 21:24:20 - INFO - [ThreadPoolExecutor-0_1] - [ThreadPoolExecutor-0_1] Scraped 13 reviews
2026-08-29 21:24:21 - INFO - [ThreadPoolExecutor-0_2] - [ThreadPoolExecutor-0_2] Scraping reviews...
2026-08-29 21:24:24 - INFO - [ThreadPoolExecutor-0_1] - [ThreadPoolExecutor-0_1] [10/17] Bose TV Speaker - Soundbar for TV with B...
2026-08-29 21:24:24 - INFO - [ThreadPoolExecutor-0_1] - [ThreadPoolExecutor-0_1] Scraping product details: https://www.amazon.com/Bose-Speaker-Soundbar-Bluetooth-connectivity/dp/B088KRPCQJ/ref=sr_1_9?dib=eyJ...
2026-08-29 21:24:32 - INFO - [ThreadPoolExecutor-0_2] - [ThreadPoolExecutor-0_2] Found 8 reviews
2026-08-29 21:24:32 - INFO - [ThreadPoolExecutor-0_2] - [ThreadPoolExecutor-0_2] Scraped 8 reviews
2026-08-29 21:24:33 - INFO - [ThreadPoolExecutor-0_0] - Found 48 products in search results
2026-08-29 21:24:33 - INFO - [ThreadPoolExecutor-0_0] - [ThreadPoolExecutor-0_0] Found 30 products for: kitchen knife set
2026-08-29 21:24:33 - INFO - [ThreadPoolExecutor-0_0] - [ThreadPoolExecutor-0_0] [1/30] Astercook Knife Set for Kitchen with Blo...
2026-08-29 21:24:33 - INFO - [ThreadPoolExecutor-0_0] - [ThreadPoolExecutor-0_0] Scraping product details: https://www.amazon.com/Astercook-Kitchen-Dishwasher-Sharpener-Stainless/dp/B0C1YBPJ43/ref=sr_1_1?dib...
2026-08-29 21:24:34 - INFO - [ThreadPoolExecutor-0_1] - [ThreadPoolExecutor-0_1] Scraping reviews...
2026-08-29 21:24:36 - INFO - [ThreadPoolExecutor-0_2] - [ThreadPoolExecutor-0_2] [18/30] Philips Sonicare 5900 Rechargeable Elect...
2026-08-29 21:24:36 - INFO - [ThreadPoolExecutor-0_2] - [ThreadPoolExecutor-0_2] Scraping product details: https://www.amazon.com/Philips-Sonicare-Toothbrush-Professional-Clean-HX7131/dp/B0G3QSHJCC/ref=sr_1_...
2026-08-29 21:24:44 - INFO - [ThreadPoolExecutor-0_2] - [ThreadPoolExecutor-0_2] Scraping reviews...
2026-08-29 21:24:46 - INFO - [ThreadPoolExecutor-0_1] - [ThreadPoolExecutor-0_1] Found 13 reviews
2026-08-29 21:24:46 - INFO - [ThreadPoolExecutor-0_1] - [ThreadPoolExecutor-0_1] Scraped 13 reviews
2026-08-29 21:24:49 - INFO - [ThreadPoolExecutor-0_1] - [ThreadPoolExecutor-0_1] [11/17] DOSS SoundBox Pro Bluetooth Speaker, 20W...
2026-08-29 21:24:49 - INFO - [ThreadPoolExecutor-0_1] - [ThreadPoolExecutor-0_1] Scraping product details: https://www.amazon.com/DOSS-SoundBox-Pro-Bluetooth-Waterproof/dp/B07DMMG7QY/ref=sr_1_10?dib=eyJ2Ijoi...
2026-08-29 21:24:53 - INFO - [ThreadPoolExecutor-0_2] - [ThreadPoolExecutor-0_2] Found 8 reviews
2026-08-29 21:24:53 - INFO - [ThreadPoolExecutor-0_2] - [ThreadPoolExecutor-0_2] Scraped 8 reviews
2026-08-29 21:24:58 - INFO - [ThreadPoolExecutor-0_2] - [ThreadPoolExecutor-0_2] [19/30] Oral-B Rechargeable Electric Toothbrush,...
2026-08-29 21:24:58 - INFO - [ThreadPoolExecutor-0_2] - [ThreadPoolExecutor-0_2] Scraping product details: https://www.amazon.com/Oral-B-iO-Electric-Toothbrush-Rechargeable/dp/B0B5HVM6JX/ref=sr_1_19?dib=eyJ2...
2026-08-29 21:25:00 - INFO - [ThreadPoolExecutor-0_1] - [ThreadPoolExecutor-0_1] Scraping reviews...
2026-08-29 21:25:03 - ERROR - [ThreadPoolExecutor-0_0] - [ThreadPoolExecutor-0_0] Error scraping product details: Message: timeout: Timed out receiving message from renderer: 29.611
  (Session info: chrome=151.0.7922.175)
Stacktrace:
0   chromedriver                        0x0000000104b5ce84 chromedriver + 3427972
1   chromedriver                        0x000000010485c33c chromedriver + 279356
2   chromedriver                        0x000000010484c4a8 chromedriver + 214184
3   chromedriver                        0x000000010484c208 chromedriver + 213512
4   chromedriver                        0x0000000104849f7c chromedriver + 204668
5   chromedriver                        0x000000010484ab70 chromedriver + 207728
6   chromedriver                        0x0000000104857cc8 chromedriver + 261320
7   chromedriver                        0x0000000104868ef8 chromedriver + 331512
8   chromedriver                        0x000000010484b1dc chromedriver + 209372
9   chromedriver                        0x0000000104868cb4 chromedriver + 330932
10  chromedriver                        0x00000001048e2b24 chromedriver + 830244
11  chromedriver                        0x000000010489a39c chromedriver + 533404
12  chromedriver                        0x0000000104b2d950 chromedriver + 3234128
13  chromedriver                        0x0000000104b307b0 chromedriver + 3246000
14  chromedriver                        0x0000000104b1732c chromedriver + 3142444
15  chromedriver                        0x0000000104b31088 chromedriver + 3248264
16  chromedriver                        0x0000000104b09650 chromedriver + 3085904
17  chromedriver                        0x0000000104b4c580 chromedriver + 3360128
18  chromedriver                        0x0000000104b4c6e0 chromedriver + 3360480
19  chromedriver                        0x0000000104b5cb1c chromedriver + 3427100
20  libsystem_pthread.dylib             0x00000001848dfc54 _pthread_start + 132
21  libsystem_pthread.dylib             0x00000001848dac18 thread_start + 4
Traceback (most recent call last):
  File "/Users/tahmidakter/Projects/pythonprojects/amazon-data-fetch/scraper.py", line 288, in scrape_product_details
    driver.get(product_url)
  File "/Users/tahmidakter/Projects/pythonprojects/amazon-data-fetch/.venv/lib/python3.12/site-packages/selenium/webdriver/remote/webdriver.py", line 355, in get
    self.execute(Command.GET, {"url": url})
  File "/Users/tahmidakter/Projects/pythonprojects/amazon-data-fetch/.venv/lib/python3.12/site-packages/selenium/webdriver/remote/webdriver.py", line 346, in execute
    self.error_handler.check_response(response)
  File "/Users/tahmidakter/Projects/pythonprojects/amazon-data-fetch/.venv/lib/python3.12/site-packages/selenium/webdriver/remote/errorhandler.py", line 229, in check_response
    raise exception_class(message, screen, stacktrace)
selenium.common.exceptions.TimeoutException: Message: timeout: Timed out receiving message from renderer: 29.611
  (Session info: chrome=151.0.7922.175)
Stacktrace:
0   chromedriver                        0x0000000104b5ce84 chromedriver + 3427972
1   chromedriver                        0x000000010485c33c chromedriver + 279356
2   chromedriver                        0x000000010484c4a8 chromedriver + 214184
3   chromedriver                        0x000000010484c208 chromedriver + 213512
4   chromedriver                        0x0000000104849f7c chromedriver + 204668
5   chromedriver                        0x000000010484ab70 chromedriver + 207728
6   chromedriver                        0x0000000104857cc8 chromedriver + 261320
7   chromedriver                        0x0000000104868ef8 chromedriver + 331512
8   chromedriver                        0x000000010484b1dc chromedriver + 209372
9   chromedriver                        0x0000000104868cb4 chromedriver + 330932
10  chromedriver                        0x00000001048e2b24 chromedriver + 830244
11  chromedriver                        0x000000010489a39c chromedriver + 533404
12  chromedriver                        0x0000000104b2d950 chromedriver + 3234128
13  chromedriver                        0x0000000104b307b0 chromedriver + 3246000
14  chromedriver                        0x0000000104b1732c chromedriver + 3142444
15  chromedriver                        0x0000000104b31088 chromedriver + 3248264
16  chromedriver                        0x0000000104b09650 chromedriver + 3085904
17  chromedriver                        0x0000000104b4c580 chromedriver + 3360128
18  chromedriver                        0x0000000104b4c6e0 chromedriver + 3360480
19  chromedriver                        0x0000000104b5cb1c chromedriver + 3427100
20  libsystem_pthread.dylib             0x00000001848dfc54 _pthread_start + 132
21  libsystem_pthread.dylib             0x00000001848dac18 thread_start + 4

2026-08-29 21:25:03 - INFO - [ThreadPoolExecutor-0_0] - [ThreadPoolExecutor-0_0] Scraping reviews...
2026-08-29 21:25:04 - INFO - [ThreadPoolExecutor-0_2] - [ThreadPoolExecutor-0_2] Scraping reviews...
2026-08-29 21:25:11 - INFO - [ThreadPoolExecutor-0_1] - [ThreadPoolExecutor-0_1] Found 13 reviews
2026-08-29 21:25:11 - INFO - [ThreadPoolExecutor-0_1] - [ThreadPoolExecutor-0_1] Scraped 13 reviews
2026-08-29 21:25:13 - INFO - [ThreadPoolExecutor-0_2] - [ThreadPoolExecutor-0_2] Found 13 reviews
2026-08-29 21:25:13 - INFO - [ThreadPoolExecutor-0_2] - [ThreadPoolExecutor-0_2] Scraped 13 reviews
2026-08-29 21:25:15 - INFO - [ThreadPoolExecutor-0_1] - [ThreadPoolExecutor-0_1] [12/17] Bose SoundLink Max Bluetooth Speaker - P...
2026-08-29 21:25:15 - INFO - [ThreadPoolExecutor-0_1] - [ThreadPoolExecutor-0_1] Scraping product details: https://www.amazon.com/Bose-SoundLink-Portable-Waterproof-Bluetooth/dp/B0CVL1K7DX/ref=sr_1_11?dib=ey...
2026-08-29 21:25:17 - INFO - [ThreadPoolExecutor-0_2] - [ThreadPoolExecutor-0_2] [20/30] Oral-B Rechargeable Electric Toothbrush,...
2026-08-29 21:25:17 - INFO - [ThreadPoolExecutor-0_2] - [ThreadPoolExecutor-0_2] Scraping product details: https://www.amazon.com/Oral-B-Rechargeable-Electric-Powered-Toothbrush/dp/B0D1DB1LXJ/ref=sr_1_20?dib...
2026-08-29 21:25:18 - INFO - [ThreadPoolExecutor-0_0] - [ThreadPoolExecutor-0_0] Found 13 reviews
2026-08-29 21:25:18 - INFO - [ThreadPoolExecutor-0_0] - [ThreadPoolExecutor-0_0] Scraped 13 reviews
2026-08-29 21:25:20 - INFO - [ThreadPoolExecutor-0_0] - [ThreadPoolExecutor-0_0] [2/30] Henckels Statement 15-Pc Knife Block Set...
2026-08-29 21:25:20 - INFO - [ThreadPoolExecutor-0_0] - [ThreadPoolExecutor-0_0] Scraping product details: https://www.amazon.com/HENCKELS-Razor-Sharp-Engineered-Lightweight-Dishwasher/dp/B00GHX5HGG/ref=sr_1...
2026-08-29 21:25:22 - INFO - [ThreadPoolExecutor-0_1] - [ThreadPoolExecutor-0_1] Scraping reviews...
2026-08-29 21:25:25 - INFO - [ThreadPoolExecutor-0_2] - [ThreadPoolExecutor-0_2] Scraping reviews...
2026-08-29 21:25:32 - INFO - [ThreadPoolExecutor-0_0] - [ThreadPoolExecutor-0_0] Scraping reviews...
2026-08-29 21:25:34 - INFO - [ThreadPoolExecutor-0_1] - [ThreadPoolExecutor-0_1] Found 13 reviews
2026-08-29 21:25:34 - INFO - [ThreadPoolExecutor-0_1] - [ThreadPoolExecutor-0_1] Scraped 13 reviews
2026-08-29 21:25:36 - INFO - [ThreadPoolExecutor-0_2] - [ThreadPoolExecutor-0_2] Found 13 reviews
2026-08-29 21:25:36 - INFO - [ThreadPoolExecutor-0_2] - [ThreadPoolExecutor-0_2] Scraped 13 reviews
2026-08-29 21:25:38 - INFO - [ThreadPoolExecutor-0_1] - [ThreadPoolExecutor-0_1] [13/17] Marshall Emberton III Portable Bluetooth...
2026-08-29 21:25:38 - INFO - [ThreadPoolExecutor-0_1] - [ThreadPoolExecutor-0_1] Scraping product details: https://www.amazon.com/Marshall-Emberton-Portable-Bluetooth-Speaker/dp/B0DT1CZ58V/ref=sr_1_12?dib=ey...
2026-08-29 21:25:39 - INFO - [ThreadPoolExecutor-0_2] - [ThreadPoolExecutor-0_2] [21/30] Oral-B iO Series 2 Limited Simple Clean ...
2026-08-29 21:25:39 - INFO - [ThreadPoolExecutor-0_2] - [ThreadPoolExecutor-0_2] Scraping product details: https://www.amazon.com/Oral-B-Rechargeable-Electric-Powered-Toothbrush/dp/B0DLLGG2Z8/ref=sr_1_21?dib...
2026-08-29 21:25:44 - INFO - [ThreadPoolExecutor-0_0] - [ThreadPoolExecutor-0_0] Found 13 reviews
2026-08-29 21:25:44 - INFO - [ThreadPoolExecutor-0_0] - [ThreadPoolExecutor-0_0] Scraped 13 reviews
2026-08-29 21:25:46 - INFO - [ThreadPoolExecutor-0_1] - [ThreadPoolExecutor-0_1] Scraping reviews...
2026-08-29 21:25:47 - INFO - [ThreadPoolExecutor-0_2] - [ThreadPoolExecutor-0_2] Scraping reviews...
2026-08-29 21:25:49 - INFO - [ThreadPoolExecutor-0_0] - [ThreadPoolExecutor-0_0] [3/30] Astercook Knife Set, 6-Piece Kitchen Kni...
2026-08-29 21:25:49 - INFO - [ThreadPoolExecutor-0_0] - [ThreadPoolExecutor-0_0] Scraping product details: https://www.amazon.com/Astercook-6-Piece-Kitchen-Stainless-Dishwasher/dp/B0G8HTRKQG/ref=sr_1_3?dib=e...
2026-08-29 21:25:55 - INFO - [ThreadPoolExecutor-0_1] - [ThreadPoolExecutor-0_1] Found 13 reviews
2026-08-29 21:25:55 - INFO - [ThreadPoolExecutor-0_1] - [ThreadPoolExecutor-0_1] Scraped 13 reviews
2026-08-29 21:25:56 - INFO - [ThreadPoolExecutor-0_2] - [ThreadPoolExecutor-0_2] Found 13 reviews
2026-08-29 21:25:56 - INFO - [ThreadPoolExecutor-0_2] - [ThreadPoolExecutor-0_2] Scraped 13 reviews
2026-08-29 21:25:57 - INFO - [ThreadPoolExecutor-0_1] - [ThreadPoolExecutor-0_1] [14/17] Bose S1 Pro+ All-in-One PA Speaker - Pow...
2026-08-29 21:25:57 - INFO - [ThreadPoolExecutor-0_1] - [ThreadPoolExecutor-0_1] Scraping product details: https://www.amazon.com/Bose-Powered-Portable-Bluetooth-Wireless/dp/B0BZWT5FRR/ref=sr_1_13?dib=eyJ2Ij...
2026-08-29 21:25:59 - INFO - [ThreadPoolExecutor-0_2] - [ThreadPoolExecutor-0_2] [22/30] Philips Sonicare DiamondClean 9000 Elect...
2026-08-29 21:25:59 - INFO - [ThreadPoolExecutor-0_2] - [ThreadPoolExecutor-0_2] Scraping product details: https://www.amazon.com/Philips-Sonicare-DiamondClean-Toothbrushes-HX9912/dp/B0FWLMV6NH/ref=sr_1_22?d...
2026-08-29 21:26:04 - INFO - [ThreadPoolExecutor-0_0] - [ThreadPoolExecutor-0_0] Scraping reviews...
2026-08-29 21:26:06 - INFO - [ThreadPoolExecutor-0_1] - [ThreadPoolExecutor-0_1] Scraping reviews...
2026-08-29 21:26:09 - INFO - [ThreadPoolExecutor-0_2] - [ThreadPoolExecutor-0_2] Scraping reviews...
2026-08-29 21:26:14 - INFO - [ThreadPoolExecutor-0_0] - [ThreadPoolExecutor-0_0] Found 8 reviews
2026-08-29 21:26:14 - INFO - [ThreadPoolExecutor-0_0] - [ThreadPoolExecutor-0_0] Scraped 8 reviews
2026-08-29 21:26:18 - INFO - [ThreadPoolExecutor-0_0] - [ThreadPoolExecutor-0_0] [4/30] Yatoshi Professional Kitchen Knife Set, ...
2026-08-29 21:26:18 - INFO - [ThreadPoolExecutor-0_0] - [ThreadPoolExecutor-0_0] Scraping product details: https://www.amazon.com/Yatoshi-Professional-Kitchen-Stainless-Ergonomic/dp/B0F3KWZQ61/ref=sr_1_4?dib...
2026-08-29 21:26:18 - INFO - [ThreadPoolExecutor-0_1] - [ThreadPoolExecutor-0_1] Found 13 reviews
2026-08-29 21:26:18 - INFO - [ThreadPoolExecutor-0_1] - [ThreadPoolExecutor-0_1] Scraped 13 reviews
2026-08-29 21:26:20 - INFO - [ThreadPoolExecutor-0_2] - [ThreadPoolExecutor-0_2] Found 9 reviews
2026-08-29 21:26:20 - INFO - [ThreadPoolExecutor-0_2] - [ThreadPoolExecutor-0_2] Scraped 9 reviews
2026-08-29 21:26:23 - INFO - [ThreadPoolExecutor-0_2] - [ThreadPoolExecutor-0_2] [23/30] 2-1 Oral Clean Kit- Water Dental flosser...
2026-08-29 21:26:23 - INFO - [ThreadPoolExecutor-0_2] - [ThreadPoolExecutor-0_2] Scraping product details: https://www.amazon.com/HUACO-CARE-Electric-Toothbrush-Flossing/dp/B0CZL55GR7/ref=sr_1_23?dib=eyJ2Ijo...
2026-08-29 21:26:23 - INFO - [ThreadPoolExecutor-0_1] - [ThreadPoolExecutor-0_1] [15/17] JBL Charge 6 - Portable Waterproof & Dro...
2026-08-29 21:26:23 - INFO - [ThreadPoolExecutor-0_1] - [ThreadPoolExecutor-0_1] Scraping product details: https://www.amazon.com/JBL-Charge-Waterproof-Drop-Proof-Built/dp/B0DPKW5JPR/ref=sr_1_14?dib=eyJ2Ijoi...
2026-08-29 21:26:29 - INFO - [ThreadPoolExecutor-0_0] - [ThreadPoolExecutor-0_0] Scraping reviews...
2026-08-29 21:26:30 - INFO - [ThreadPoolExecutor-0_2] - [ThreadPoolExecutor-0_2] Scraping reviews...
2026-08-29 21:26:34 - INFO - [ThreadPoolExecutor-0_1] - [ThreadPoolExecutor-0_1] Scraping reviews...
2026-08-29 21:26:40 - INFO - [ThreadPoolExecutor-0_0] - [ThreadPoolExecutor-0_0] Found 13 reviews
2026-08-29 21:26:40 - INFO - [ThreadPoolExecutor-0_0] - [ThreadPoolExecutor-0_0] Scraped 13 reviews
2026-08-29 21:26:41 - INFO - [ThreadPoolExecutor-0_2] - [ThreadPoolExecutor-0_2] Found 13 reviews
2026-08-29 21:26:41 - INFO - [ThreadPoolExecutor-0_2] - [ThreadPoolExecutor-0_2] Scraped 13 reviews
2026-08-29 21:26:43 - INFO - [ThreadPoolExecutor-0_0] - [ThreadPoolExecutor-0_0] [5/30] Knife Set,Astercook Kitchen Knife Set wi...
2026-08-29 21:26:43 - INFO - [ThreadPoolExecutor-0_0] - [ThreadPoolExecutor-0_0] Scraping product details: https://www.amazon.com/Astercook-Stainless-Sharpener-Dishwasher-Anti-Slip/dp/B0DYP3J5BW/ref=sr_1_5?d...
2026-08-29 21:26:45 - INFO - [ThreadPoolExecutor-0_2] - [ThreadPoolExecutor-0_2] [24/30] Philips Sonicare 5950 Rechargeable Elect...
2026-08-29 21:26:45 - INFO - [ThreadPoolExecutor-0_2] - [ThreadPoolExecutor-0_2] Scraping product details: https://www.amazon.com/Philips-Sonicare-Rechargeable-Electric-Toothbrush/dp/B0GQWRBPK1/ref=sr_1_24?d...
2026-08-29 21:26:45 - INFO - [ThreadPoolExecutor-0_1] - [ThreadPoolExecutor-0_1] Found 13 reviews
2026-08-29 21:26:45 - INFO - [ThreadPoolExecutor-0_1] - [ThreadPoolExecutor-0_1] Scraped 13 reviews
2026-08-29 21:26:50 - INFO - [ThreadPoolExecutor-0_1] - [ThreadPoolExecutor-0_1] [16/17] Ultimate Ears WONDERBOOM 4 Portable Wate...
2026-08-29 21:26:50 - INFO - [ThreadPoolExecutor-0_1] - [ThreadPoolExecutor-0_1] Scraping product details: https://www.amazon.com/Ultimate-Ears-WONDERBOOM-360-Degree-Waterproof/dp/B0BRXJ9WTD/ref=sr_1_15?dib=...
2026-08-29 21:26:53 - INFO - [ThreadPoolExecutor-0_2] - [ThreadPoolExecutor-0_2] Scraping reviews...
2026-08-29 21:26:59 - INFO - [ThreadPoolExecutor-0_1] - [ThreadPoolExecutor-0_1] Scraping reviews...
2026-08-29 21:27:05 - INFO - [ThreadPoolExecutor-0_2] - [ThreadPoolExecutor-0_2] Found 13 reviews
2026-08-29 21:27:05 - INFO - [ThreadPoolExecutor-0_2] - [ThreadPoolExecutor-0_2] Scraped 13 reviews
2026-08-29 21:27:07 - INFO - [ThreadPoolExecutor-0_0] - [ThreadPoolExecutor-0_0] Scraping reviews...
2026-08-29 21:27:08 - INFO - [ThreadPoolExecutor-0_2] - [ThreadPoolExecutor-0_2] [25/30] Philips Sonicare 5300 Rechargeable Elect...
2026-08-29 21:27:08 - INFO - [ThreadPoolExecutor-0_2] - [ThreadPoolExecutor-0_2] Scraping product details: https://www.amazon.com/Philips-Sonicare-ProtectiveClean-Rechargeable-HX6423/dp/B084TM4XKG/ref=sr_1_2...
2026-08-29 21:27:09 - INFO - [ThreadPoolExecutor-0_1] - [ThreadPoolExecutor-0_1] Found 13 reviews
2026-08-29 21:27:09 - INFO - [ThreadPoolExecutor-0_1] - [ThreadPoolExecutor-0_1] Scraped 13 reviews
2026-08-29 21:27:13 - INFO - [ThreadPoolExecutor-0_1] - [ThreadPoolExecutor-0_1] [17/17] JBL Grip Portable Bluetooth Speaker, Wat...
2026-08-29 21:27:13 - INFO - [ThreadPoolExecutor-0_1] - [ThreadPoolExecutor-0_1] Scraping product details: https://www.amazon.com/JBL-Grip-Drop-Proof-Multi-Speaker-Connection/dp/B0FKV6YY4D/ref=sr_1_16?dib=ey...
2026-08-29 21:27:16 - INFO - [ThreadPoolExecutor-0_0] - [ThreadPoolExecutor-0_0] Found 8 reviews
2026-08-29 21:27:16 - INFO - [ThreadPoolExecutor-0_0] - [ThreadPoolExecutor-0_0] Scraped 8 reviews
2026-08-29 21:27:17 - INFO - [ThreadPoolExecutor-0_2] - [ThreadPoolExecutor-0_2] Scraping reviews...
2026-08-29 21:27:21 - INFO - [ThreadPoolExecutor-0_0] - [ThreadPoolExecutor-0_0] [6/30] Cuisinart 15-Piece Knife Set with Block,...
2026-08-29 21:27:21 - INFO - [ThreadPoolExecutor-0_0] - [ThreadPoolExecutor-0_0] Scraping product details: https://www.amazon.com/Cuisinart-C77WTR-15P-Collection-15-Piece-Cutlery/dp/B01ALYD1WI/ref=sr_1_6?dib...
2026-08-29 21:27:21 - INFO - [ThreadPoolExecutor-0_1] - [ThreadPoolExecutor-0_1] Scraping reviews...
2026-08-29 21:27:29 - INFO - [ThreadPoolExecutor-0_2] - [ThreadPoolExecutor-0_2] Found 13 reviews
2026-08-29 21:27:29 - INFO - [ThreadPoolExecutor-0_2] - [ThreadPoolExecutor-0_2] Scraped 13 reviews
2026-08-29 21:27:31 - INFO - [ThreadPoolExecutor-0_0] - [ThreadPoolExecutor-0_0] Scraping reviews...
2026-08-29 21:27:31 - INFO - [ThreadPoolExecutor-0_1] - [ThreadPoolExecutor-0_1] Found 13 reviews
2026-08-29 21:27:31 - INFO - [ThreadPoolExecutor-0_1] - [ThreadPoolExecutor-0_1] Scraped 13 reviews
2026-08-29 21:27:31 - INFO - [ThreadPoolExecutor-0_1] - [ThreadPoolExecutor-0_1] Completed 'bluetooth speaker': 17 products, 202 reviews
2026-08-29 21:27:31 - INFO - [ThreadPoolExecutor-0_1] - ✓ bluetooth speaker: 17 products, 202 reviews
2026-08-29 21:27:33 - INFO - [ThreadPoolExecutor-0_1] - [ThreadPoolExecutor-0_1] WebDriver closed
2026-08-29 21:27:33 - INFO - [ThreadPoolExecutor-0_1] - [ThreadPoolExecutor-0_1] [16/28] Processing: DSLR camera
2026-08-29 21:27:33 - INFO - [ThreadPoolExecutor-0_1] - [ThreadPoolExecutor-0_1] Creating Chrome driver...
2026-08-29 21:27:34 - INFO - [ThreadPoolExecutor-0_2] - [ThreadPoolExecutor-0_2] [26/30] AJELU Sonic Electric Toothbrush for Adul...
2026-08-29 21:27:34 - INFO - [ThreadPoolExecutor-0_2] - [ThreadPoolExecutor-0_2] Scraping product details: https://www.amazon.com/Electric-Toothbrush-Adults-Rechargeable-2-Hour/dp/B0B9RQJFDV/ref=sr_1_26?dib=...
2026-08-29 21:27:41 - INFO - [ThreadPoolExecutor-0_2] - [ThreadPoolExecutor-0_2] Scraping reviews...
2026-08-29 21:27:42 - INFO - [ThreadPoolExecutor-0_0] - [ThreadPoolExecutor-0_0] Found 13 reviews
2026-08-29 21:27:42 - INFO - [ThreadPoolExecutor-0_0] - [ThreadPoolExecutor-0_0] Scraped 13 reviews
2026-08-29 21:27:46 - INFO - [ThreadPoolExecutor-0_0] - [ThreadPoolExecutor-0_0] [7/30] Knife Set, Brewin Kitchen Knife Set, Kni...
2026-08-29 21:27:46 - INFO - [ThreadPoolExecutor-0_0] - [ThreadPoolExecutor-0_0] Scraping product details: https://www.amazon.com/Brewin-Kitchen-Universal-Dishwasher-Stainless/dp/B0CWRCCFTM/ref=sr_1_7?dib=ey...
2026-08-29 21:27:50 - INFO - [ThreadPoolExecutor-0_1] - [ThreadPoolExecutor-0_1] Chrome driver created successfully
2026-08-29 21:27:51 - INFO - [ThreadPoolExecutor-0_1] - Created new driver for thread: ThreadPoolExecutor-0_1
2026-08-29 21:27:51 - INFO - [ThreadPoolExecutor-0_1] - [ThreadPoolExecutor-0_1] Searching: https://www.amazon.com/s?k=DSLR+camera
2026-08-29 21:27:51 - INFO - [ThreadPoolExecutor-0_2] - [ThreadPoolExecutor-0_2] Found 13 reviews
2026-08-29 21:27:51 - INFO - [ThreadPoolExecutor-0_2] - [ThreadPoolExecutor-0_2] Scraped 13 reviews
2026-08-29 21:27:53 - INFO - [ThreadPoolExecutor-0_2] - [ThreadPoolExecutor-0_2] [27/30] Bitvae ADA Accepted Electric Toothbrush,...
2026-08-29 21:27:53 - INFO - [ThreadPoolExecutor-0_2] - [ThreadPoolExecutor-0_2] Scraping product details: https://www.amazon.com/Bitvae-Ultrasonic-Electric-Toothbrush-Rechargeable/dp/B0DNMLK6SC/ref=sr_1_27?...
2026-08-29 21:28:01 - INFO - [ThreadPoolExecutor-0_1] - Found 16 products in search results
2026-08-29 21:28:01 - INFO - [ThreadPoolExecutor-0_1] - [ThreadPoolExecutor-0_1] Found 16 products for: DSLR camera
2026-08-29 21:28:01 - INFO - [ThreadPoolExecutor-0_1] - [ThreadPoolExecutor-0_1] [1/16] Canon EOS Rebel T7 DSLR Camera EF-S 18-5...
2026-08-29 21:28:01 - INFO - [ThreadPoolExecutor-0_1] - [ThreadPoolExecutor-0_1] Scraping product details: https://www.amazon.com/Canon-Rebel-T7-18-55mm-II/dp/B07C2Z21X5/ref=sr_1_1?dib=eyJ2IjoiMSJ9.HHVczMaz0...
2026-08-29 21:28:02 - INFO - [ThreadPoolExecutor-0_2] - [ThreadPoolExecutor-0_2] Scraping reviews...
2026-08-29 21:28:13 - INFO - [ThreadPoolExecutor-0_2] - [ThreadPoolExecutor-0_2] Found 13 reviews
2026-08-29 21:28:13 - INFO - [ThreadPoolExecutor-0_2] - [ThreadPoolExecutor-0_2] Scraped 13 reviews
2026-08-29 21:28:16 - INFO - [ThreadPoolExecutor-0_2] - [ThreadPoolExecutor-0_2] [28/30] Oral-B Pro 1000 CrossAction Electric Too...
2026-08-29 21:28:16 - INFO - [ThreadPoolExecutor-0_2] - [ThreadPoolExecutor-0_2] Scraping product details: https://www.amazon.com/Oral-b-Crossaction-Electric-Toothbrush-Powered/dp/B07L5P2J8D/ref=sr_1_28?dib=...
2026-08-29 21:28:19 - INFO - [ThreadPoolExecutor-0_0] - [ThreadPoolExecutor-0_0] Scraping reviews...
2026-08-29 21:28:26 - INFO - [ThreadPoolExecutor-0_2] - [ThreadPoolExecutor-0_2] Scraping reviews...
2026-08-29 21:28:29 - INFO - [ThreadPoolExecutor-0_0] - [ThreadPoolExecutor-0_0] Found 13 reviews
2026-08-29 21:28:29 - INFO - [ThreadPoolExecutor-0_0] - [ThreadPoolExecutor-0_0] Scraped 13 reviews
2026-08-29 21:28:31 - ERROR - [ThreadPoolExecutor-0_1] - [ThreadPoolExecutor-0_1] Error scraping product details: Message: timeout: Timed out receiving message from renderer: 29.582
  (Session info: chrome=151.0.7922.175)
Stacktrace:
0   chromedriver                        0x000000010080ce84 chromedriver + 3427972
1   chromedriver                        0x000000010050c33c chromedriver + 279356
2   chromedriver                        0x00000001004fc4a8 chromedriver + 214184
3   chromedriver                        0x00000001004fc208 chromedriver + 213512
4   chromedriver                        0x00000001004f9f7c chromedriver + 204668
5   chromedriver                        0x00000001004fab70 chromedriver + 207728
6   chromedriver                        0x0000000100507cc8 chromedriver + 261320
7   chromedriver                        0x0000000100518ef8 chromedriver + 331512
8   chromedriver                        0x00000001004fb1dc chromedriver + 209372
9   chromedriver                        0x0000000100518cb4 chromedriver + 330932
10  chromedriver                        0x0000000100592b24 chromedriver + 830244
11  chromedriver                        0x000000010054a39c chromedriver + 533404
12  chromedriver                        0x00000001007dd950 chromedriver + 3234128
13  chromedriver                        0x00000001007e07b0 chromedriver + 3246000
14  chromedriver                        0x00000001007c732c chromedriver + 3142444
15  chromedriver                        0x00000001007e1088 chromedriver + 3248264
16  chromedriver                        0x00000001007b9650 chromedriver + 3085904
17  chromedriver                        0x00000001007fc580 chromedriver + 3360128
18  chromedriver                        0x00000001007fc6e0 chromedriver + 3360480
19  chromedriver                        0x000000010080cb1c chromedriver + 3427100
20  libsystem_pthread.dylib             0x00000001848dfc54 _pthread_start + 132
21  libsystem_pthread.dylib             0x00000001848dac18 thread_start + 4
Traceback (most recent call last):
  File "/Users/tahmidakter/Projects/pythonprojects/amazon-data-fetch/scraper.py", line 288, in scrape_product_details
    driver.get(product_url)
  File "/Users/tahmidakter/Projects/pythonprojects/amazon-data-fetch/.venv/lib/python3.12/site-packages/selenium/webdriver/remote/webdriver.py", line 355, in get
    self.execute(Command.GET, {"url": url})
  File "/Users/tahmidakter/Projects/pythonprojects/amazon-data-fetch/.venv/lib/python3.12/site-packages/selenium/webdriver/remote/webdriver.py", line 346, in execute
    self.error_handler.check_response(response)
  File "/Users/tahmidakter/Projects/pythonprojects/amazon-data-fetch/.venv/lib/python3.12/site-packages/selenium/webdriver/remote/errorhandler.py", line 229, in check_response
    raise exception_class(message, screen, stacktrace)
selenium.common.exceptions.TimeoutException: Message: timeout: Timed out receiving message from renderer: 29.582
  (Session info: chrome=151.0.7922.175)
Stacktrace:
0   chromedriver                        0x000000010080ce84 chromedriver + 3427972
1   chromedriver                        0x000000010050c33c chromedriver + 279356
2   chromedriver                        0x00000001004fc4a8 chromedriver + 214184
3   chromedriver                        0x00000001004fc208 chromedriver + 213512
4   chromedriver                        0x00000001004f9f7c chromedriver + 204668
5   chromedriver                        0x00000001004fab70 chromedriver + 207728
6   chromedriver                        0x0000000100507cc8 chromedriver + 261320
7   chromedriver                        0x0000000100518ef8 chromedriver + 331512
8   chromedriver                        0x00000001004fb1dc chromedriver + 209372
9   chromedriver                        0x0000000100518cb4 chromedriver + 330932
10  chromedriver                        0x0000000100592b24 chromedriver + 830244
11  chromedriver                        0x000000010054a39c chromedriver + 533404
12  chromedriver                        0x00000001007dd950 chromedriver + 3234128
13  chromedriver                        0x00000001007e07b0 chromedriver + 3246000
14  chromedriver                        0x00000001007c732c chromedriver + 3142444
15  chromedriver                        0x00000001007e1088 chromedriver + 3248264
16  chromedriver                        0x00000001007b9650 chromedriver + 3085904
17  chromedriver                        0x00000001007fc580 chromedriver + 3360128
18  chromedriver                        0x00000001007fc6e0 chromedriver + 3360480
19  chromedriver                        0x000000010080cb1c chromedriver + 3427100
20  libsystem_pthread.dylib             0x00000001848dfc54 _pthread_start + 132
21  libsystem_pthread.dylib             0x00000001848dac18 thread_start + 4

2026-08-29 21:28:31 - INFO - [ThreadPoolExecutor-0_1] - [ThreadPoolExecutor-0_1] Scraping reviews...
2026-08-29 21:28:33 - INFO - [ThreadPoolExecutor-0_0] - [ThreadPoolExecutor-0_0] [8/30] Astercook Knife Set 15 Piece German Stee...
2026-08-29 21:28:33 - INFO - [ThreadPoolExecutor-0_0] - [ThreadPoolExecutor-0_0] Scraping product details: https://www.amazon.com/Astercook-Knife-Piece-German-Kitchen/dp/B0GTV7FZJT/ref=sr_1_8?dib=eyJ2IjoiMSJ...
2026-08-29 21:28:34 - INFO - [ThreadPoolExecutor-0_2] - [ThreadPoolExecutor-0_2] Found 13 reviews
2026-08-29 21:28:34 - INFO - [ThreadPoolExecutor-0_2] - [ThreadPoolExecutor-0_2] Scraped 13 reviews
2026-08-29 21:28:37 - INFO - [ThreadPoolExecutor-0_2] - [ThreadPoolExecutor-0_2] [29/30] Electric Toothbrush with Water Flosser C...
2026-08-29 21:28:37 - INFO - [ThreadPoolExecutor-0_2] - [ThreadPoolExecutor-0_2] Scraping product details: https://www.amazon.com/Benhip-Electric-Toothbrush-Water-Flosser/dp/B0HF883PF7/ref=sr_1_29?dib=eyJ2Ij...
2026-08-29 21:28:44 - INFO - [ThreadPoolExecutor-0_0] - [ThreadPoolExecutor-0_0] Scraping reviews...
2026-08-29 21:28:46 - INFO - [ThreadPoolExecutor-0_2] - [ThreadPoolExecutor-0_2] Scraping reviews...
2026-08-29 21:28:53 - INFO - [ThreadPoolExecutor-0_1] - [ThreadPoolExecutor-0_1] Found 13 reviews
2026-08-29 21:28:53 - INFO - [ThreadPoolExecutor-0_1] - [ThreadPoolExecutor-0_1] Scraped 13 reviews
2026-08-29 21:28:54 - INFO - [ThreadPoolExecutor-0_0] - [ThreadPoolExecutor-0_0] Found 8 reviews
2026-08-29 21:28:54 - INFO - [ThreadPoolExecutor-0_0] - [ThreadPoolExecutor-0_0] Scraped 8 reviews
2026-08-29 21:28:57 - INFO - [ThreadPoolExecutor-0_0] - [ThreadPoolExecutor-0_0] [9/30] HOSHANHO 16PCS Knife Set, Ultra Sharp Ja...
2026-08-29 21:28:57 - INFO - [ThreadPoolExecutor-0_0] - [ThreadPoolExecutor-0_0] Scraping product details: https://www.amazon.com/HOSHANHO-16-Piece-Japanese-Stainless-Sharpener/dp/B0CP5QXC1H/ref=sr_1_9?dib=e...
2026-08-29 21:28:57 - INFO - [ThreadPoolExecutor-0_1] - [ThreadPoolExecutor-0_1] [2/16] Canon EOS Rebel T7 DSLR Camera Double Zo...
2026-08-29 21:28:57 - INFO - [ThreadPoolExecutor-0_1] - [ThreadPoolExecutor-0_1] Scraping product details: https://www.amazon.com/Rebel-EF18-55mm-75-300mm-Double-Zoom/dp/B0101RW3QK/ref=sr_1_2?dib=eyJ2IjoiMSJ...
2026-08-29 21:28:57 - INFO - [ThreadPoolExecutor-0_2] - [ThreadPoolExecutor-0_2] Found 8 reviews
2026-08-29 21:28:57 - INFO - [ThreadPoolExecutor-0_2] - [ThreadPoolExecutor-0_2] Scraped 8 reviews
2026-08-29 21:29:00 - INFO - [ThreadPoolExecutor-0_2] - [ThreadPoolExecutor-0_2] [30/30] Philips Sonicare 5950 Rechargeable Elect...
2026-08-29 21:29:00 - INFO - [ThreadPoolExecutor-0_2] - [ThreadPoolExecutor-0_2] Scraping product details: https://www.amazon.com/Philips-Sonicare-Rechargeable-Electric-Toothbrush/dp/B0GQW7WKGN/ref=sr_1_30?d...
2026-08-29 21:29:04 - INFO - [ThreadPoolExecutor-0_1] - [ThreadPoolExecutor-0_1] Scraping reviews...
2026-08-29 21:29:08 - INFO - [ThreadPoolExecutor-0_2] - [ThreadPoolExecutor-0_2] Scraping reviews...
2026-08-29 21:29:14 - INFO - [ThreadPoolExecutor-0_1] - [ThreadPoolExecutor-0_1] Found 8 reviews
2026-08-29 21:29:14 - INFO - [ThreadPoolExecutor-0_1] - [ThreadPoolExecutor-0_1] Scraped 8 reviews
2026-08-29 21:29:19 - INFO - [ThreadPoolExecutor-0_1] - [ThreadPoolExecutor-0_1] [3/16] Canon EOS Rebel T7 DSLR Camera with EF-S...
2026-08-29 21:29:19 - INFO - [ThreadPoolExecutor-0_1] - [ThreadPoolExecutor-0_1] Scraping product details: https://www.amazon.com/Canon-Rebel-DSLR-Camera-Bundle/dp/B07PCSKGP7/ref=sr_1_3?dib=eyJ2IjoiMSJ9.HHVc...
2026-08-29 21:29:20 - INFO - [ThreadPoolExecutor-0_2] - [ThreadPoolExecutor-0_2] Found 13 reviews
2026-08-29 21:29:20 - INFO - [ThreadPoolExecutor-0_2] - [ThreadPoolExecutor-0_2] Scraped 13 reviews
2026-08-29 21:29:20 - INFO - [ThreadPoolExecutor-0_2] - [ThreadPoolExecutor-0_2] Completed 'electric toothbrush': 30 products, 356 reviews
2026-08-29 21:29:20 - INFO - [ThreadPoolExecutor-0_2] - ✓ electric toothbrush: 30 products, 356 reviews
2026-08-29 21:29:22 - INFO - [ThreadPoolExecutor-0_0] - [ThreadPoolExecutor-0_0] Scraping reviews...
2026-08-29 21:29:22 - INFO - [ThreadPoolExecutor-0_2] - [ThreadPoolExecutor-0_2] WebDriver closed
2026-08-29 21:29:22 - INFO - [ThreadPoolExecutor-0_2] - [ThreadPoolExecutor-0_2] [17/28] Processing: coffee maker
2026-08-29 21:29:22 - INFO - [ThreadPoolExecutor-0_2] - [ThreadPoolExecutor-0_2] Creating Chrome driver...
2026-08-29 21:29:24 - INFO - [ThreadPoolExecutor-0_2] - [ThreadPoolExecutor-0_2] Chrome driver created successfully
2026-08-29 21:29:24 - INFO - [ThreadPoolExecutor-0_2] - Created new driver for thread: ThreadPoolExecutor-0_2
2026-08-29 21:29:24 - INFO - [ThreadPoolExecutor-0_2] - [ThreadPoolExecutor-0_2] Searching: https://www.amazon.com/s?k=coffee+maker
2026-08-29 21:29:34 - INFO - [ThreadPoolExecutor-0_0] - [ThreadPoolExecutor-0_0] Found 13 reviews
2026-08-29 21:29:34 - INFO - [ThreadPoolExecutor-0_0] - [ThreadPoolExecutor-0_0] Scraped 13 reviews
2026-08-29 21:29:36 - INFO - [ThreadPoolExecutor-0_2] - Found 48 products in search results
2026-08-29 21:29:36 - INFO - [ThreadPoolExecutor-0_2] - [ThreadPoolExecutor-0_2] Found 30 products for: coffee maker
2026-08-29 21:29:36 - INFO - [ThreadPoolExecutor-0_2] - [ThreadPoolExecutor-0_2] [1/30] BLACK+DECKER 12-Cup Drip Coffee Maker wi...
2026-08-29 21:29:36 - INFO - [ThreadPoolExecutor-0_2] - [ThreadPoolExecutor-0_2] Scraping product details: https://www.amazon.com/BLACK-DECKER-Programmable-Coffeemaker-CM1160B/dp/B01GJOMWVA/ref=sr_1_1?dib=ey...
2026-08-29 21:29:37 - INFO - [ThreadPoolExecutor-0_0] - [ThreadPoolExecutor-0_0] [10/30] Amazon Basics 14-Piece High Carbon Stain...
2026-08-29 21:29:37 - INFO - [ThreadPoolExecutor-0_0] - [ThreadPoolExecutor-0_0] Scraping product details: https://www.amazon.com/Amazon-Basics-Stainless-Construction-Ergonomic/dp/B00R3Z49G6/ref=sr_1_10?dib=...
2026-08-29 21:29:46 - INFO - [ThreadPoolExecutor-0_1] - [ThreadPoolExecutor-0_1] Scraping reviews...
2026-08-29 21:29:47 - INFO - [ThreadPoolExecutor-0_2] - [ThreadPoolExecutor-0_2] Scraping reviews...
2026-08-29 21:29:52 - INFO - [ThreadPoolExecutor-0_0] - [ThreadPoolExecutor-0_0] Scraping reviews...
2026-08-29 21:29:54 - INFO - [ThreadPoolExecutor-0_1] - [ThreadPoolExecutor-0_1] Found 8 reviews
2026-08-29 21:29:54 - INFO - [ThreadPoolExecutor-0_1] - [ThreadPoolExecutor-0_1] Scraped 8 reviews
2026-08-29 21:29:57 - INFO - [ThreadPoolExecutor-0_1] - [ThreadPoolExecutor-0_1] [4/16] Nikon D7500 20.9MP DSLR Camera with AF-S...
2026-08-29 21:29:57 - INFO - [ThreadPoolExecutor-0_1] - [ThreadPoolExecutor-0_1] Scraping product details: https://www.amazon.com/Nikon-20-9MP-Camera-18-140mm-3-5-5-6G/dp/B06Y5RTN1T/ref=sr_1_4?dib=eyJ2IjoiMS...
2026-08-29 21:29:59 - INFO - [ThreadPoolExecutor-0_2] - [ThreadPoolExecutor-0_2] Found 13 reviews
2026-08-29 21:29:59 - INFO - [ThreadPoolExecutor-0_2] - [ThreadPoolExecutor-0_2] Scraped 13 reviews
2026-08-29 21:30:01 - INFO - [ThreadPoolExecutor-0_2] - [ThreadPoolExecutor-0_2] [2/30] Ninja Fresh Brew Coffee Maker, 12 Cup Gl...
2026-08-29 21:30:01 - INFO - [ThreadPoolExecutor-0_2] - [ThreadPoolExecutor-0_2] Scraping product details: https://www.amazon.com/Ninja-12-Cup-Programmable-CE251-Stainless/dp/B07S98411N/ref=sr_1_2?dib=eyJ2Ij...
2026-08-29 21:30:08 - INFO - [ThreadPoolExecutor-0_0] - [ThreadPoolExecutor-0_0] Found 13 reviews
2026-08-29 21:30:08 - INFO - [ThreadPoolExecutor-0_0] - [ThreadPoolExecutor-0_0] Scraped 13 reviews
2026-08-29 21:30:10 - INFO - [ThreadPoolExecutor-0_1] - [ThreadPoolExecutor-0_1] Scraping reviews...
2026-08-29 21:30:11 - INFO - [ThreadPoolExecutor-0_2] - [ThreadPoolExecutor-0_2] Scraping reviews...
2026-08-29 21:30:12 - INFO - [ThreadPoolExecutor-0_0] - [ThreadPoolExecutor-0_0] [11/30] Astercook Knife Set, 15 Pieces Kitchen K...
2026-08-29 21:30:12 - INFO - [ThreadPoolExecutor-0_0] - [ThreadPoolExecutor-0_0] Scraping product details: https://www.amazon.com/Astercook-Sharpener-Stainless-Anti-Rust-Dishwasher/dp/B0G4LV352H/ref=sr_1_11?...
2026-08-29 21:30:18 - INFO - [ThreadPoolExecutor-0_1] - [ThreadPoolExecutor-0_1] Found 13 reviews
2026-08-29 21:30:19 - INFO - [ThreadPoolExecutor-0_1] - [ThreadPoolExecutor-0_1] Scraped 13 reviews
2026-08-29 21:30:20 - INFO - [ThreadPoolExecutor-0_2] - [ThreadPoolExecutor-0_2] Found 8 reviews
2026-08-29 21:30:20 - INFO - [ThreadPoolExecutor-0_2] - [ThreadPoolExecutor-0_2] Scraped 8 reviews
2026-08-29 21:30:21 - INFO - [ThreadPoolExecutor-0_1] - [ThreadPoolExecutor-0_1] [5/16] KODAK PIXPRO AZ528 16MP Digital Camera, ...
2026-08-29 21:30:21 - INFO - [ThreadPoolExecutor-0_1] - [ThreadPoolExecutor-0_1] Scraping product details: https://www.amazon.com/KODAK-AZ528-BK-Digital-Shooting-Connectivity/dp/B0B9BLHWB8/ref=sr_1_5?dib=eyJ...
2026-08-29 21:30:23 - INFO - [ThreadPoolExecutor-0_2] - [ThreadPoolExecutor-0_2] [3/30] Keurig K-Express Single Serve K-Cup Pod ...
2026-08-29 21:30:23 - INFO - [ThreadPoolExecutor-0_2] - [ThreadPoolExecutor-0_2] Scraping product details: https://www.amazon.com/Keurig-K-Express-Coffee-Single-Brewer/dp/B09715G57M/ref=sr_1_3?dib=eyJ2IjoiMS...
2026-08-29 21:30:33 - INFO - [ThreadPoolExecutor-0_2] - [ThreadPoolExecutor-0_2] Scraping reviews...
2026-08-29 21:30:37 - INFO - [ThreadPoolExecutor-0_0] - [ThreadPoolExecutor-0_0] Scraping reviews...
2026-08-29 21:30:44 - INFO - [ThreadPoolExecutor-0_2] - [ThreadPoolExecutor-0_2] Found 13 reviews
2026-08-29 21:30:44 - INFO - [ThreadPoolExecutor-0_2] - [ThreadPoolExecutor-0_2] Scraped 13 reviews
2026-08-29 21:30:45 - INFO - [ThreadPoolExecutor-0_0] - [ThreadPoolExecutor-0_0] Found 8 reviews
2026-08-29 21:30:45 - INFO - [ThreadPoolExecutor-0_0] - [ThreadPoolExecutor-0_0] Scraped 8 reviews
2026-08-29 21:30:49 - INFO - [ThreadPoolExecutor-0_2] - [ThreadPoolExecutor-0_2] [4/30] Hamilton Beach FrontFill 12 Cup Programm...
2026-08-29 21:30:49 - INFO - [ThreadPoolExecutor-0_2] - [ThreadPoolExecutor-0_2] Scraping product details: https://www.amazon.com/Hamilton-Beach-46310-Programmable-Coffee/dp/B07684BPLB/ref=sr_1_4?dib=eyJ2Ijo...
2026-08-29 21:30:50 - INFO - [ThreadPoolExecutor-0_0] - [ThreadPoolExecutor-0_0] [12/30] Knife Set, 15 Pieces Kitchen Knife Set w...
2026-08-29 21:30:50 - INFO - [ThreadPoolExecutor-0_0] - [ThreadPoolExecutor-0_0] Scraping product details: https://www.amazon.com/Pieces-Kitchen-Sharpener-Stainless-Dishwasher/dp/B0CRH87MK9/ref=sr_1_12?dib=e...
2026-08-29 21:30:55 - INFO - [ThreadPoolExecutor-0_1] - [ThreadPoolExecutor-0_1] Scraping reviews...
2026-08-29 21:30:58 - INFO - [ThreadPoolExecutor-0_2] - [ThreadPoolExecutor-0_2] Scraping reviews...
2026-08-29 21:31:03 - INFO - [ThreadPoolExecutor-0_0] - [ThreadPoolExecutor-0_0] Scraping reviews...
2026-08-29 21:31:04 - INFO - [ThreadPoolExecutor-0_1] - [ThreadPoolExecutor-0_1] Found 13 reviews
2026-08-29 21:31:04 - INFO - [ThreadPoolExecutor-0_1] - [ThreadPoolExecutor-0_1] Scraped 13 reviews
2026-08-29 21:31:08 - INFO - [ThreadPoolExecutor-0_1] - [ThreadPoolExecutor-0_1] [6/16] Canon EOS R100 Mirrorless Camera RF-S18-...
2026-08-29 21:31:08 - INFO - [ThreadPoolExecutor-0_1] - [ThreadPoolExecutor-0_1] Scraping product details: https://www.amazon.com/Canon-RF-S18-45mm-Mirrorless-Continuous-Lightweight/dp/B0C5PGRP7V/ref=sr_1_6?...
2026-08-29 21:31:09 - INFO - [ThreadPoolExecutor-0_2] - [ThreadPoolExecutor-0_2] Found 13 reviews
2026-08-29 21:31:09 - INFO - [ThreadPoolExecutor-0_2] - [ThreadPoolExecutor-0_2] Scraped 13 reviews
2026-08-29 21:31:11 - INFO - [ThreadPoolExecutor-0_2] - [ThreadPoolExecutor-0_2] [5/30] Keurig K-Duo Hot & Iced Single Serve & C...
2026-08-29 21:31:11 - INFO - [ThreadPoolExecutor-0_2] - [ThreadPoolExecutor-0_2] Scraping product details: https://www.amazon.com/Keurig-Single-MultiStream-Technology-Reservoir/dp/B0D8LXRHQ8/ref=sr_1_5?dib=e...
2026-08-29 21:31:15 - INFO - [ThreadPoolExecutor-0_0] - [ThreadPoolExecutor-0_0] Found 8 reviews
2026-08-29 21:31:15 - INFO - [ThreadPoolExecutor-0_0] - [ThreadPoolExecutor-0_0] Scraped 8 reviews
2026-08-29 21:31:18 - INFO - [ThreadPoolExecutor-0_0] - [ThreadPoolExecutor-0_0] [13/30] Farberware 15-Piece Kitchen Knife Set, H...
2026-08-29 21:31:18 - INFO - [ThreadPoolExecutor-0_0] - [ThreadPoolExecutor-0_0] Scraping product details: https://www.amazon.com/Farberware-15-Piece-Stamped-Stainless-Steel/dp/B007RWD11Y/ref=sr_1_13?dib=eyJ...
2026-08-29 21:31:18 - INFO - [ThreadPoolExecutor-0_2] - [ThreadPoolExecutor-0_2] Scraping reviews...
2026-08-29 21:31:27 - INFO - [ThreadPoolExecutor-0_0] - [ThreadPoolExecutor-0_0] Scraping reviews...
2026-08-29 21:31:29 - INFO - [ThreadPoolExecutor-0_2] - [ThreadPoolExecutor-0_2] Found 13 reviews
2026-08-29 21:31:29 - INFO - [ThreadPoolExecutor-0_2] - [ThreadPoolExecutor-0_2] Scraped 13 reviews
2026-08-29 21:31:34 - INFO - [ThreadPoolExecutor-0_2] - [ThreadPoolExecutor-0_2] [6/30] Cuisinart Coffee Maker, Programmable, St...
2026-08-29 21:31:34 - INFO - [ThreadPoolExecutor-0_2] - [ThreadPoolExecutor-0_2] Scraping product details: https://www.amazon.com/Cuisinart-DCC-3200-PerfecTemp-Programmable-Coffeemaker/dp/B00MVWGQX0/ref=sr_1...
2026-08-29 21:31:38 - ERROR - [ThreadPoolExecutor-0_1] - [ThreadPoolExecutor-0_1] Error scraping product details: Message: timeout: Timed out receiving message from renderer: 29.642
  (Session info: chrome=151.0.7922.175)
Stacktrace:
0   chromedriver                        0x000000010080ce84 chromedriver + 3427972
1   chromedriver                        0x000000010050c33c chromedriver + 279356
2   chromedriver                        0x00000001004fc4a8 chromedriver + 214184
3   chromedriver                        0x00000001004fc208 chromedriver + 213512
4   chromedriver                        0x00000001004f9f7c chromedriver + 204668
5   chromedriver                        0x00000001004fab70 chromedriver + 207728
6   chromedriver                        0x0000000100507cc8 chromedriver + 261320
7   chromedriver                        0x0000000100518ef8 chromedriver + 331512
8   chromedriver                        0x00000001004fb1dc chromedriver + 209372
9   chromedriver                        0x0000000100518cb4 chromedriver + 330932
10  chromedriver                        0x0000000100592b24 chromedriver + 830244
11  chromedriver                        0x000000010054a39c chromedriver + 533404
12  chromedriver                        0x00000001007dd950 chromedriver + 3234128
13  chromedriver                        0x00000001007e07b0 chromedriver + 3246000
14  chromedriver                        0x00000001007c732c chromedriver + 3142444
15  chromedriver                        0x00000001007e1088 chromedriver + 3248264
16  chromedriver                        0x00000001007b9650 chromedriver + 3085904
17  chromedriver                        0x00000001007fc580 chromedriver + 3360128
18  chromedriver                        0x00000001007fc6e0 chromedriver + 3360480
19  chromedriver                        0x000000010080cb1c chromedriver + 3427100
20  libsystem_pthread.dylib             0x00000001848dfc54 _pthread_start + 132
21  libsystem_pthread.dylib             0x00000001848dac18 thread_start + 4
Traceback (most recent call last):
  File "/Users/tahmidakter/Projects/pythonprojects/amazon-data-fetch/scraper.py", line 288, in scrape_product_details
    driver.get(product_url)
  File "/Users/tahmidakter/Projects/pythonprojects/amazon-data-fetch/.venv/lib/python3.12/site-packages/selenium/webdriver/remote/webdriver.py", line 355, in get
    self.execute(Command.GET, {"url": url})
  File "/Users/tahmidakter/Projects/pythonprojects/amazon-data-fetch/.venv/lib/python3.12/site-packages/selenium/webdriver/remote/webdriver.py", line 346, in execute
    self.error_handler.check_response(response)
  File "/Users/tahmidakter/Projects/pythonprojects/amazon-data-fetch/.venv/lib/python3.12/site-packages/selenium/webdriver/remote/errorhandler.py", line 229, in check_response
    raise exception_class(message, screen, stacktrace)
selenium.common.exceptions.TimeoutException: Message: timeout: Timed out receiving message from renderer: 29.642
  (Session info: chrome=151.0.7922.175)
Stacktrace:
0   chromedriver                        0x000000010080ce84 chromedriver + 3427972
1   chromedriver                        0x000000010050c33c chromedriver + 279356
2   chromedriver                        0x00000001004fc4a8 chromedriver + 214184
3   chromedriver                        0x00000001004fc208 chromedriver + 213512
4   chromedriver                        0x00000001004f9f7c chromedriver + 204668
5   chromedriver                        0x00000001004fab70 chromedriver + 207728
6   chromedriver                        0x0000000100507cc8 chromedriver + 261320
7   chromedriver                        0x0000000100518ef8 chromedriver + 331512
8   chromedriver                        0x00000001004fb1dc chromedriver + 209372
9   chromedriver                        0x0000000100518cb4 chromedriver + 330932
10  chromedriver                        0x0000000100592b24 chromedriver + 830244
11  chromedriver                        0x000000010054a39c chromedriver + 533404
12  chromedriver                        0x00000001007dd950 chromedriver + 3234128
13  chromedriver                        0x00000001007e07b0 chromedriver + 3246000
14  chromedriver                        0x00000001007c732c chromedriver + 3142444
15  chromedriver                        0x00000001007e1088 chromedriver + 3248264
16  chromedriver                        0x00000001007b9650 chromedriver + 3085904
17  chromedriver                        0x00000001007fc580 chromedriver + 3360128
18  chromedriver                        0x00000001007fc6e0 chromedriver + 3360480
19  chromedriver                        0x000000010080cb1c chromedriver + 3427100
20  libsystem_pthread.dylib             0x00000001848dfc54 _pthread_start + 132
21  libsystem_pthread.dylib             0x00000001848dac18 thread_start + 4

2026-08-29 21:31:38 - INFO - [ThreadPoolExecutor-0_1] - [ThreadPoolExecutor-0_1] Scraping reviews...
2026-08-29 21:31:39 - INFO - [ThreadPoolExecutor-0_0] - [ThreadPoolExecutor-0_0] Found 13 reviews
2026-08-29 21:31:39 - INFO - [ThreadPoolExecutor-0_0] - [ThreadPoolExecutor-0_0] Scraped 13 reviews
2026-08-29 21:31:43 - INFO - [ThreadPoolExecutor-0_0] - [ThreadPoolExecutor-0_0] [14/30] MARTHA STEWART Eastwalk 14 Piece High Ca...
2026-08-29 21:31:43 - INFO - [ThreadPoolExecutor-0_0] - [ThreadPoolExecutor-0_0] Scraping product details: https://www.amazon.com/MARTHA-STEWART-Eastwalk-Stainless-Cutlery/dp/B0BNJWWR3S/ref=sr_1_14?dib=eyJ2I...
2026-08-29 21:31:44 - INFO - [ThreadPoolExecutor-0_2] - [ThreadPoolExecutor-0_2] Scraping reviews...
2026-08-29 21:31:52 - INFO - [ThreadPoolExecutor-0_2] - [ThreadPoolExecutor-0_2] Found 13 reviews
2026-08-29 21:31:52 - INFO - [ThreadPoolExecutor-0_2] - [ThreadPoolExecutor-0_2] Scraped 13 reviews
2026-08-29 21:31:55 - INFO - [ThreadPoolExecutor-0_2] - [ThreadPoolExecutor-0_2] [7/30] BLACK+DECKER 12-Cup Coffee Maker with Ea...
2026-08-29 21:31:55 - INFO - [ThreadPoolExecutor-0_2] - [ThreadPoolExecutor-0_2] Scraping product details: https://www.amazon.com/BLACK-DECKER-CM0915BKD-Non-Drip-Removable/dp/B0C8B9V7HR/ref=sr_1_7?dib=eyJ2Ij...
2026-08-29 21:31:55 - INFO - [ThreadPoolExecutor-0_0] - [ThreadPoolExecutor-0_0] Scraping reviews...
2026-08-29 21:31:59 - INFO - [ThreadPoolExecutor-0_1] - [ThreadPoolExecutor-0_1] Found 13 reviews
2026-08-29 21:31:59 - INFO - [ThreadPoolExecutor-0_1] - [ThreadPoolExecutor-0_1] Scraped 13 reviews
2026-08-29 21:32:02 - INFO - [ThreadPoolExecutor-0_1] - [ThreadPoolExecutor-0_1] [7/16] KODAK PIXPRO AZ405 20MP Digital Camera, ...
2026-08-29 21:32:02 - INFO - [ThreadPoolExecutor-0_1] - [ThreadPoolExecutor-0_1] Scraping product details: https://www.amazon.com/KODAK-PIXPRO-AZ405-BK-Digital-Optical/dp/B0BLLCJ963/ref=sr_1_7?dib=eyJ2IjoiMS...
2026-08-29 21:32:06 - INFO - [ThreadPoolExecutor-0_2] - [ThreadPoolExecutor-0_2] Scraping reviews...
2026-08-29 21:32:07 - INFO - [ThreadPoolExecutor-0_0] - [ThreadPoolExecutor-0_0] Found 13 reviews
2026-08-29 21:32:07 - INFO - [ThreadPoolExecutor-0_0] - [ThreadPoolExecutor-0_0] Scraped 13 reviews
2026-08-29 21:32:10 - INFO - [ThreadPoolExecutor-0_0] - [ThreadPoolExecutor-0_0] [15/30] Henckels Solution 7-Pc Knife Set, Razor-...
2026-08-29 21:32:10 - INFO - [ThreadPoolExecutor-0_0] - [ThreadPoolExecutor-0_0] Scraping product details: https://www.amazon.com/Henckels-Solution-Razor-Sharp-Engineered-Natural/dp/B08VJLYQ5D/ref=sr_1_15?di...
2026-08-29 21:32:16 - INFO - [ThreadPoolExecutor-0_1] - [ThreadPoolExecutor-0_1] Scraping reviews...
2026-08-29 21:32:17 - INFO - [ThreadPoolExecutor-0_2] - [ThreadPoolExecutor-0_2] Found 13 reviews
2026-08-29 21:32:17 - INFO - [ThreadPoolExecutor-0_2] - [ThreadPoolExecutor-0_2] Scraped 13 reviews
2026-08-29 21:32:18 - INFO - [ThreadPoolExecutor-0_0] - [ThreadPoolExecutor-0_0] Scraping reviews...
2026-08-29 21:32:20 - INFO - [ThreadPoolExecutor-0_2] - [ThreadPoolExecutor-0_2] [8/30] Hamilton Beach 2-Way Drip Coffee Maker &...
2026-08-29 21:32:20 - INFO - [ThreadPoolExecutor-0_2] - [ThreadPoolExecutor-0_2] Scraping product details: https://www.amazon.com/Hamilton-Beach-Coffee-Single-Machine/dp/B0GQBYVN9W/ref=sr_1_8?dib=eyJ2IjoiMSJ...
2026-08-29 21:32:27 - INFO - [ThreadPoolExecutor-0_2] - [ThreadPoolExecutor-0_2] Scraping reviews...
2026-08-29 21:32:27 - INFO - [ThreadPoolExecutor-0_1] - [ThreadPoolExecutor-0_1] Found 13 reviews
2026-08-29 21:32:27 - INFO - [ThreadPoolExecutor-0_1] - [ThreadPoolExecutor-0_1] Scraped 13 reviews
2026-08-29 21:32:28 - INFO - [ThreadPoolExecutor-0_0] - [ThreadPoolExecutor-0_0] Found 13 reviews
2026-08-29 21:32:28 - INFO - [ThreadPoolExecutor-0_0] - [ThreadPoolExecutor-0_0] Scraped 13 reviews
2026-08-29 21:32:30 - INFO - [ThreadPoolExecutor-0_1] - [ThreadPoolExecutor-0_1] [8/16] Nikon D3200 24.2 MP CMOS Digital SLR wit...
2026-08-29 21:32:30 - INFO - [ThreadPoolExecutor-0_1] - [ThreadPoolExecutor-0_1] Scraping product details: https://www.amazon.com/Nikon-Digital-18-55mm-3-5-5-6-Focus-S/dp/B007VGGFZU/ref=sr_1_8?dib=eyJ2IjoiMS...
2026-08-29 21:32:30 - INFO - [ThreadPoolExecutor-0_0] - [ThreadPoolExecutor-0_0] [16/30] Henckels Solution 12-Pc Knife Set, Razor...
2026-08-29 21:32:30 - INFO - [ThreadPoolExecutor-0_0] - [ThreadPoolExecutor-0_0] Scraping product details: https://www.amazon.com/Henckels-Solution-Razor-Sharp-German-Engineered/dp/B07BN5MZBW/ref=sr_1_16?dib...
2026-08-29 21:32:37 - INFO - [ThreadPoolExecutor-0_0] - [ThreadPoolExecutor-0_0] Scraping reviews...
2026-08-29 21:32:38 - INFO - [ThreadPoolExecutor-0_2] - [ThreadPoolExecutor-0_2] Found 13 reviews
2026-08-29 21:32:38 - INFO - [ThreadPoolExecutor-0_2] - [ThreadPoolExecutor-0_2] Scraped 13 reviews
2026-08-29 21:32:40 - INFO - [ThreadPoolExecutor-0_2] - [ThreadPoolExecutor-0_2] [9/30] Keurig K-Express Single Serve K-Cup Pod ...
2026-08-29 21:32:40 - INFO - [ThreadPoolExecutor-0_2] - [ThreadPoolExecutor-0_2] Scraping product details: https://www.amazon.com/Keurig-K-Express-Single-Serve-Coffee/dp/B0FHSC6SPM/ref=sr_1_9?dib=eyJ2IjoiMSJ...
2026-08-29 21:32:46 - INFO - [ThreadPoolExecutor-0_2] - [ThreadPoolExecutor-0_2] Scraping reviews...
2026-08-29 21:32:47 - INFO - [ThreadPoolExecutor-0_0] - [ThreadPoolExecutor-0_0] Found 13 reviews
2026-08-29 21:32:47 - INFO - [ThreadPoolExecutor-0_0] - [ThreadPoolExecutor-0_0] Scraped 13 reviews
2026-08-29 21:32:51 - INFO - [ThreadPoolExecutor-0_0] - [ThreadPoolExecutor-0_0] [17/30] imarku 3 Pieces Knife Set, Japanese High...
2026-08-29 21:32:51 - INFO - [ThreadPoolExecutor-0_0] - [ThreadPoolExecutor-0_0] Scraping product details: https://www.amazon.com/imarku-Pieces-Japanese-Carbon-Stainless/dp/B0GK19NTQP/ref=sr_1_17?dib=eyJ2Ijo...
2026-08-29 21:32:59 - INFO - [ThreadPoolExecutor-0_2] - [ThreadPoolExecutor-0_2] Found 13 reviews
2026-08-29 21:32:59 - INFO - [ThreadPoolExecutor-0_2] - [ThreadPoolExecutor-0_2] Scraped 13 reviews
2026-08-29 21:33:02 - INFO - [ThreadPoolExecutor-0_1] - [ThreadPoolExecutor-0_1] Scraping reviews...
2026-08-29 21:33:02 - INFO - [ThreadPoolExecutor-0_0] - [ThreadPoolExecutor-0_0] Scraping reviews...
2026-08-29 21:33:03 - INFO - [ThreadPoolExecutor-0_2] - [ThreadPoolExecutor-0_2] [10/30] Keurig K-Mini Mate Single Serve K-Cup Po...
2026-08-29 21:33:03 - INFO - [ThreadPoolExecutor-0_2] - [ThreadPoolExecutor-0_2] Scraping product details: https://www.amazon.com/Keurig-Compact-Portable-Machine-Offices/dp/B0FMTSRKYL/ref=sr_1_10?dib=eyJ2Ijo...
2026-08-29 21:33:10 - INFO - [ThreadPoolExecutor-0_2] - [ThreadPoolExecutor-0_2] Scraping reviews...
2026-08-29 21:33:15 - INFO - [ThreadPoolExecutor-0_0] - [ThreadPoolExecutor-0_0] Found 13 reviews
2026-08-29 21:33:15 - INFO - [ThreadPoolExecutor-0_0] - [ThreadPoolExecutor-0_0] Scraped 13 reviews
2026-08-29 21:33:15 - INFO - [ThreadPoolExecutor-0_1] - [ThreadPoolExecutor-0_1] Found 13 reviews
2026-08-29 21:33:15 - INFO - [ThreadPoolExecutor-0_1] - [ThreadPoolExecutor-0_1] Scraped 13 reviews
2026-08-29 21:33:18 - INFO - [ThreadPoolExecutor-0_0] - [ThreadPoolExecutor-0_0] [18/30] Martha Stewart Knife Block Set 16-Piece ...
2026-08-29 21:33:18 - INFO - [ThreadPoolExecutor-0_0] - [ThreadPoolExecutor-0_0] Scraping product details: https://www.amazon.com/Martha-Stewart-Lockton-Stainless-Cutlery/dp/B0DFZG4CR3/ref=sr_1_18?dib=eyJ2Ij...
2026-08-29 21:33:19 - INFO - [ThreadPoolExecutor-0_1] - [ThreadPoolExecutor-0_1] [9/16] KODAK PIXPRO FZ55 16MP Compact Digital C...
2026-08-29 21:33:19 - INFO - [ThreadPoolExecutor-0_1] - [ThreadPoolExecutor-0_1] Scraping product details: https://www.amazon.com/PIXPRO-Friendly-FZ55-BK-Digital-Optical/dp/B09ZRN1N3Z/ref=sr_1_9?dib=eyJ2Ijoi...
2026-08-29 21:33:20 - INFO - [ThreadPoolExecutor-0_2] - [ThreadPoolExecutor-0_2] Found 13 reviews
2026-08-29 21:33:20 - INFO - [ThreadPoolExecutor-0_2] - [ThreadPoolExecutor-0_2] Scraped 13 reviews
2026-08-29 21:33:25 - INFO - [ThreadPoolExecutor-0_2] - [ThreadPoolExecutor-0_2] [11/30] Keurig K-Elite Single Serve K-Cup Pod Co...
2026-08-29 21:33:25 - INFO - [ThreadPoolExecutor-0_2] - [ThreadPoolExecutor-0_2] Scraping product details: https://www.amazon.com/Keurig-K-Elite-Temperature-Capability-Programmable/dp/B078NN17K3/ref=sr_1_11?...
2026-08-29 21:33:28 - INFO - [ThreadPoolExecutor-0_0] - [ThreadPoolExecutor-0_0] Scraping reviews...
2026-08-29 21:33:34 - INFO - [ThreadPoolExecutor-0_2] - [ThreadPoolExecutor-0_2] Scraping reviews...
2026-08-29 21:33:39 - INFO - [ThreadPoolExecutor-0_0] - [ThreadPoolExecutor-0_0] Found 13 reviews
2026-08-29 21:33:39 - INFO - [ThreadPoolExecutor-0_0] - [ThreadPoolExecutor-0_0] Scraped 13 reviews
2026-08-29 21:33:43 - INFO - [ThreadPoolExecutor-0_0] - [ThreadPoolExecutor-0_0] [19/30] Knife Set, 8-Piece Kitchen Knife Set wit...
2026-08-29 21:33:43 - INFO - [ThreadPoolExecutor-0_0] - [ThreadPoolExecutor-0_0] Scraping product details: https://www.amazon.com/NULAS-Knife-8-Piece-Kitchen-Universal/dp/B0GCJQ4Z51/ref=sr_1_19?dib=eyJ2IjoiM...
2026-08-29 21:33:44 - INFO - [ThreadPoolExecutor-0_1] - [ThreadPoolExecutor-0_1] Scraping reviews...
2026-08-29 21:33:44 - INFO - [ThreadPoolExecutor-0_2] - [ThreadPoolExecutor-0_2] Found 13 reviews
2026-08-29 21:33:44 - INFO - [ThreadPoolExecutor-0_2] - [ThreadPoolExecutor-0_2] Scraped 13 reviews
2026-08-29 21:33:47 - INFO - [ThreadPoolExecutor-0_2] - [ThreadPoolExecutor-0_2] [12/30] Ninja Hot & Iced XL Coffee Maker with Ra...
2026-08-29 21:33:47 - INFO - [ThreadPoolExecutor-0_2] - [ThreadPoolExecutor-0_2] Scraping product details: https://www.amazon.com/Ninja-Single-Serve-Permanent-Removable-CM371/dp/B0CSDRZSGG/ref=sr_1_12?dib=ey...
2026-08-29 21:33:52 - INFO - [ThreadPoolExecutor-0_0] - [ThreadPoolExecutor-0_0] Scraping reviews...
2026-08-29 21:33:53 - INFO - [ThreadPoolExecutor-0_1] - [ThreadPoolExecutor-0_1] Found 13 reviews
2026-08-29 21:33:53 - INFO - [ThreadPoolExecutor-0_1] - [ThreadPoolExecutor-0_1] Scraped 13 reviews
2026-08-29 21:33:54 - INFO - [ThreadPoolExecutor-0_2] - [ThreadPoolExecutor-0_2] Scraping reviews...
2026-08-29 21:33:56 - INFO - [ThreadPoolExecutor-0_1] - [ThreadPoolExecutor-0_1] [10/16] Sony Alpha a7 III Mirrorless Camera with...
2026-08-29 21:33:56 - INFO - [ThreadPoolExecutor-0_1] - [ThreadPoolExecutor-0_1] Scraping product details: https://www.amazon.com/Sony-Full-frame-Mirrorless-Interchangeable-Lens-ILCE7M3K/dp/B07B45D8WV/ref=sr...
2026-08-29 21:34:03 - INFO - [ThreadPoolExecutor-0_2] - [ThreadPoolExecutor-0_2] Found 13 reviews
2026-08-29 21:34:03 - INFO - [ThreadPoolExecutor-0_2] - [ThreadPoolExecutor-0_2] Scraped 13 reviews
2026-08-29 21:34:05 - INFO - [ThreadPoolExecutor-0_0] - [ThreadPoolExecutor-0_0] Found 13 reviews
2026-08-29 21:34:05 - INFO - [ThreadPoolExecutor-0_0] - [ThreadPoolExecutor-0_0] Scraped 13 reviews
2026-08-29 21:34:08 - INFO - [ThreadPoolExecutor-0_2] - [ThreadPoolExecutor-0_2] [13/30] Ninja Luxe Café Premier 3-in-1 Espresso ...
2026-08-29 21:34:08 - INFO - [ThreadPoolExecutor-0_2] - [ThreadPoolExecutor-0_2] Scraping product details: https://www.amazon.com/Ninja-Premier-Espresso-Machine-Coffee/dp/B0D45PK5V4/ref=sr_1_13?dib=eyJ2IjoiM...
2026-08-29 21:34:10 - INFO - [ThreadPoolExecutor-0_0] - [ThreadPoolExecutor-0_0] [20/30] Cuisinart 15-Piece Stainless Steel Hollo...
2026-08-29 21:34:10 - INFO - [ThreadPoolExecutor-0_0] - [ThreadPoolExecutor-0_0] Scraping product details: https://www.amazon.com/Cuisinart-C77SS-15PK-15-Piece-Stainless-Hollow/dp/B00GIBKC3K/ref=sr_1_20?dib=...
2026-08-29 21:34:16 - INFO - [ThreadPoolExecutor-0_2] - [ThreadPoolExecutor-0_2] Scraping reviews...
2026-08-29 21:34:17 - INFO - [ThreadPoolExecutor-0_0] - [ThreadPoolExecutor-0_0] Scraping reviews...
2026-08-29 21:34:26 - ERROR - [ThreadPoolExecutor-0_1] - [ThreadPoolExecutor-0_1] Error scraping product details: Message: timeout: Timed out receiving message from renderer: 29.640
  (Session info: chrome=151.0.7922.175)
Stacktrace:
0   chromedriver                        0x000000010080ce84 chromedriver + 3427972
1   chromedriver                        0x000000010050c33c chromedriver + 279356
2   chromedriver                        0x00000001004fc4a8 chromedriver + 214184
3   chromedriver                        0x00000001004fc208 chromedriver + 213512
4   chromedriver                        0x00000001004f9f7c chromedriver + 204668
5   chromedriver                        0x00000001004fab70 chromedriver + 207728
6   chromedriver                        0x0000000100507cc8 chromedriver + 261320
7   chromedriver                        0x0000000100518ef8 chromedriver + 331512
8   chromedriver                        0x00000001004fb1dc chromedriver + 209372
9   chromedriver                        0x0000000100518cb4 chromedriver + 330932
10  chromedriver                        0x0000000100592b24 chromedriver + 830244
11  chromedriver                        0x000000010054a39c chromedriver + 533404
12  chromedriver                        0x00000001007dd950 chromedriver + 3234128
13  chromedriver                        0x00000001007e07b0 chromedriver + 3246000
14  chromedriver                        0x00000001007c732c chromedriver + 3142444
15  chromedriver                        0x00000001007e1088 chromedriver + 3248264
16  chromedriver                        0x00000001007b9650 chromedriver + 3085904
17  chromedriver                        0x00000001007fc580 chromedriver + 3360128
18  chromedriver                        0x00000001007fc6e0 chromedriver + 3360480
19  chromedriver                        0x000000010080cb1c chromedriver + 3427100
20  libsystem_pthread.dylib             0x00000001848dfc54 _pthread_start + 132
21  libsystem_pthread.dylib             0x00000001848dac18 thread_start + 4
Traceback (most recent call last):
  File "/Users/tahmidakter/Projects/pythonprojects/amazon-data-fetch/scraper.py", line 288, in scrape_product_details
    driver.get(product_url)
  File "/Users/tahmidakter/Projects/pythonprojects/amazon-data-fetch/.venv/lib/python3.12/site-packages/selenium/webdriver/remote/webdriver.py", line 355, in get
    self.execute(Command.GET, {"url": url})
  File "/Users/tahmidakter/Projects/pythonprojects/amazon-data-fetch/.venv/lib/python3.12/site-packages/selenium/webdriver/remote/webdriver.py", line 346, in execute
    self.error_handler.check_response(response)
  File "/Users/tahmidakter/Projects/pythonprojects/amazon-data-fetch/.venv/lib/python3.12/site-packages/selenium/webdriver/remote/errorhandler.py", line 229, in check_response
    raise exception_class(message, screen, stacktrace)
selenium.common.exceptions.TimeoutException: Message: timeout: Timed out receiving message from renderer: 29.640
  (Session info: chrome=151.0.7922.175)
Stacktrace:
0   chromedriver                        0x000000010080ce84 chromedriver + 3427972
1   chromedriver                        0x000000010050c33c chromedriver + 279356
2   chromedriver                        0x00000001004fc4a8 chromedriver + 214184
3   chromedriver                        0x00000001004fc208 chromedriver + 213512
4   chromedriver                        0x00000001004f9f7c chromedriver + 204668
5   chromedriver                        0x00000001004fab70 chromedriver + 207728
6   chromedriver                        0x0000000100507cc8 chromedriver + 261320
7   chromedriver                        0x0000000100518ef8 chromedriver + 331512
8   chromedriver                        0x00000001004fb1dc chromedriver + 209372
9   chromedriver                        0x0000000100518cb4 chromedriver + 330932
10  chromedriver                        0x0000000100592b24 chromedriver + 830244
11  chromedriver                        0x000000010054a39c chromedriver + 533404
12  chromedriver                        0x00000001007dd950 chromedriver + 3234128
13  chromedriver                        0x00000001007e07b0 chromedriver + 3246000
14  chromedriver                        0x00000001007c732c chromedriver + 3142444
15  chromedriver                        0x00000001007e1088 chromedriver + 3248264
16  chromedriver                        0x00000001007b9650 chromedriver + 3085904
17  chromedriver                        0x00000001007fc580 chromedriver + 3360128
18  chromedriver                        0x00000001007fc6e0 chromedriver + 3360480
19  chromedriver                        0x000000010080cb1c chromedriver + 3427100
20  libsystem_pthread.dylib             0x00000001848dfc54 _pthread_start + 132
21  libsystem_pthread.dylib             0x00000001848dac18 thread_start + 4

2026-08-29 21:34:26 - INFO - [ThreadPoolExecutor-0_1] - [ThreadPoolExecutor-0_1] Scraping reviews...
2026-08-29 21:34:26 - INFO - [ThreadPoolExecutor-0_2] - [ThreadPoolExecutor-0_2] Found 13 reviews
2026-08-29 21:34:26 - INFO - [ThreadPoolExecutor-0_2] - [ThreadPoolExecutor-0_2] Scraped 13 reviews
2026-08-29 21:34:26 - INFO - [ThreadPoolExecutor-0_0] - [ThreadPoolExecutor-0_0] Found 13 reviews
2026-08-29 21:34:27 - INFO - [ThreadPoolExecutor-0_0] - [ThreadPoolExecutor-0_0] Scraped 13 reviews
2026-08-29 21:34:29 - INFO - [ThreadPoolExecutor-0_2] - [ThreadPoolExecutor-0_2] [14/30] Breville BES870XL Barista Express Espres...
2026-08-29 21:34:29 - INFO - [ThreadPoolExecutor-0_2] - [ThreadPoolExecutor-0_2] Scraping product details: https://www.amazon.com/Breville-BES870XL-Barista-Express-Espresso/dp/B00CH9QWOU/ref=sr_1_14?dib=eyJ2...
2026-08-29 21:34:32 - INFO - [ThreadPoolExecutor-0_0] - [ThreadPoolExecutor-0_0] [21/30] Knife Set, Astercook 21 Pieces Knife Set...
2026-08-29 21:34:32 - INFO - [ThreadPoolExecutor-0_0] - [ThreadPoolExecutor-0_0] Scraping product details: https://www.amazon.com/Astercook-Kitchen-Dishwasher-Sharpener-Stainless/dp/B0BW91HX7D/ref=sr_1_21?di...
2026-08-29 21:34:38 - INFO - [ThreadPoolExecutor-0_2] - [ThreadPoolExecutor-0_2] Scraping reviews...
2026-08-29 21:34:42 - INFO - [ThreadPoolExecutor-0_1] - [ThreadPoolExecutor-0_1] Found 13 reviews
2026-08-29 21:34:42 - INFO - [ThreadPoolExecutor-0_0] - [ThreadPoolExecutor-0_0] Scraping reviews...
2026-08-29 21:34:42 - INFO - [ThreadPoolExecutor-0_1] - [ThreadPoolExecutor-0_1] Scraped 13 reviews
2026-08-29 21:34:46 - INFO - [ThreadPoolExecutor-0_1] - [ThreadPoolExecutor-0_1] [11/16] Nikon D5100 16.2MP Digital SLR Camera & ...
2026-08-29 21:34:46 - INFO - [ThreadPoolExecutor-0_1] - [ThreadPoolExecutor-0_1] Scraping product details: https://www.amazon.com/Nikon-16-2MP-Digital-Camera-18-55mm/dp/B004U4UHTQ/ref=sr_1_11?dib=eyJ2IjoiMSJ...
2026-08-29 21:34:50 - INFO - [ThreadPoolExecutor-0_2] - [ThreadPoolExecutor-0_2] Found 13 reviews
2026-08-29 21:34:50 - INFO - [ThreadPoolExecutor-0_2] - [ThreadPoolExecutor-0_2] Scraped 13 reviews
2026-08-29 21:34:54 - INFO - [ThreadPoolExecutor-0_0] - [ThreadPoolExecutor-0_0] Found 10 reviews
2026-08-29 21:34:54 - INFO - [ThreadPoolExecutor-0_0] - [ThreadPoolExecutor-0_0] Scraped 10 reviews
2026-08-29 21:34:54 - INFO - [ThreadPoolExecutor-0_2] - [ThreadPoolExecutor-0_2] [15/30] Ninja Pod and Grounds Coffee Maker, K-Cu...
2026-08-29 21:34:54 - INFO - [ThreadPoolExecutor-0_2] - [ThreadPoolExecutor-0_2] Scraping product details: https://www.amazon.com/Ninja-Specialty-Single-Serve-Compatible-PB051ST/dp/B0DJFBF3SH/ref=sr_1_15?dib...
2026-08-29 21:34:57 - INFO - [ThreadPoolExecutor-0_0] - [ThreadPoolExecutor-0_0] [22/30] Astercook Knife Set, 6-Piece Kitchen Kni...
2026-08-29 21:34:57 - INFO - [ThreadPoolExecutor-0_0] - [ThreadPoolExecutor-0_0] Scraping product details: https://www.amazon.com/Astercook-6-Piece-Kitchen-Stainless-Dishwasher/dp/B0G8HSMYJJ/ref=sr_1_22?dib=...
2026-08-29 21:34:58 - INFO - [ThreadPoolExecutor-0_1] - [ThreadPoolExecutor-0_1] Scraping reviews...
2026-08-29 21:35:03 - INFO - [ThreadPoolExecutor-0_2] - [ThreadPoolExecutor-0_2] Scraping reviews...
2026-08-29 21:35:09 - INFO - [ThreadPoolExecutor-0_1] - [ThreadPoolExecutor-0_1] Found 13 reviews
2026-08-29 21:35:09 - INFO - [ThreadPoolExecutor-0_1] - [ThreadPoolExecutor-0_1] Scraped 13 reviews
2026-08-29 21:35:10 - INFO - [ThreadPoolExecutor-0_0] - [ThreadPoolExecutor-0_0] Scraping reviews...
2026-08-29 21:35:12 - INFO - [ThreadPoolExecutor-0_1] - [ThreadPoolExecutor-0_1] [12/16] Nikon D5300 24.2 MP CMOS Digital SLR Cam...
2026-08-29 21:35:12 - INFO - [ThreadPoolExecutor-0_1] - [ThreadPoolExecutor-0_1] Scraping product details: https://www.amazon.com/Nikon-Digital-18-55mm-3-5-5-6G-Focus-S/dp/B00I1CPA0O/ref=sr_1_12?dib=eyJ2Ijoi...
2026-08-29 21:35:15 - INFO - [ThreadPoolExecutor-0_2] - [ThreadPoolExecutor-0_2] Found 13 reviews
2026-08-29 21:35:15 - INFO - [ThreadPoolExecutor-0_2] - [ThreadPoolExecutor-0_2] Scraped 13 reviews
2026-08-29 21:35:19 - INFO - [ThreadPoolExecutor-0_2] - [ThreadPoolExecutor-0_2] [16/30] Keurig K-Classic Single Serve K-Cup Pod ...
2026-08-29 21:35:19 - INFO - [ThreadPoolExecutor-0_2] - [ThreadPoolExecutor-0_2] Scraping product details: https://www.amazon.com/Keurig-K55-K-Classic-Coffee-Programmable/dp/B018UQ5AMS/ref=sr_1_16?dib=eyJ2Ij...
2026-08-29 21:35:21 - INFO - [ThreadPoolExecutor-0_0] - [ThreadPoolExecutor-0_0] Found 8 reviews
2026-08-29 21:35:21 - INFO - [ThreadPoolExecutor-0_0] - [ThreadPoolExecutor-0_0] Scraped 8 reviews
2026-08-29 21:35:22 - INFO - [ThreadPoolExecutor-0_1] - [ThreadPoolExecutor-0_1] Scraping reviews...
2026-08-29 21:35:26 - INFO - [ThreadPoolExecutor-0_0] - [ThreadPoolExecutor-0_0] [23/30] Astercook Knife Set, 15-Piece Kitchen Kn...
2026-08-29 21:35:26 - INFO - [ThreadPoolExecutor-0_0] - [ThreadPoolExecutor-0_0] Scraping product details: https://www.amazon.com/Damascus-Kitchen-Sharpener-Stainless-Dishwasher/dp/B0BFQLRHTJ/ref=sr_1_23?dib...
2026-08-29 21:35:28 - INFO - [ThreadPoolExecutor-0_2] - [ThreadPoolExecutor-0_2] Scraping reviews...
2026-08-29 21:35:31 - INFO - [ThreadPoolExecutor-0_1] - [ThreadPoolExecutor-0_1] Found 13 reviews
2026-08-29 21:35:31 - INFO - [ThreadPoolExecutor-0_1] - [ThreadPoolExecutor-0_1] Scraped 13 reviews
2026-08-29 21:35:34 - INFO - [ThreadPoolExecutor-0_1] - [ThreadPoolExecutor-0_1] [13/16] Canon EOS RP Full-Frame Mirrorless Inter...
2026-08-29 21:35:34 - INFO - [ThreadPoolExecutor-0_1] - [ThreadPoolExecutor-0_1] Scraping product details: https://www.amazon.com/Canon-Full-frame-Interchangeable-lightweight-3380C132/dp/B086TTTZR5/ref=sr_1_...
2026-08-29 21:35:40 - INFO - [ThreadPoolExecutor-0_2] - [ThreadPoolExecutor-0_2] Found 13 reviews
2026-08-29 21:35:40 - INFO - [ThreadPoolExecutor-0_2] - [ThreadPoolExecutor-0_2] Scraped 13 reviews
2026-08-29 21:35:41 - INFO - [ThreadPoolExecutor-0_1] - [ThreadPoolExecutor-0_1] Scraping reviews...
2026-08-29 21:35:43 - INFO - [ThreadPoolExecutor-0_2] - [ThreadPoolExecutor-0_2] [17/30] 10 Cup Programmable Coffee Maker, Regula...
2026-08-29 21:35:43 - INFO - [ThreadPoolExecutor-0_2] - [ThreadPoolExecutor-0_2] Scraping product details: https://www.amazon.com/Programmable-Coffee-Regular-Strong-Machine/dp/B0H6M2J4GK/ref=sr_1_17?dib=eyJ2...
2026-08-29 21:35:52 - INFO - [ThreadPoolExecutor-0_2] - [ThreadPoolExecutor-0_2] Scraping reviews...
2026-08-29 21:35:53 - INFO - [ThreadPoolExecutor-0_1] - [ThreadPoolExecutor-0_1] Found 13 reviews
2026-08-29 21:35:53 - INFO - [ThreadPoolExecutor-0_1] - [ThreadPoolExecutor-0_1] Scraped 13 reviews
2026-08-29 21:35:54 - INFO - [ThreadPoolExecutor-0_0] - [ThreadPoolExecutor-0_0] Scraping reviews...
2026-08-29 21:35:56 - INFO - [ThreadPoolExecutor-0_1] - [ThreadPoolExecutor-0_1] [14/16] Canon EOS 50D DSLR Camera (Body Only)...
2026-08-29 21:35:56 - INFO - [ThreadPoolExecutor-0_1] - [ThreadPoolExecutor-0_1] Scraping product details: https://www.amazon.com/Canon-50D-Body-Discontinued-Manufacturer/dp/B001EQ4BVI/ref=sr_1_14?dib=eyJ2Ij...
2026-08-29 21:36:03 - INFO - [ThreadPoolExecutor-0_2] - [ThreadPoolExecutor-0_2] Found 8 reviews
2026-08-29 21:36:03 - INFO - [ThreadPoolExecutor-0_2] - [ThreadPoolExecutor-0_2] Scraped 8 reviews
2026-08-29 21:36:05 - INFO - [ThreadPoolExecutor-0_0] - [ThreadPoolExecutor-0_0] Found 11 reviews
2026-08-29 21:36:05 - INFO - [ThreadPoolExecutor-0_0] - [ThreadPoolExecutor-0_0] Scraped 11 reviews
2026-08-29 21:36:06 - INFO - [ThreadPoolExecutor-0_1] - [ThreadPoolExecutor-0_1] Scraping reviews...
2026-08-29 21:36:08 - INFO - [ThreadPoolExecutor-0_2] - [ThreadPoolExecutor-0_2] [18/30] Mr. Coffee Black Coffee Maker, 12 Cups, ...
2026-08-29 21:36:08 - INFO - [ThreadPoolExecutor-0_2] - [ThreadPoolExecutor-0_2] Scraping product details: https://www.amazon.com/Mr-Coffee-12-Cup-Maker-Black/dp/B002YI2IG0/ref=sr_1_18?dib=eyJ2IjoiMSJ9.6Clc1...
2026-08-29 21:36:08 - INFO - [ThreadPoolExecutor-0_0] - [ThreadPoolExecutor-0_0] [24/30] Kitchen Knife Set 19 Piece with Block Hi...
2026-08-29 21:36:08 - INFO - [ThreadPoolExecutor-0_0] - [ThreadPoolExecutor-0_0] Scraping product details: https://www.amazon.com/Dockorio-Kitchen-Stainless-Serrated-Sharpener/dp/B09BQSYYHC/ref=sr_1_24?dib=e...
2026-08-29 21:36:15 - INFO - [ThreadPoolExecutor-0_1] - [ThreadPoolExecutor-0_1] Found 12 reviews
2026-08-29 21:36:15 - INFO - [ThreadPoolExecutor-0_2] - [ThreadPoolExecutor-0_2] Scraping reviews...
2026-08-29 21:36:15 - INFO - [ThreadPoolExecutor-0_1] - [ThreadPoolExecutor-0_1] Scraped 12 reviews
2026-08-29 21:36:19 - INFO - [ThreadPoolExecutor-0_1] - [ThreadPoolExecutor-0_1] [15/16] Nikon D60 DSLR Camera with 18-55mm f/3.5...
2026-08-29 21:36:19 - INFO - [ThreadPoolExecutor-0_1] - [ThreadPoolExecutor-0_1] Scraping product details: https://www.amazon.com/Nikon-Camera-18-55mm-3-5-5-6G-Focus-S/dp/B0012OGF6Q/ref=sr_1_15?dib=eyJ2IjoiM...
2026-08-29 21:36:25 - INFO - [ThreadPoolExecutor-0_2] - [ThreadPoolExecutor-0_2] Found 13 reviews
2026-08-29 21:36:25 - INFO - [ThreadPoolExecutor-0_2] - [ThreadPoolExecutor-0_2] Scraped 13 reviews
2026-08-29 21:36:26 - INFO - [ThreadPoolExecutor-0_0] - [ThreadPoolExecutor-0_0] Scraping reviews...
2026-08-29 21:36:28 - INFO - [ThreadPoolExecutor-0_2] - [ThreadPoolExecutor-0_2] [19/30] Amazon Basics 5 Cup Drip Coffee Maker wi...
2026-08-29 21:36:28 - INFO - [ThreadPoolExecutor-0_2] - [ThreadPoolExecutor-0_2] Scraping product details: https://www.amazon.com/Amazon-Basics-Coffee-Reusable-Shutoff/dp/B0D9QFRJMX/ref=sr_1_19?dib=eyJ2IjoiM...
2026-08-29 21:36:29 - INFO - [ThreadPoolExecutor-0_1] - [ThreadPoolExecutor-0_1] Scraping reviews...
2026-08-29 21:36:37 - INFO - [ThreadPoolExecutor-0_0] - [ThreadPoolExecutor-0_0] Found 13 reviews
2026-08-29 21:36:37 - INFO - [ThreadPoolExecutor-0_0] - [ThreadPoolExecutor-0_0] Scraped 13 reviews
2026-08-29 21:36:39 - INFO - [ThreadPoolExecutor-0_2] - [ThreadPoolExecutor-0_2] Scraping reviews...
2026-08-29 21:36:40 - INFO - [ThreadPoolExecutor-0_0] - [ThreadPoolExecutor-0_0] [25/30] imarku Japanese High Carbon Stainless St...
2026-08-29 21:36:40 - INFO - [ThreadPoolExecutor-0_0] - [ThreadPoolExecutor-0_0] Scraping product details: https://www.amazon.com/imarku-Stainless-Precision-Forged-Ultra-Sharp-Dishwasher/dp/B0G5GGC7FP/ref=sr...
2026-08-29 21:36:40 - INFO - [ThreadPoolExecutor-0_1] - [ThreadPoolExecutor-0_1] Found 9 reviews
2026-08-29 21:36:40 - INFO - [ThreadPoolExecutor-0_1] - [ThreadPoolExecutor-0_1] Scraped 9 reviews
2026-08-29 21:36:43 - INFO - [ThreadPoolExecutor-0_1] - [ThreadPoolExecutor-0_1] [16/16] Nikon D7500 DX-Format Digital SLR Body...
2026-08-29 21:36:43 - INFO - [ThreadPoolExecutor-0_1] - [ThreadPoolExecutor-0_1] Scraping product details: https://www.amazon.com/Nikon-D7500-DX-Format-Digital-Body/dp/B06Y5ZCFHX/ref=sr_1_16?dib=eyJ2IjoiMSJ9...
2026-08-29 21:36:47 - INFO - [ThreadPoolExecutor-0_2] - [ThreadPoolExecutor-0_2] Found 13 reviews
2026-08-29 21:36:47 - INFO - [ThreadPoolExecutor-0_2] - [ThreadPoolExecutor-0_2] Scraped 13 reviews
2026-08-29 21:36:50 - INFO - [ThreadPoolExecutor-0_2] - [ThreadPoolExecutor-0_2] [20/30] Mr. Coffee® 5-Cup Mini Brew Switch Coffe...
2026-08-29 21:36:50 - INFO - [ThreadPoolExecutor-0_2] - [ThreadPoolExecutor-0_2] Scraping product details: https://www.amazon.com/Mr-Coffee-2129512-5-Cup-Switch/dp/B08QD33PZ2/ref=sr_1_20?dib=eyJ2IjoiMSJ9.6Cl...
2026-08-29 21:36:53 - INFO - [ThreadPoolExecutor-0_1] - [ThreadPoolExecutor-0_1] Scraping reviews...
2026-08-29 21:37:00 - INFO - [ThreadPoolExecutor-0_2] - [ThreadPoolExecutor-0_2] Scraping reviews...
2026-08-29 21:37:03 - INFO - [ThreadPoolExecutor-0_1] - [ThreadPoolExecutor-0_1] Found 13 reviews
2026-08-29 21:37:03 - INFO - [ThreadPoolExecutor-0_1] - [ThreadPoolExecutor-0_1] Scraped 13 reviews
2026-08-29 21:37:03 - INFO - [ThreadPoolExecutor-0_1] - [ThreadPoolExecutor-0_1] Completed 'DSLR camera': 16 products, 193 reviews
2026-08-29 21:37:03 - INFO - [ThreadPoolExecutor-0_1] - ✓ DSLR camera: 16 products, 193 reviews
2026-08-29 21:37:04 - INFO - [ThreadPoolExecutor-0_1] - [ThreadPoolExecutor-0_1] WebDriver closed
2026-08-29 21:37:04 - INFO - [ThreadPoolExecutor-0_1] - [ThreadPoolExecutor-0_1] [18/28] Processing: gaming chair
2026-08-29 21:37:04 - INFO - [ThreadPoolExecutor-0_1] - [ThreadPoolExecutor-0_1] Creating Chrome driver...
2026-08-29 21:37:06 - INFO - [ThreadPoolExecutor-0_1] - [ThreadPoolExecutor-0_1] Chrome driver created successfully
2026-08-29 21:37:06 - INFO - [ThreadPoolExecutor-0_1] - Created new driver for thread: ThreadPoolExecutor-0_1
2026-08-29 21:37:06 - INFO - [ThreadPoolExecutor-0_1] - [ThreadPoolExecutor-0_1] Searching: https://www.amazon.com/s?k=gaming+chair
2026-08-29 21:37:10 - INFO - [ThreadPoolExecutor-0_2] - [ThreadPoolExecutor-0_2] Found 13 reviews
2026-08-29 21:37:10 - INFO - [ThreadPoolExecutor-0_2] - [ThreadPoolExecutor-0_2] Scraped 13 reviews
2026-08-29 21:37:12 - INFO - [ThreadPoolExecutor-0_2] - [ThreadPoolExecutor-0_2] [21/30] Hamilton Beach 2-Way Brewer Coffee Maker...
2026-08-29 21:37:12 - INFO - [ThreadPoolExecutor-0_2] - [ThreadPoolExecutor-0_2] Scraping product details: https://www.amazon.com/Hamilton-Beach-49980A-Programmable-Stainless/dp/B00EI7DPPI/ref=sr_1_21?dib=ey...
2026-08-29 21:37:15 - INFO - [ThreadPoolExecutor-0_0] - [ThreadPoolExecutor-0_0] Scraping reviews...
2026-08-29 21:37:18 - INFO - [ThreadPoolExecutor-0_1] - Found 48 products in search results
2026-08-29 21:37:18 - INFO - [ThreadPoolExecutor-0_1] - [ThreadPoolExecutor-0_1] Found 30 products for: gaming chair
2026-08-29 21:37:18 - INFO - [ThreadPoolExecutor-0_1] - [ThreadPoolExecutor-0_1] [1/30] Gaming Chair for Adults Gamer Game Ergon...
2026-08-29 21:37:18 - INFO - [ThreadPoolExecutor-0_1] - [ThreadPoolExecutor-0_1] Scraping product details: https://www.amazon.com/Gaming-Adults-Ergonomic-7-Point-Support/dp/B0H6SD9317/ref=sr_1_1?dib=eyJ2Ijoi...
2026-08-29 21:37:21 - INFO - [ThreadPoolExecutor-0_2] - [ThreadPoolExecutor-0_2] Scraping reviews...
2026-08-29 21:37:25 - INFO - [ThreadPoolExecutor-0_0] - [ThreadPoolExecutor-0_0] Found 13 reviews
2026-08-29 21:37:25 - INFO - [ThreadPoolExecutor-0_0] - [ThreadPoolExecutor-0_0] Scraped 13 reviews
2026-08-29 21:37:29 - INFO - [ThreadPoolExecutor-0_0] - [ThreadPoolExecutor-0_0] [26/30] Cuisinart 7 Pc Stainless Steel Essential...
2026-08-29 21:37:29 - INFO - [ThreadPoolExecutor-0_0] - [ThreadPoolExecutor-0_0] Scraping product details: https://www.amazon.com/Cuisinart-Stainless-Essentials-Cutlery-Sharpener/dp/B0DBJSS5LD/ref=sr_1_26?di...
2026-08-29 21:37:30 - INFO - [ThreadPoolExecutor-0_1] - [ThreadPoolExecutor-0_1] Scraping reviews...
2026-08-29 21:37:30 - INFO - [ThreadPoolExecutor-0_2] - [ThreadPoolExecutor-0_2] Found 13 reviews
2026-08-29 21:37:30 - INFO - [ThreadPoolExecutor-0_2] - [ThreadPoolExecutor-0_2] Scraped 13 reviews
2026-08-29 21:37:32 - INFO - [ThreadPoolExecutor-0_2] - [ThreadPoolExecutor-0_2] [22/30] Mueller 12-Cup Drip Coffee Maker | Boros...
2026-08-29 21:37:32 - INFO - [ThreadPoolExecutor-0_2] - [ThreadPoolExecutor-0_2] Scraping product details: https://www.amazon.com/Mueller-Function-Anti-Drip-Permanent-Borosilicate/dp/B0BM3C13B6/ref=sr_1_22?d...
2026-08-29 21:37:39 - INFO - [ThreadPoolExecutor-0_0] - [ThreadPoolExecutor-0_0] Scraping reviews...
2026-08-29 21:37:41 - INFO - [ThreadPoolExecutor-0_2] - [ThreadPoolExecutor-0_2] Scraping reviews...
2026-08-29 21:37:42 - INFO - [ThreadPoolExecutor-0_1] - [ThreadPoolExecutor-0_1] Found 8 reviews
2026-08-29 21:37:42 - INFO - [ThreadPoolExecutor-0_1] - [ThreadPoolExecutor-0_1] Scraped 8 reviews
2026-08-29 21:37:45 - INFO - [ThreadPoolExecutor-0_1] - [ThreadPoolExecutor-0_1] [2/30] Gaming Chair Gamer Game Ergonomic with F...
2026-08-29 21:37:45 - INFO - [ThreadPoolExecutor-0_1] - [ThreadPoolExecutor-0_1] Scraping product details: https://www.amazon.com/Gaming-Ergonomic-Footstool-Lumbar-Support/dp/B0H49HVCPW/ref=sr_1_2?dib=eyJ2Ij...
2026-08-29 21:37:49 - INFO - [ThreadPoolExecutor-0_0] - [ThreadPoolExecutor-0_0] Found 13 reviews
2026-08-29 21:37:49 - INFO - [ThreadPoolExecutor-0_0] - [ThreadPoolExecutor-0_0] Scraped 13 reviews
2026-08-29 21:37:50 - INFO - [ThreadPoolExecutor-0_2] - [ThreadPoolExecutor-0_2] Found 13 reviews
2026-08-29 21:37:50 - INFO - [ThreadPoolExecutor-0_2] - [ThreadPoolExecutor-0_2] Scraped 13 reviews
2026-08-29 21:37:52 - INFO - [ThreadPoolExecutor-0_0] - [ThreadPoolExecutor-0_0] [27/30] Cuisinart C77CR-10P 10pc Stainless Steel...
2026-08-29 21:37:52 - INFO - [ThreadPoolExecutor-0_0] - [ThreadPoolExecutor-0_0] Scraping product details: https://www.amazon.com/Cuisinart-C77CR-10P-Stainless-ColorCoreTM-Guards/dp/B09HCX9BTV/ref=sr_1_27?di...
2026-08-29 21:37:55 - INFO - [ThreadPoolExecutor-0_1] - [ThreadPoolExecutor-0_1] Scraping reviews...
2026-08-29 21:37:55 - INFO - [ThreadPoolExecutor-0_2] - [ThreadPoolExecutor-0_2] [23/30] Elite Gourmet EHC4128 Automatic 4-Cup Dr...
2026-08-29 21:37:55 - INFO - [ThreadPoolExecutor-0_2] - [ThreadPoolExecutor-0_2] Scraping product details: https://www.amazon.com/Elite-Gourmet-EHC4128-Automatic-Indicator/dp/B0CZQCTD4K/ref=sr_1_23?dib=eyJ2I...
2026-08-29 21:38:04 - INFO - [ThreadPoolExecutor-0_1] - [ThreadPoolExecutor-0_1] Found 10 reviews
2026-08-29 21:38:04 - INFO - [ThreadPoolExecutor-0_1] - [ThreadPoolExecutor-0_1] Scraped 10 reviews
2026-08-29 21:38:05 - INFO - [ThreadPoolExecutor-0_2] - [ThreadPoolExecutor-0_2] Scraping reviews...
2026-08-29 21:38:05 - INFO - [ThreadPoolExecutor-0_0] - [ThreadPoolExecutor-0_0] Scraping reviews...
2026-08-29 21:38:08 - INFO - [ThreadPoolExecutor-0_1] - [ThreadPoolExecutor-0_1] [3/30] Gaming Chair for Adults with Footrest, E...
2026-08-29 21:38:08 - INFO - [ThreadPoolExecutor-0_1] - [ThreadPoolExecutor-0_1] Scraping product details: https://www.amazon.com/Gaming-Adults-Footrest-Ergonomic-Computer/dp/B0H82WWZ1D/ref=sr_1_3?dib=eyJ2Ij...
2026-08-29 21:38:15 - INFO - [ThreadPoolExecutor-0_1] - [ThreadPoolExecutor-0_1] Scraping reviews...
2026-08-29 21:38:15 - INFO - [ThreadPoolExecutor-0_0] - [ThreadPoolExecutor-0_0] Found 13 reviews
2026-08-29 21:38:15 - INFO - [ThreadPoolExecutor-0_0] - [ThreadPoolExecutor-0_0] Scraped 13 reviews
2026-08-29 21:38:17 - INFO - [ThreadPoolExecutor-0_2] - [ThreadPoolExecutor-0_2] Found 13 reviews
2026-08-29 21:38:17 - INFO - [ThreadPoolExecutor-0_2] - [ThreadPoolExecutor-0_2] Scraped 13 reviews
2026-08-29 21:38:18 - INFO - [ThreadPoolExecutor-0_0] - [ThreadPoolExecutor-0_0] [28/30] Knife Set, Amorston 21 Pieces Kitchen Kn...
2026-08-29 21:38:18 - INFO - [ThreadPoolExecutor-0_0] - [ThreadPoolExecutor-0_0] Scraping product details: https://www.amazon.com/Amorston-Sharpener-Ultra-Sharp-Ergonomic-Dishwasher/dp/B0FM83SLTL/ref=sr_1_28...
2026-08-29 21:38:19 - INFO - [ThreadPoolExecutor-0_2] - [ThreadPoolExecutor-0_2] [24/30] BLACK+DECKER 12 Cup Thermal Programmable...
2026-08-29 21:38:19 - INFO - [ThreadPoolExecutor-0_2] - [ThreadPoolExecutor-0_2] Scraping product details: https://www.amazon.com/BLACK-DECKER-Programmable-Technology-CM2046S/dp/B0C2JK9Y8V/ref=sr_1_24?dib=ey...
2026-08-29 21:38:25 - INFO - [ThreadPoolExecutor-0_1] - [ThreadPoolExecutor-0_1] Found 8 reviews
2026-08-29 21:38:25 - INFO - [ThreadPoolExecutor-0_1] - [ThreadPoolExecutor-0_1] Scraped 8 reviews
2026-08-29 21:38:29 - INFO - [ThreadPoolExecutor-0_2] - [ThreadPoolExecutor-0_2] Scraping reviews...
2026-08-29 21:38:30 - INFO - [ThreadPoolExecutor-0_1] - [ThreadPoolExecutor-0_1] [4/30] GTPLAYER Gaming Chair, Computer Office C...
2026-08-29 21:38:30 - INFO - [ThreadPoolExecutor-0_1] - [ThreadPoolExecutor-0_1] Scraping product details: https://www.amazon.com/GTPLAYER-Computer-Armrests-Footrest-Ergonomic/dp/B0F9YFX3QN/ref=sr_1_4?dib=ey...
2026-08-29 21:38:38 - INFO - [ThreadPoolExecutor-0_1] - [ThreadPoolExecutor-0_1] Scraping reviews...
2026-08-29 21:38:38 - INFO - [ThreadPoolExecutor-0_2] - [ThreadPoolExecutor-0_2] Found 13 reviews
2026-08-29 21:38:38 - INFO - [ThreadPoolExecutor-0_2] - [ThreadPoolExecutor-0_2] Scraped 13 reviews
2026-08-29 21:38:41 - INFO - [ThreadPoolExecutor-0_2] - [ThreadPoolExecutor-0_2] [25/30] Bella 12-Cup Programmable Coffee Maker, ...
2026-08-29 21:38:41 - INFO - [ThreadPoolExecutor-0_2] - [ThreadPoolExecutor-0_2] Scraping product details: https://www.amazon.com/bella-cup-Programmable-Coffee-Maker/dp/B0DPNJVG1Z/ref=sr_1_25?dib=eyJ2IjoiMSJ...
2026-08-29 21:38:48 - ERROR - [ThreadPoolExecutor-0_0] - [ThreadPoolExecutor-0_0] Error scraping product details: Message: timeout: Timed out receiving message from renderer: 29.642
  (Session info: chrome=151.0.7922.175)
Stacktrace:
0   chromedriver                        0x0000000104b5ce84 chromedriver + 3427972
1   chromedriver                        0x000000010485c33c chromedriver + 279356
2   chromedriver                        0x000000010484c4a8 chromedriver + 214184
3   chromedriver                        0x000000010484c208 chromedriver + 213512
4   chromedriver                        0x0000000104849f7c chromedriver + 204668
5   chromedriver                        0x000000010484ab70 chromedriver + 207728
6   chromedriver                        0x0000000104857cc8 chromedriver + 261320
7   chromedriver                        0x0000000104868ef8 chromedriver + 331512
8   chromedriver                        0x000000010484b1dc chromedriver + 209372
9   chromedriver                        0x0000000104868cb4 chromedriver + 330932
10  chromedriver                        0x00000001048e2b24 chromedriver + 830244
11  chromedriver                        0x000000010489a39c chromedriver + 533404
12  chromedriver                        0x0000000104b2d950 chromedriver + 3234128
13  chromedriver                        0x0000000104b307b0 chromedriver + 3246000
14  chromedriver                        0x0000000104b1732c chromedriver + 3142444
15  chromedriver                        0x0000000104b31088 chromedriver + 3248264
16  chromedriver                        0x0000000104b09650 chromedriver + 3085904
17  chromedriver                        0x0000000104b4c580 chromedriver + 3360128
18  chromedriver                        0x0000000104b4c6e0 chromedriver + 3360480
19  chromedriver                        0x0000000104b5cb1c chromedriver + 3427100
20  libsystem_pthread.dylib             0x00000001848dfc54 _pthread_start + 132
21  libsystem_pthread.dylib             0x00000001848dac18 thread_start + 4
Traceback (most recent call last):
  File "/Users/tahmidakter/Projects/pythonprojects/amazon-data-fetch/scraper.py", line 288, in scrape_product_details
    driver.get(product_url)
  File "/Users/tahmidakter/Projects/pythonprojects/amazon-data-fetch/.venv/lib/python3.12/site-packages/selenium/webdriver/remote/webdriver.py", line 355, in get
    self.execute(Command.GET, {"url": url})
  File "/Users/tahmidakter/Projects/pythonprojects/amazon-data-fetch/.venv/lib/python3.12/site-packages/selenium/webdriver/remote/webdriver.py", line 346, in execute
    self.error_handler.check_response(response)
  File "/Users/tahmidakter/Projects/pythonprojects/amazon-data-fetch/.venv/lib/python3.12/site-packages/selenium/webdriver/remote/errorhandler.py", line 229, in check_response
    raise exception_class(message, screen, stacktrace)
selenium.common.exceptions.TimeoutException: Message: timeout: Timed out receiving message from renderer: 29.642
  (Session info: chrome=151.0.7922.175)
Stacktrace:
0   chromedriver                        0x0000000104b5ce84 chromedriver + 3427972
1   chromedriver                        0x000000010485c33c chromedriver + 279356
2   chromedriver                        0x000000010484c4a8 chromedriver + 214184
3   chromedriver                        0x000000010484c208 chromedriver + 213512
4   chromedriver                        0x0000000104849f7c chromedriver + 204668
5   chromedriver                        0x000000010484ab70 chromedriver + 207728
6   chromedriver                        0x0000000104857cc8 chromedriver + 261320
7   chromedriver                        0x0000000104868ef8 chromedriver + 331512
8   chromedriver                        0x000000010484b1dc chromedriver + 209372
9   chromedriver                        0x0000000104868cb4 chromedriver + 330932
10  chromedriver                        0x00000001048e2b24 chromedriver + 830244
11  chromedriver                        0x000000010489a39c chromedriver + 533404
12  chromedriver                        0x0000000104b2d950 chromedriver + 3234128
13  chromedriver                        0x0000000104b307b0 chromedriver + 3246000
14  chromedriver                        0x0000000104b1732c chromedriver + 3142444
15  chromedriver                        0x0000000104b31088 chromedriver + 3248264
16  chromedriver                        0x0000000104b09650 chromedriver + 3085904
17  chromedriver                        0x0000000104b4c580 chromedriver + 3360128
18  chromedriver                        0x0000000104b4c6e0 chromedriver + 3360480
19  chromedriver                        0x0000000104b5cb1c chromedriver + 3427100
20  libsystem_pthread.dylib             0x00000001848dfc54 _pthread_start + 132
21  libsystem_pthread.dylib             0x00000001848dac18 thread_start + 4

2026-08-29 21:38:48 - INFO - [ThreadPoolExecutor-0_0] - [ThreadPoolExecutor-0_0] Scraping reviews...
2026-08-29 21:38:49 - INFO - [ThreadPoolExecutor-0_2] - [ThreadPoolExecutor-0_2] Scraping reviews...
2026-08-29 21:38:49 - INFO - [ThreadPoolExecutor-0_1] - [ThreadPoolExecutor-0_1] Found 13 reviews
2026-08-29 21:38:49 - INFO - [ThreadPoolExecutor-0_1] - [ThreadPoolExecutor-0_1] Scraped 13 reviews
2026-08-29 21:38:53 - INFO - [ThreadPoolExecutor-0_1] - [ThreadPoolExecutor-0_1] [5/30] Video Gaming Chair for Adults with Footr...
2026-08-29 21:38:53 - INFO - [ThreadPoolExecutor-0_1] - [ThreadPoolExecutor-0_1] Scraping product details: https://www.amazon.com/Gaming-Adults-Footrest-Ergonomic-Computer/dp/B0HBNDKB2X/ref=sr_1_5?dib=eyJ2Ij...
2026-08-29 21:38:59 - INFO - [ThreadPoolExecutor-0_2] - [ThreadPoolExecutor-0_2] Found 13 reviews
2026-08-29 21:38:59 - INFO - [ThreadPoolExecutor-0_2] - [ThreadPoolExecutor-0_2] Scraped 13 reviews
2026-08-29 21:39:02 - INFO - [ThreadPoolExecutor-0_1] - [ThreadPoolExecutor-0_1] Scraping reviews...
2026-08-29 21:39:04 - INFO - [ThreadPoolExecutor-0_2] - [ThreadPoolExecutor-0_2] [26/30] Keurig K-Mini Mate Single Serve K-Cup Po...
2026-08-29 21:39:04 - INFO - [ThreadPoolExecutor-0_2] - [ThreadPoolExecutor-0_2] Scraping product details: https://www.amazon.com/Keurig-Compact-Portable-Machine-Glamping/dp/B0FMSTSYL7/ref=sr_1_26?dib=eyJ2Ij...
2026-08-29 21:39:13 - INFO - [ThreadPoolExecutor-0_1] - [ThreadPoolExecutor-0_1] Found 8 reviews
2026-08-29 21:39:13 - INFO - [ThreadPoolExecutor-0_1] - [ThreadPoolExecutor-0_1] Scraped 8 reviews
2026-08-29 21:39:14 - INFO - [ThreadPoolExecutor-0_2] - [ThreadPoolExecutor-0_2] Scraping reviews...
2026-08-29 21:39:18 - INFO - [ThreadPoolExecutor-0_1] - [ThreadPoolExecutor-0_1] [6/30] GTPLAYER Gaming Chair, Computer Chair wi...
2026-08-29 21:39:18 - INFO - [ThreadPoolExecutor-0_1] - [ThreadPoolExecutor-0_1] Scraping product details: https://www.amazon.com/GTPLAYER-Computer-Footrest-Adjustable-360%C2%B0-Swivel/dp/B08B12P6CS/ref=sr_1...
2026-08-29 21:39:18 - ERROR - [ThreadPoolExecutor-0_0] - [ThreadPoolExecutor-0_0] Error scraping reviews: Message: timeout: Timed out receiving message from renderer: 29.596
  (Session info: chrome=151.0.7922.175)
Stacktrace:
0   chromedriver                        0x0000000104b5ce84 chromedriver + 3427972
1   chromedriver                        0x000000010485c33c chromedriver + 279356
2   chromedriver                        0x000000010484c4a8 chromedriver + 214184
3   chromedriver                        0x000000010484c208 chromedriver + 213512
4   chromedriver                        0x0000000104849f7c chromedriver + 204668
5   chromedriver                        0x000000010484ab70 chromedriver + 207728
6   chromedriver                        0x0000000104857cc8 chromedriver + 261320
7   chromedriver                        0x0000000104868ef8 chromedriver + 331512
8   chromedriver                        0x000000010484b1dc chromedriver + 209372
9   chromedriver                        0x0000000104868cb4 chromedriver + 330932
10  chromedriver                        0x00000001048e2b24 chromedriver + 830244
11  chromedriver                        0x000000010489a39c chromedriver + 533404
12  chromedriver                        0x0000000104b2d950 chromedriver + 3234128
13  chromedriver                        0x0000000104b307b0 chromedriver + 3246000
14  chromedriver                        0x0000000104b1732c chromedriver + 3142444
15  chromedriver                        0x0000000104b31088 chromedriver + 3248264
16  chromedriver                        0x0000000104b09650 chromedriver + 3085904
17  chromedriver                        0x0000000104b4c580 chromedriver + 3360128
18  chromedriver                        0x0000000104b4c6e0 chromedriver + 3360480
19  chromedriver                        0x0000000104b5cb1c chromedriver + 3427100
20  libsystem_pthread.dylib             0x00000001848dfc54 _pthread_start + 132
21  libsystem_pthread.dylib             0x00000001848dac18 thread_start + 4
Traceback (most recent call last):
  File "/Users/tahmidakter/Projects/pythonprojects/amazon-data-fetch/scraper.py", line 539, in scrape_product_reviews
    driver.get(reviews_url)
  File "/Users/tahmidakter/Projects/pythonprojects/amazon-data-fetch/.venv/lib/python3.12/site-packages/selenium/webdriver/remote/webdriver.py", line 355, in get
    self.execute(Command.GET, {"url": url})
  File "/Users/tahmidakter/Projects/pythonprojects/amazon-data-fetch/.venv/lib/python3.12/site-packages/selenium/webdriver/remote/webdriver.py", line 346, in execute
    self.error_handler.check_response(response)
  File "/Users/tahmidakter/Projects/pythonprojects/amazon-data-fetch/.venv/lib/python3.12/site-packages/selenium/webdriver/remote/errorhandler.py", line 229, in check_response
    raise exception_class(message, screen, stacktrace)
selenium.common.exceptions.TimeoutException: Message: timeout: Timed out receiving message from renderer: 29.596
  (Session info: chrome=151.0.7922.175)
Stacktrace:
0   chromedriver                        0x0000000104b5ce84 chromedriver + 3427972
1   chromedriver                        0x000000010485c33c chromedriver + 279356
2   chromedriver                        0x000000010484c4a8 chromedriver + 214184
3   chromedriver                        0x000000010484c208 chromedriver + 213512
4   chromedriver                        0x0000000104849f7c chromedriver + 204668
5   chromedriver                        0x000000010484ab70 chromedriver + 207728
6   chromedriver                        0x0000000104857cc8 chromedriver + 261320
7   chromedriver                        0x0000000104868ef8 chromedriver + 331512
8   chromedriver                        0x000000010484b1dc chromedriver + 209372
9   chromedriver                        0x0000000104868cb4 chromedriver + 330932
10  chromedriver                        0x00000001048e2b24 chromedriver + 830244
11  chromedriver                        0x000000010489a39c chromedriver + 533404
12  chromedriver                        0x0000000104b2d950 chromedriver + 3234128
13  chromedriver                        0x0000000104b307b0 chromedriver + 3246000
14  chromedriver                        0x0000000104b1732c chromedriver + 3142444
15  chromedriver                        0x0000000104b31088 chromedriver + 3248264
16  chromedriver                        0x0000000104b09650 chromedriver + 3085904
17  chromedriver                        0x0000000104b4c580 chromedriver + 3360128
18  chromedriver                        0x0000000104b4c6e0 chromedriver + 3360480
19  chromedriver                        0x0000000104b5cb1c chromedriver + 3427100
20  libsystem_pthread.dylib             0x00000001848dfc54 _pthread_start + 132
21  libsystem_pthread.dylib             0x00000001848dac18 thread_start + 4

2026-08-29 21:39:22 - INFO - [ThreadPoolExecutor-0_0] - [ThreadPoolExecutor-0_0] [29/30] HOSHANHO Butcher Knife Set, Sharp Kitche...
2026-08-29 21:39:22 - INFO - [ThreadPoolExecutor-0_0] - [ThreadPoolExecutor-0_0] Scraping product details: https://www.amazon.com/HOSHANHO-Butcher-Knife-Set-Kitchen/dp/B0DB4W8FB1/ref=sr_1_29?dib=eyJ2IjoiMSJ9...
2026-08-29 21:39:25 - INFO - [ThreadPoolExecutor-0_2] - [ThreadPoolExecutor-0_2] Found 13 reviews
2026-08-29 21:39:25 - INFO - [ThreadPoolExecutor-0_2] - [ThreadPoolExecutor-0_2] Scraped 13 reviews
2026-08-29 21:39:28 - INFO - [ThreadPoolExecutor-0_2] - [ThreadPoolExecutor-0_2] [27/30] Tastyle Mini Single Serve Hot and Iced C...
2026-08-29 21:39:28 - INFO - [ThreadPoolExecutor-0_2] - [ThreadPoolExecutor-0_2] Scraping product details: https://www.amazon.com/Tastyle-Coffee-Single-Classic-Version/dp/B0DHCJDJBW/ref=sr_1_27?dib=eyJ2IjoiM...
2026-08-29 21:39:29 - INFO - [ThreadPoolExecutor-0_1] - [ThreadPoolExecutor-0_1] Scraping reviews...
2026-08-29 21:39:37 - INFO - [ThreadPoolExecutor-0_2] - [ThreadPoolExecutor-0_2] Scraping reviews...
2026-08-29 21:39:40 - INFO - [ThreadPoolExecutor-0_0] - [ThreadPoolExecutor-0_0] Scraping reviews...
2026-08-29 21:39:41 - INFO - [ThreadPoolExecutor-0_1] - [ThreadPoolExecutor-0_1] Found 13 reviews
2026-08-29 21:39:41 - INFO - [ThreadPoolExecutor-0_1] - [ThreadPoolExecutor-0_1] Scraped 13 reviews
2026-08-29 21:39:46 - INFO - [ThreadPoolExecutor-0_1] - [ThreadPoolExecutor-0_1] [7/30] GTPLAYER Gaming Chair, Comfort Computer ...
2026-08-29 21:39:46 - INFO - [ThreadPoolExecutor-0_1] - [ThreadPoolExecutor-0_1] Scraping product details: https://www.amazon.com/GTPLAYER-Gaming-Comfort-Computer-Office/dp/B0GSPDRHW1/ref=sr_1_7?dib=eyJ2Ijoi...
2026-08-29 21:39:49 - INFO - [ThreadPoolExecutor-0_2] - [ThreadPoolExecutor-0_2] Found 12 reviews
2026-08-29 21:39:49 - INFO - [ThreadPoolExecutor-0_2] - [ThreadPoolExecutor-0_2] Scraped 12 reviews
2026-08-29 21:39:50 - INFO - [ThreadPoolExecutor-0_0] - [ThreadPoolExecutor-0_0] Found 13 reviews
2026-08-29 21:39:50 - INFO - [ThreadPoolExecutor-0_0] - [ThreadPoolExecutor-0_0] Scraped 13 reviews
2026-08-29 21:39:52 - INFO - [ThreadPoolExecutor-0_2] - [ThreadPoolExecutor-0_2] [28/30] Cuisinart DCC-1200P1 Brew Central 12-Cup...
2026-08-29 21:39:52 - INFO - [ThreadPoolExecutor-0_2] - [ThreadPoolExecutor-0_2] Scraping product details: https://www.amazon.com/Cuisinart-DCC-1200-Central-Programmable-Coffeemaker/dp/B00005IBX9/ref=sr_1_28...
2026-08-29 21:39:53 - INFO - [ThreadPoolExecutor-0_0] - [ThreadPoolExecutor-0_0] [30/30] imarku 14-Piece Japanese Gyutou Stainles...
2026-08-29 21:39:53 - INFO - [ThreadPoolExecutor-0_0] - [ThreadPoolExecutor-0_0] Scraping product details: https://www.amazon.com/imarku-14-Piece-Japanese-Stainless-Kitchen/dp/B0GQGJ4YF5/ref=sr_1_30?dib=eyJ2...
2026-08-29 21:39:56 - INFO - [ThreadPoolExecutor-0_1] - [ThreadPoolExecutor-0_1] Scraping reviews...
2026-08-29 21:40:02 - INFO - [ThreadPoolExecutor-0_0] - [ThreadPoolExecutor-0_0] Scraping reviews...
2026-08-29 21:40:02 - INFO - [ThreadPoolExecutor-0_2] - [ThreadPoolExecutor-0_2] Scraping reviews...
2026-08-29 21:40:08 - INFO - [ThreadPoolExecutor-0_1] - [ThreadPoolExecutor-0_1] Found 13 reviews
2026-08-29 21:40:08 - INFO - [ThreadPoolExecutor-0_1] - [ThreadPoolExecutor-0_1] Scraped 13 reviews
2026-08-29 21:40:11 - INFO - [ThreadPoolExecutor-0_1] - [ThreadPoolExecutor-0_1] [8/30] GTPLAYER Big & Tall Gaming Chair, Wide S...
2026-08-29 21:40:11 - INFO - [ThreadPoolExecutor-0_1] - [ThreadPoolExecutor-0_1] Scraping product details: https://www.amazon.com/GTPLAYER-Gaming-Chair-Footrest-Black/dp/B0GXZ69S18/ref=sr_1_8?dib=eyJ2IjoiMSJ...
2026-08-29 21:40:13 - INFO - [ThreadPoolExecutor-0_0] - [ThreadPoolExecutor-0_0] Found 13 reviews
2026-08-29 21:40:13 - INFO - [ThreadPoolExecutor-0_0] - [ThreadPoolExecutor-0_0] Scraped 13 reviews
2026-08-29 21:40:13 - INFO - [ThreadPoolExecutor-0_0] - [ThreadPoolExecutor-0_0] Completed 'kitchen knife set': 30 products, 342 reviews
2026-08-29 21:40:13 - INFO - [ThreadPoolExecutor-0_0] - ✓ kitchen knife set: 30 products, 342 reviews
2026-08-29 21:40:14 - INFO - [ThreadPoolExecutor-0_2] - [ThreadPoolExecutor-0_2] Found 13 reviews
2026-08-29 21:40:14 - INFO - [ThreadPoolExecutor-0_2] - [ThreadPoolExecutor-0_2] Scraped 13 reviews
2026-08-29 21:40:15 - INFO - [ThreadPoolExecutor-0_0] - [ThreadPoolExecutor-0_0] WebDriver closed
2026-08-29 21:40:15 - INFO - [ThreadPoolExecutor-0_0] - [ThreadPoolExecutor-0_0] [19/28] Processing: backpack
2026-08-29 21:40:15 - INFO - [ThreadPoolExecutor-0_0] - [ThreadPoolExecutor-0_0] Creating Chrome driver...
2026-08-29 21:40:17 - INFO - [ThreadPoolExecutor-0_0] - [ThreadPoolExecutor-0_0] Chrome driver created successfully
2026-08-29 21:40:17 - INFO - [ThreadPoolExecutor-0_0] - Created new driver for thread: ThreadPoolExecutor-0_0
2026-08-29 21:40:17 - INFO - [ThreadPoolExecutor-0_0] - [ThreadPoolExecutor-0_0] Searching: https://www.amazon.com/s?k=backpack
2026-08-29 21:40:18 - INFO - [ThreadPoolExecutor-0_2] - [ThreadPoolExecutor-0_2] [29/30] Keurig K-Supreme Single Serve K-Cup Pod ...
2026-08-29 21:40:18 - INFO - [ThreadPoolExecutor-0_2] - [ThreadPoolExecutor-0_2] Scraping product details: https://www.amazon.com/Keurig-MultiStream-Technology-Dual-Position-Customizable/dp/B0892V8JT8/ref=sr...
2026-08-29 21:40:21 - INFO - [ThreadPoolExecutor-0_1] - [ThreadPoolExecutor-0_1] Scraping reviews...
2026-08-29 21:40:28 - INFO - [ThreadPoolExecutor-0_2] - [ThreadPoolExecutor-0_2] Scraping reviews...
2026-08-29 21:40:31 - INFO - [ThreadPoolExecutor-0_0] - Found 22 products in search results
2026-08-29 21:40:31 - INFO - [ThreadPoolExecutor-0_0] - [ThreadPoolExecutor-0_0] Found 22 products for: backpack
2026-08-29 21:40:31 - INFO - [ThreadPoolExecutor-0_0] - [ThreadPoolExecutor-0_0] [1/22] WOLFpak 25L Athletic Gym Backpack - Dura...
2026-08-29 21:40:31 - INFO - [ThreadPoolExecutor-0_0] - [ThreadPoolExecutor-0_0] Scraping product details: https://www.amazon.com/sspa/click?ie=UTF8&spc=MToyMDc5NjAyOTI5Mzc4MDA0OjE3ODgwMTgwMTg6c3BfYXRmOjMwMD...
2026-08-29 21:40:33 - INFO - [ThreadPoolExecutor-0_1] - [ThreadPoolExecutor-0_1] Found 13 reviews
2026-08-29 21:40:33 - INFO - [ThreadPoolExecutor-0_1] - [ThreadPoolExecutor-0_1] Scraped 13 reviews
2026-08-29 21:40:36 - INFO - [ThreadPoolExecutor-0_1] - [ThreadPoolExecutor-0_1] [9/30] GTPLAYER Gaming Chair Fabric with Pocket...
2026-08-29 21:40:36 - INFO - [ThreadPoolExecutor-0_1] - [ThreadPoolExecutor-0_1] Scraping product details: https://www.amazon.com/GTPLAYER-Cushion-Gamings-Computer-Footrest/dp/B0FN3JSVNZ/ref=sr_1_9?dib=eyJ2I...
2026-08-29 21:40:38 - INFO - [ThreadPoolExecutor-0_2] - [ThreadPoolExecutor-0_2] Found 13 reviews
2026-08-29 21:40:38 - INFO - [ThreadPoolExecutor-0_2] - [ThreadPoolExecutor-0_2] Scraped 13 reviews
2026-08-29 21:40:41 - INFO - [ThreadPoolExecutor-0_2] - [ThreadPoolExecutor-0_2] [30/30] Cuisinart 12-Cup Coffee Maker, Programma...
2026-08-29 21:40:41 - INFO - [ThreadPoolExecutor-0_2] - [ThreadPoolExecutor-0_2] Scraping product details: https://www.amazon.com/Cuisinart-DCC-3400-Stainless-Thermal-Coffeemaker/dp/B01N6T5QNO/ref=sr_1_30?di...
2026-08-29 21:40:43 - INFO - [ThreadPoolExecutor-0_0] - [ThreadPoolExecutor-0_0] Scraping reviews...
2026-08-29 21:40:45 - INFO - [ThreadPoolExecutor-0_1] - [ThreadPoolExecutor-0_1] Scraping reviews...
2026-08-29 21:40:48 - INFO - [ThreadPoolExecutor-0_2] - [ThreadPoolExecutor-0_2] Scraping reviews...
2026-08-29 21:40:54 - INFO - [ThreadPoolExecutor-0_1] - [ThreadPoolExecutor-0_1] Found 13 reviews
2026-08-29 21:40:54 - INFO - [ThreadPoolExecutor-0_1] - [ThreadPoolExecutor-0_1] Scraped 13 reviews
2026-08-29 21:40:57 - INFO - [ThreadPoolExecutor-0_1] - [ThreadPoolExecutor-0_1] [10/30] Video Gaming Chair for Adults with Footr...
2026-08-29 21:40:57 - INFO - [ThreadPoolExecutor-0_1] - [ThreadPoolExecutor-0_1] Scraping product details: https://www.amazon.com/Gaming-Adults-Footrest-Ergonomic-Computer/dp/B0H7XF1D5Z/ref=sr_1_10?dib=eyJ2I...
2026-08-29 21:40:57 - INFO - [ThreadPoolExecutor-0_2] - [ThreadPoolExecutor-0_2] Found 13 reviews
2026-08-29 21:40:57 - INFO - [ThreadPoolExecutor-0_2] - [ThreadPoolExecutor-0_2] Scraped 13 reviews
2026-08-29 21:40:57 - INFO - [ThreadPoolExecutor-0_2] - [ThreadPoolExecutor-0_2] Completed 'coffee maker': 30 products, 379 reviews
2026-08-29 21:40:57 - INFO - [ThreadPoolExecutor-0_2] - ✓ coffee maker: 30 products, 379 reviews
2026-08-29 21:40:58 - INFO - [ThreadPoolExecutor-0_2] - [ThreadPoolExecutor-0_2] WebDriver closed
2026-08-29 21:40:58 - INFO - [ThreadPoolExecutor-0_2] - [ThreadPoolExecutor-0_2] [20/28] Processing: monitor 27 inch
2026-08-29 21:40:58 - INFO - [ThreadPoolExecutor-0_2] - [ThreadPoolExecutor-0_2] Creating Chrome driver...
2026-08-29 21:41:00 - INFO - [ThreadPoolExecutor-0_2] - [ThreadPoolExecutor-0_2] Chrome driver created successfully
2026-08-29 21:41:00 - INFO - [ThreadPoolExecutor-0_2] - Created new driver for thread: ThreadPoolExecutor-0_2
2026-08-29 21:41:00 - INFO - [ThreadPoolExecutor-0_2] - [ThreadPoolExecutor-0_2] Searching: https://www.amazon.com/s?k=monitor+27+inch
2026-08-29 21:41:04 - INFO - [ThreadPoolExecutor-0_1] - [ThreadPoolExecutor-0_1] Scraping reviews...
2026-08-29 21:41:11 - INFO - [ThreadPoolExecutor-0_2] - Found 16 products in search results
2026-08-29 21:41:11 - INFO - [ThreadPoolExecutor-0_2] - [ThreadPoolExecutor-0_2] Found 16 products for: monitor 27 inch
2026-08-29 21:41:11 - INFO - [ThreadPoolExecutor-0_2] - [ThreadPoolExecutor-0_2] [1/16] Acer 27in FHD 1920x1080 IPS 120Hz Gaming...
2026-08-29 21:41:11 - INFO - [ThreadPoolExecutor-0_2] - [ThreadPoolExecutor-0_2] Scraping product details: https://www.amazon.com/Acer-1920x1080-120Hz-Office-Monitor/dp/B0D9MK23S7/ref=sr_1_1?dib=eyJ2IjoiMSJ9...
2026-08-29 21:41:15 - INFO - [ThreadPoolExecutor-0_1] - [ThreadPoolExecutor-0_1] Found 5 reviews
2026-08-29 21:41:15 - INFO - [ThreadPoolExecutor-0_1] - [ThreadPoolExecutor-0_1] Scraped 5 reviews
2026-08-29 21:41:20 - INFO - [ThreadPoolExecutor-0_1] - [ThreadPoolExecutor-0_1] [11/30] Corsair TC100 Relaxed Gaming Chair - Lea...
2026-08-29 21:41:20 - INFO - [ThreadPoolExecutor-0_1] - [ThreadPoolExecutor-0_1] Scraping product details: https://www.amazon.com/Corsair-TC100-Relaxed-Gaming-Chair/dp/B0BN6RRD5V/ref=sr_1_11?dib=eyJ2IjoiMSJ9...
2026-08-29 21:41:21 - INFO - [ThreadPoolExecutor-0_2] - [ThreadPoolExecutor-0_2] Scraping reviews...
2026-08-29 21:41:28 - INFO - [ThreadPoolExecutor-0_1] - [ThreadPoolExecutor-0_1] Scraping reviews...
2026-08-29 21:41:29 - WARNING - [ThreadPoolExecutor-0_0] - [ThreadPoolExecutor-0_0] No reviews found
2026-08-29 21:41:33 - INFO - [ThreadPoolExecutor-0_0] - [ThreadPoolExecutor-0_0] [2/22] WOLFpak Tactical Backpack for Men & Wome...
2026-08-29 21:41:33 - INFO - [ThreadPoolExecutor-0_0] - [ThreadPoolExecutor-0_0] Scraping product details: https://www.amazon.com/sspa/click?ie=UTF8&spc=MToyMDc5NjAyOTI5Mzc4MDA0OjE3ODgwMTgwMTg6c3BfYXRmOjMwMT...
2026-08-29 21:41:34 - INFO - [ThreadPoolExecutor-0_2] - [ThreadPoolExecutor-0_2] Found 12 reviews
2026-08-29 21:41:34 - INFO - [ThreadPoolExecutor-0_2] - [ThreadPoolExecutor-0_2] Scraped 12 reviews
2026-08-29 21:41:37 - INFO - [ThreadPoolExecutor-0_2] - [ThreadPoolExecutor-0_2] [2/16] LG 27U411A-B 27-inch Full HD (1920 x 108...
2026-08-29 21:41:37 - INFO - [ThreadPoolExecutor-0_2] - [ThreadPoolExecutor-0_2] Scraping product details: https://www.amazon.com/LG-27U411A-B-27-inch-Computer-Monitor/dp/B0FHXY7VZ5/ref=sr_1_2?dib=eyJ2IjoiMS...
2026-08-29 21:41:38 - INFO - [ThreadPoolExecutor-0_1] - [ThreadPoolExecutor-0_1] Found 13 reviews
2026-08-29 21:41:38 - INFO - [ThreadPoolExecutor-0_1] - [ThreadPoolExecutor-0_1] Scraped 13 reviews
2026-08-29 21:41:42 - INFO - [ThreadPoolExecutor-0_1] - [ThreadPoolExecutor-0_1] [12/30] Marsail Ergonomic Office Chair: Office D...
2026-08-29 21:41:42 - INFO - [ThreadPoolExecutor-0_1] - [ThreadPoolExecutor-0_1] Scraping product details: https://www.amazon.com/Marsail-Ergonomic-Office-Chair-Adjustable/dp/B0CP22DQQS/ref=sr_1_12?dib=eyJ2I...
2026-08-29 21:41:43 - INFO - [ThreadPoolExecutor-0_0] - [ThreadPoolExecutor-0_0] Scraping reviews...
2026-08-29 21:41:45 - INFO - [ThreadPoolExecutor-0_2] - [ThreadPoolExecutor-0_2] Scraping reviews...
2026-08-29 21:41:49 - INFO - [ThreadPoolExecutor-0_1] - [ThreadPoolExecutor-0_1] Scraping reviews...
2026-08-29 21:41:54 - INFO - [ThreadPoolExecutor-0_2] - [ThreadPoolExecutor-0_2] Found 13 reviews
2026-08-29 21:41:54 - INFO - [ThreadPoolExecutor-0_2] - [ThreadPoolExecutor-0_2] Scraped 13 reviews
2026-08-29 21:41:58 - INFO - [ThreadPoolExecutor-0_2] - [ThreadPoolExecutor-0_2] [3/16] ASUS VA279HG 27 Inch 1080P 120Hz Eye Car...
2026-08-29 21:41:58 - INFO - [ThreadPoolExecutor-0_2] - [ThreadPoolExecutor-0_2] Scraping product details: https://www.amazon.com/ASUS-1080P-Care-Monitor-VA279HG/dp/B0DM6SNBGM/ref=sr_1_3?dib=eyJ2IjoiMSJ9.GZM...
2026-08-29 21:42:00 - INFO - [ThreadPoolExecutor-0_1] - [ThreadPoolExecutor-0_1] Found 13 reviews
2026-08-29 21:42:00 - INFO - [ThreadPoolExecutor-0_1] - [ThreadPoolExecutor-0_1] Scraped 13 reviews
2026-08-29 21:42:02 - INFO - [ThreadPoolExecutor-0_1] - [ThreadPoolExecutor-0_1] [13/30] GTPLAYER Gaming Chair, High Back Leather...
2026-08-29 21:42:02 - INFO - [ThreadPoolExecutor-0_1] - [ThreadPoolExecutor-0_1] Scraping product details: https://www.amazon.com/GTPLAYER-Computer-Ergonomic-Adjustable-Removable/dp/B0H8DBTLV6/ref=sr_1_13?di...
2026-08-29 21:42:06 - INFO - [ThreadPoolExecutor-0_2] - [ThreadPoolExecutor-0_2] Scraping reviews...
2026-08-29 21:42:10 - INFO - [ThreadPoolExecutor-0_1] - [ThreadPoolExecutor-0_1] Scraping reviews...
2026-08-29 21:42:19 - INFO - [ThreadPoolExecutor-0_2] - [ThreadPoolExecutor-0_2] Found 8 reviews
2026-08-29 21:42:19 - INFO - [ThreadPoolExecutor-0_2] - [ThreadPoolExecutor-0_2] Scraped 8 reviews
2026-08-29 21:42:21 - INFO - [ThreadPoolExecutor-0_1] - [ThreadPoolExecutor-0_1] Found 13 reviews
2026-08-29 21:42:21 - INFO - [ThreadPoolExecutor-0_1] - [ThreadPoolExecutor-0_1] Scraped 13 reviews
2026-08-29 21:42:21 - INFO - [ThreadPoolExecutor-0_2] - [ThreadPoolExecutor-0_2] [4/16] LG 27G610A-B 27-inch Ultragear QHD (2560...
2026-08-29 21:42:21 - INFO - [ThreadPoolExecutor-0_2] - [ThreadPoolExecutor-0_2] Scraping product details: https://www.amazon.com/LG-27G610A-B-Ultragear-DisplayHDR-DisplayPort/dp/B0FLM15Q5L/ref=sr_1_4?dib=ey...
2026-08-29 21:42:24 - INFO - [ThreadPoolExecutor-0_1] - [ThreadPoolExecutor-0_1] [14/30] Razer Enki X Essential Gaming Chair, All...
2026-08-29 21:42:24 - INFO - [ThreadPoolExecutor-0_1] - [ThreadPoolExecutor-0_1] Scraping product details: https://www.amazon.com/Razer-Essential-Gaming-Chair-Built/dp/B0CGGPKBCZ/ref=sr_1_14?dib=eyJ2IjoiMSJ9...
2026-08-29 21:42:30 - INFO - [ThreadPoolExecutor-0_2] - [ThreadPoolExecutor-0_2] Scraping reviews...
2026-08-29 21:42:31 - WARNING - [ThreadPoolExecutor-0_0] - [ThreadPoolExecutor-0_0] No reviews found
2026-08-29 21:42:35 - INFO - [ThreadPoolExecutor-0_1] - [ThreadPoolExecutor-0_1] Scraping reviews...
2026-08-29 21:42:35 - INFO - [ThreadPoolExecutor-0_0] - [ThreadPoolExecutor-0_0] [3/22] JanSport Laptop Backpack - Computer Bag ...
2026-08-29 21:42:35 - INFO - [ThreadPoolExecutor-0_0] - [ThreadPoolExecutor-0_0] Scraping product details: https://www.amazon.com/JanSport-Big-Student-Backpack-Black/dp/B07K74LDCH/ref=sr_1_3?dib=eyJ2IjoiMSJ9...
2026-08-29 21:42:41 - INFO - [ThreadPoolExecutor-0_2] - [ThreadPoolExecutor-0_2] Found 13 reviews
2026-08-29 21:42:41 - INFO - [ThreadPoolExecutor-0_2] - [ThreadPoolExecutor-0_2] Scraped 13 reviews
2026-08-29 21:42:43 - INFO - [ThreadPoolExecutor-0_1] - [ThreadPoolExecutor-0_1] Found 13 reviews
2026-08-29 21:42:43 - INFO - [ThreadPoolExecutor-0_1] - [ThreadPoolExecutor-0_1] Scraped 13 reviews
2026-08-29 21:42:46 - INFO - [ThreadPoolExecutor-0_2] - [ThreadPoolExecutor-0_2] [5/16] KOORUI 27 Inch Computer Monitor 144Hz FH...
2026-08-29 21:42:46 - INFO - [ThreadPoolExecutor-0_2] - [ThreadPoolExecutor-0_2] Scraping product details: https://www.amazon.com/KOORUI-27-Inch-Monitor-Computer/dp/B0B3DS23NB/ref=sr_1_5?dib=eyJ2IjoiMSJ9.GZM...
2026-08-29 21:42:46 - INFO - [ThreadPoolExecutor-0_1] - [ThreadPoolExecutor-0_1] [15/30] GTPLAYER Big and Tall Gaming Chair Fabri...
2026-08-29 21:42:46 - INFO - [ThreadPoolExecutor-0_1] - [ThreadPoolExecutor-0_1] Scraping product details: https://www.amazon.com/GTPLAYER-Cushion-Computer-Footrest-Support/dp/B0D4TKP2M1/ref=sr_1_15?dib=eyJ2...
2026-08-29 21:42:46 - INFO - [ThreadPoolExecutor-0_0] - [ThreadPoolExecutor-0_0] Scraping reviews...
2026-08-29 21:42:53 - INFO - [ThreadPoolExecutor-0_2] - [ThreadPoolExecutor-0_2] Scraping reviews...
2026-08-29 21:42:56 - INFO - [ThreadPoolExecutor-0_0] - [ThreadPoolExecutor-0_0] Found 13 reviews
2026-08-29 21:42:56 - INFO - [ThreadPoolExecutor-0_0] - [ThreadPoolExecutor-0_0] Scraped 13 reviews
2026-08-29 21:42:57 - INFO - [ThreadPoolExecutor-0_1] - [ThreadPoolExecutor-0_1] Scraping reviews...
2026-08-29 21:43:00 - INFO - [ThreadPoolExecutor-0_0] - [ThreadPoolExecutor-0_0] [4/22] abshoo Classical Basic Womens Travel Bac...
2026-08-29 21:43:00 - INFO - [ThreadPoolExecutor-0_0] - [ThreadPoolExecutor-0_0] Scraping product details: https://www.amazon.com/Classical-Backpack-College-Resistant-Bookbag/dp/B07CPW148Z/ref=sr_1_4?dib=eyJ...
2026-08-29 21:43:02 - INFO - [ThreadPoolExecutor-0_2] - [ThreadPoolExecutor-0_2] Found 13 reviews
2026-08-29 21:43:02 - INFO - [ThreadPoolExecutor-0_2] - [ThreadPoolExecutor-0_2] Scraped 13 reviews
2026-08-29 21:43:07 - INFO - [ThreadPoolExecutor-0_2] - [ThreadPoolExecutor-0_2] [6/16] Acer Nitro 27in QHD 2560x1440 IPS 180Hz ...
2026-08-29 21:43:07 - INFO - [ThreadPoolExecutor-0_2] - [ThreadPoolExecutor-0_2] Scraping product details: https://www.amazon.com/acer-Monitor-FreeSync-Refresh-N3bmiipx/dp/B0D8LH2VSP/ref=sr_1_6?dib=eyJ2IjoiM...
2026-08-29 21:43:07 - INFO - [ThreadPoolExecutor-0_1] - [ThreadPoolExecutor-0_1] Found 13 reviews
2026-08-29 21:43:07 - INFO - [ThreadPoolExecutor-0_1] - [ThreadPoolExecutor-0_1] Scraped 13 reviews
2026-08-29 21:43:11 - INFO - [ThreadPoolExecutor-0_1] - [ThreadPoolExecutor-0_1] [16/30] HapGIFT Gaming Chair, Ergonomic Computer...
2026-08-29 21:43:11 - INFO - [ThreadPoolExecutor-0_1] - [ThreadPoolExecutor-0_1] Scraping product details: https://www.amazon.com/HapGIFT-Ergonomic-Computer-Armrest-Adujustable/dp/B0GVZYSLK2/ref=sr_1_16?dib=...
2026-08-29 21:43:13 - INFO - [ThreadPoolExecutor-0_0] - [ThreadPoolExecutor-0_0] Scraping reviews...
2026-08-29 21:43:14 - INFO - [ThreadPoolExecutor-0_2] - [ThreadPoolExecutor-0_2] Scraping reviews...
2026-08-29 21:43:18 - INFO - [ThreadPoolExecutor-0_1] - [ThreadPoolExecutor-0_1] Scraping reviews...
2026-08-29 21:43:23 - INFO - [ThreadPoolExecutor-0_0] - [ThreadPoolExecutor-0_0] Found 13 reviews
2026-08-29 21:43:23 - INFO - [ThreadPoolExecutor-0_0] - [ThreadPoolExecutor-0_0] Scraped 13 reviews
2026-08-29 21:43:24 - INFO - [ThreadPoolExecutor-0_2] - [ThreadPoolExecutor-0_2] Found 13 reviews
2026-08-29 21:43:24 - INFO - [ThreadPoolExecutor-0_2] - [ThreadPoolExecutor-0_2] Scraped 13 reviews
2026-08-29 21:43:26 - INFO - [ThreadPoolExecutor-0_0] - [ThreadPoolExecutor-0_0] [5/22] LOVEVOOK Laptop Backpack for Women with ...
2026-08-29 21:43:26 - INFO - [ThreadPoolExecutor-0_0] - [ThreadPoolExecutor-0_0] Scraping product details: https://www.amazon.com/LOVEVOOK-Backpack-Capacity-Waterproof-Beige-Black-Brown/dp/B0DL8W99LM/ref=sr_...
2026-08-29 21:43:27 - INFO - [ThreadPoolExecutor-0_2] - [ThreadPoolExecutor-0_2] [7/16] Samsung 27" Essential S3 (S36GD) Series ...
2026-08-29 21:43:27 - INFO - [ThreadPoolExecutor-0_2] - [ThreadPoolExecutor-0_2] Scraping product details: https://www.amazon.com/SAMSUNG-Essential-Computer-Advanced-LS27D366GANXZA/dp/B0DB9Q5G3R/ref=sr_1_7?d...
2026-08-29 21:43:27 - INFO - [ThreadPoolExecutor-0_1] - [ThreadPoolExecutor-0_1] Found 10 reviews
2026-08-29 21:43:27 - INFO - [ThreadPoolExecutor-0_1] - [ThreadPoolExecutor-0_1] Scraped 10 reviews
2026-08-29 21:43:29 - INFO - [ThreadPoolExecutor-0_1] - [ThreadPoolExecutor-0_1] [17/30] Dowinx Ergonomic Gaming Chair with Footr...
2026-08-29 21:43:29 - INFO - [ThreadPoolExecutor-0_1] - [ThreadPoolExecutor-0_1] Scraping product details: https://www.amazon.com/Dowinx-Ergonomic-Footrest-2D-Linkage-Streaming/dp/B0FRMS6KF3/ref=sr_1_17?dib=...
2026-08-29 21:43:37 - INFO - [ThreadPoolExecutor-0_2] - [ThreadPoolExecutor-0_2] Scraping reviews...
2026-08-29 21:43:39 - INFO - [ThreadPoolExecutor-0_1] - [ThreadPoolExecutor-0_1] Scraping reviews...
2026-08-29 21:43:43 - INFO - [ThreadPoolExecutor-0_0] - [ThreadPoolExecutor-0_0] Scraping reviews...
2026-08-29 21:43:48 - INFO - [ThreadPoolExecutor-0_1] - [ThreadPoolExecutor-0_1] Found 8 reviews
2026-08-29 21:43:48 - INFO - [ThreadPoolExecutor-0_1] - [ThreadPoolExecutor-0_1] Scraped 8 reviews
2026-08-29 21:43:49 - INFO - [ThreadPoolExecutor-0_2] - [ThreadPoolExecutor-0_2] Found 13 reviews
2026-08-29 21:43:49 - INFO - [ThreadPoolExecutor-0_2] - [ThreadPoolExecutor-0_2] Scraped 13 reviews
2026-08-29 21:43:51 - INFO - [ThreadPoolExecutor-0_1] - [ThreadPoolExecutor-0_1] [18/30] Gaming Chair,Big and Tall Gaming Chair 4...
2026-08-29 21:43:51 - INFO - [ThreadPoolExecutor-0_1] - [ThreadPoolExecutor-0_1] Scraping product details: https://www.amazon.com/MINOMAC-Footrest-90-155%C2%B0-Removable-Headrest/dp/B0H6ZWS7BF/ref=sr_1_18?di...
2026-08-29 21:43:51 - INFO - [ThreadPoolExecutor-0_2] - [ThreadPoolExecutor-0_2] [8/16] Sceptre 27-inch Prime Gaming Monitor 100...
2026-08-29 21:43:51 - INFO - [ThreadPoolExecutor-0_2] - [ThreadPoolExecutor-0_2] Scraping product details: https://www.amazon.com/Sceptre-DisplayPort-FreeSync-Frameless-E275W-FW100T/dp/B0CHHSFMRL/ref=sr_1_8?...
2026-08-29 21:43:55 - INFO - [ThreadPoolExecutor-0_0] - [ThreadPoolExecutor-0_0] Found 9 reviews
2026-08-29 21:43:55 - INFO - [ThreadPoolExecutor-0_0] - [ThreadPoolExecutor-0_0] Scraped 9 reviews
2026-08-29 21:43:58 - INFO - [ThreadPoolExecutor-0_0] - [ThreadPoolExecutor-0_0] [6/22] LHI Military Tactical Backpack for Men a...
2026-08-29 21:43:58 - INFO - [ThreadPoolExecutor-0_0] - [ThreadPoolExecutor-0_0] Scraping product details: https://www.amazon.com/LHI-Military-Tactical-Backpack-Rucksack/dp/B0C13GFY7N/ref=sr_1_6?dib=eyJ2Ijoi...
2026-08-29 21:43:59 - INFO - [ThreadPoolExecutor-0_2] - [ThreadPoolExecutor-0_2] Scraping reviews...
2026-08-29 21:44:01 - INFO - [ThreadPoolExecutor-0_1] - [ThreadPoolExecutor-0_1] Scraping reviews...
2026-08-29 21:44:09 - INFO - [ThreadPoolExecutor-0_1] - [ThreadPoolExecutor-0_1] Found 8 reviews
2026-08-29 21:44:09 - INFO - [ThreadPoolExecutor-0_1] - [ThreadPoolExecutor-0_1] Scraped 8 reviews
2026-08-29 21:44:10 - INFO - [ThreadPoolExecutor-0_2] - [ThreadPoolExecutor-0_2] Found 11 reviews
2026-08-29 21:44:10 - INFO - [ThreadPoolExecutor-0_2] - [ThreadPoolExecutor-0_2] Scraped 11 reviews
2026-08-29 21:44:12 - INFO - [ThreadPoolExecutor-0_1] - [ThreadPoolExecutor-0_1] [19/30] TRALT Office Chair Ergonomic Desk Chair ...
2026-08-29 21:44:12 - INFO - [ThreadPoolExecutor-0_1] - [ThreadPoolExecutor-0_1] Scraping product details: https://www.amazon.com/TRALT-Office-Ergonomic-Chairs-Comfortable/dp/B0CG6TN45R/ref=sr_1_19?dib=eyJ2I...
2026-08-29 21:44:12 - INFO - [ThreadPoolExecutor-0_2] - [ThreadPoolExecutor-0_2] [9/16] msi PRO MP273W E14A 27-inch IPS 1920 x 1...
2026-08-29 21:44:12 - INFO - [ThreadPoolExecutor-0_2] - [ThreadPoolExecutor-0_2] Scraping product details: https://www.amazon.com/msi-PRO-MP273W-E14A-DisplayPort/dp/B0G1PYLBD3/ref=sr_1_9?dib=eyJ2IjoiMSJ9.GZM...
2026-08-29 21:44:14 - INFO - [ThreadPoolExecutor-0_0] - [ThreadPoolExecutor-0_0] Scraping reviews...
2026-08-29 21:44:17 - INFO - [ThreadPoolExecutor-0_2] - [ThreadPoolExecutor-0_2] Scraping reviews...
2026-08-29 21:44:21 - INFO - [ThreadPoolExecutor-0_0] - [ThreadPoolExecutor-0_0] Found 11 reviews
2026-08-29 21:44:21 - INFO - [ThreadPoolExecutor-0_0] - [ThreadPoolExecutor-0_0] Scraped 11 reviews
2026-08-29 21:44:23 - INFO - [ThreadPoolExecutor-0_1] - [ThreadPoolExecutor-0_1] Scraping reviews...
2026-08-29 21:44:26 - INFO - [ThreadPoolExecutor-0_0] - [ThreadPoolExecutor-0_0] [7/22] WOLFpak 35L Athletic Gym Backpack - Dura...
2026-08-29 21:44:26 - INFO - [ThreadPoolExecutor-0_0] - [ThreadPoolExecutor-0_0] Scraping product details: https://www.amazon.com/sspa/click?ie=UTF8&spc=MToyMDc5NjAyOTI5Mzc4MDA0OjE3ODgwMTgwMTg6c3BfbXRmOjMwMD...
2026-08-29 21:44:30 - INFO - [ThreadPoolExecutor-0_2] - [ThreadPoolExecutor-0_2] Found 13 reviews
2026-08-29 21:44:30 - INFO - [ThreadPoolExecutor-0_2] - [ThreadPoolExecutor-0_2] Scraped 13 reviews
2026-08-29 21:44:33 - INFO - [ThreadPoolExecutor-0_2] - [ThreadPoolExecutor-0_2] [10/16] msi MAG 274F 27-inch 1920 x 1080 (FHD) G...
2026-08-29 21:44:33 - INFO - [ThreadPoolExecutor-0_2] - [ThreadPoolExecutor-0_2] Scraping product details: https://www.amazon.com/MAG-274F-27-inch-Adaptive-Mountable/dp/B0FG632MT5/ref=sr_1_10?dib=eyJ2IjoiMSJ...
2026-08-29 21:44:34 - INFO - [ThreadPoolExecutor-0_1] - [ThreadPoolExecutor-0_1] Found 13 reviews
2026-08-29 21:44:34 - INFO - [ThreadPoolExecutor-0_1] - [ThreadPoolExecutor-0_1] Scraped 13 reviews
2026-08-29 21:44:34 - INFO - [ThreadPoolExecutor-0_0] - [ThreadPoolExecutor-0_0] Scraping reviews...
2026-08-29 21:44:37 - INFO - [ThreadPoolExecutor-0_1] - [ThreadPoolExecutor-0_1] [20/30] DUMOS Ergonomic Gaming Chair with Footre...
2026-08-29 21:44:37 - INFO - [ThreadPoolExecutor-0_1] - [ThreadPoolExecutor-0_1] Scraping product details: https://www.amazon.com/DUMOS-Ergonomic-Footrest-Headrest-Adjustable/dp/B0FPFHCJYF/ref=sr_1_20?dib=ey...
2026-08-29 21:44:41 - INFO - [ThreadPoolExecutor-0_2] - [ThreadPoolExecutor-0_2] Scraping reviews...
2026-08-29 21:44:49 - INFO - [ThreadPoolExecutor-0_2] - [ThreadPoolExecutor-0_2] Found 8 reviews
2026-08-29 21:44:49 - INFO - [ThreadPoolExecutor-0_2] - [ThreadPoolExecutor-0_2] Scraped 8 reviews
2026-08-29 21:44:50 - INFO - [ThreadPoolExecutor-0_1] - [ThreadPoolExecutor-0_1] Scraping reviews...
2026-08-29 21:44:54 - INFO - [ThreadPoolExecutor-0_2] - [ThreadPoolExecutor-0_2] [11/16] Philips 27" Computer Monitor FHD 100Hz V...
2026-08-29 21:44:54 - INFO - [ThreadPoolExecutor-0_2] - [ThreadPoolExecutor-0_2] Scraping product details: https://www.amazon.com/Philips-Computer-Monitor-100Hz-271V8LB/dp/B0C8ZJNZY8/ref=sr_1_11?dib=eyJ2Ijoi...
2026-08-29 21:44:59 - INFO - [ThreadPoolExecutor-0_1] - [ThreadPoolExecutor-0_1] Found 8 reviews
2026-08-29 21:44:59 - INFO - [ThreadPoolExecutor-0_1] - [ThreadPoolExecutor-0_1] Scraped 8 reviews
2026-08-29 21:45:02 - INFO - [ThreadPoolExecutor-0_2] - [ThreadPoolExecutor-0_2] Scraping reviews...
2026-08-29 21:45:04 - INFO - [ThreadPoolExecutor-0_1] - [ThreadPoolExecutor-0_1] [21/30] CAPOT Ergonomic Mesh Office Chair, Adjus...
2026-08-29 21:45:04 - INFO - [ThreadPoolExecutor-0_1] - [ThreadPoolExecutor-0_1] Scraping product details: https://www.amazon.com/CAPOT-Ergonomic-Adjustable-Backrest-Headrest/dp/B0D9VPSQM7/ref=sr_1_21?dib=ey...
2026-08-29 21:45:10 - INFO - [ThreadPoolExecutor-0_2] - [ThreadPoolExecutor-0_2] Found 12 reviews
2026-08-29 21:45:10 - INFO - [ThreadPoolExecutor-0_2] - [ThreadPoolExecutor-0_2] Scraped 12 reviews
2026-08-29 21:45:12 - INFO - [ThreadPoolExecutor-0_1] - [ThreadPoolExecutor-0_1] Scraping reviews...
2026-08-29 21:45:13 - INFO - [ThreadPoolExecutor-0_2] - [ThreadPoolExecutor-0_2] [12/16] Samsung 27" (S30GD) Essential Monitor wi...
2026-08-29 21:45:13 - INFO - [ThreadPoolExecutor-0_2] - [ThreadPoolExecutor-0_2] Scraping product details: https://www.amazon.com/SAMSUNG-Essential-Ergonomic-Advanced-LS27D304GANXZA/dp/B0DK44759Y/ref=sr_1_12...
2026-08-29 21:45:20 - INFO - [ThreadPoolExecutor-0_1] - [ThreadPoolExecutor-0_1] Found 13 reviews
2026-08-29 21:45:20 - INFO - [ThreadPoolExecutor-0_1] - [ThreadPoolExecutor-0_1] Scraped 13 reviews
2026-08-29 21:45:20 - WARNING - [ThreadPoolExecutor-0_0] - [ThreadPoolExecutor-0_0] No reviews found
2026-08-29 21:45:21 - INFO - [ThreadPoolExecutor-0_2] - [ThreadPoolExecutor-0_2] Scraping reviews...
2026-08-29 21:45:25 - INFO - [ThreadPoolExecutor-0_1] - [ThreadPoolExecutor-0_1] [22/30] Office Chair Ergonomic Desk Chair, 330LB...
2026-08-29 21:45:25 - INFO - [ThreadPoolExecutor-0_1] - [ThreadPoolExecutor-0_1] Scraping product details: https://www.amazon.com/Ergonomic-Capacity-Computer-Comfortable-Executive/dp/B0DGK8TG51/ref=sr_1_22?d...
2026-08-29 21:45:25 - INFO - [ThreadPoolExecutor-0_0] - [ThreadPoolExecutor-0_0] [8/22] SHRRADOO Extra Large Travel Laptop Backp...
2026-08-29 21:45:25 - INFO - [ThreadPoolExecutor-0_0] - [ThreadPoolExecutor-0_0] Scraping product details: https://www.amazon.com/Travel-Laptop-Backpack-Charging-Laptops/dp/B07V4R4Z77/ref=sr_1_8?dib=eyJ2Ijoi...
2026-08-29 21:45:30 - INFO - [ThreadPoolExecutor-0_2] - [ThreadPoolExecutor-0_2] Found 13 reviews
2026-08-29 21:45:30 - INFO - [ThreadPoolExecutor-0_2] - [ThreadPoolExecutor-0_2] Scraped 13 reviews
2026-08-29 21:45:35 - INFO - [ThreadPoolExecutor-0_2] - [ThreadPoolExecutor-0_2] [13/16] ASUS VA27AQ 27 Inch 1440P QHD IPS Comput...
2026-08-29 21:45:35 - INFO - [ThreadPoolExecutor-0_2] - [ThreadPoolExecutor-0_2] Scraping product details: https://www.amazon.com/ASUS-1440P-Care-Monitor-VA27AQ/dp/B0F72ZCGWB/ref=sr_1_13?dib=eyJ2IjoiMSJ9.GZM...
2026-08-29 21:45:35 - INFO - [ThreadPoolExecutor-0_1] - [ThreadPoolExecutor-0_1] Scraping reviews...
2026-08-29 21:45:42 - INFO - [ThreadPoolExecutor-0_0] - [ThreadPoolExecutor-0_0] Scraping reviews...
2026-08-29 21:45:43 - INFO - [ThreadPoolExecutor-0_2] - [ThreadPoolExecutor-0_2] Scraping reviews...
2026-08-29 21:45:47 - INFO - [ThreadPoolExecutor-0_1] - [ThreadPoolExecutor-0_1] Found 8 reviews
2026-08-29 21:45:47 - INFO - [ThreadPoolExecutor-0_1] - [ThreadPoolExecutor-0_1] Scraped 8 reviews
2026-08-29 21:45:51 - INFO - [ThreadPoolExecutor-0_1] - [ThreadPoolExecutor-0_1] [23/30] Sweetcrispy Computer Desk Chair, Lumbar ...
2026-08-29 21:45:51 - INFO - [ThreadPoolExecutor-0_1] - [ThreadPoolExecutor-0_1] Scraping product details: https://www.amazon.com/Sweetcrispy-Computer-Video-Game-Chair/dp/B0FFGK32C5/ref=sr_1_23?dib=eyJ2IjoiM...
2026-08-29 21:45:52 - INFO - [ThreadPoolExecutor-0_0] - [ThreadPoolExecutor-0_0] Found 13 reviews
2026-08-29 21:45:52 - INFO - [ThreadPoolExecutor-0_0] - [ThreadPoolExecutor-0_0] Scraped 13 reviews
2026-08-29 21:45:55 - INFO - [ThreadPoolExecutor-0_2] - [ThreadPoolExecutor-0_2] Found 10 reviews
2026-08-29 21:45:55 - INFO - [ThreadPoolExecutor-0_2] - [ThreadPoolExecutor-0_2] Scraped 10 reviews
2026-08-29 21:45:56 - INFO - [ThreadPoolExecutor-0_0] - [ThreadPoolExecutor-0_0] [9/22] Volher Laptop Backpack,Business Travel A...
2026-08-29 21:45:56 - INFO - [ThreadPoolExecutor-0_0] - [ThreadPoolExecutor-0_0] Scraping product details: https://www.amazon.com/Backpack-Business-Charging-Resistant-Computer/dp/B07F2YJRN2/ref=sr_1_9?dib=ey...
2026-08-29 21:45:58 - INFO - [ThreadPoolExecutor-0_2] - [ThreadPoolExecutor-0_2] [14/16] AOC 27 Inch Computer Monitor FHD 120Hz F...
2026-08-29 21:45:58 - INFO - [ThreadPoolExecutor-0_2] - [ThreadPoolExecutor-0_2] Scraping product details: https://www.amazon.com/AOC-27B35H3-Adaptive-Flicker-Free-Eco-Friendly/dp/B0F6PLGZQG/ref=sr_1_14?dib=...
2026-08-29 21:45:59 - INFO - [ThreadPoolExecutor-0_1] - [ThreadPoolExecutor-0_1] Scraping reviews...
2026-08-29 21:46:07 - INFO - [ThreadPoolExecutor-0_2] - [ThreadPoolExecutor-0_2] Scraping reviews...
2026-08-29 21:46:10 - INFO - [ThreadPoolExecutor-0_1] - [ThreadPoolExecutor-0_1] Found 8 reviews
2026-08-29 21:46:10 - INFO - [ThreadPoolExecutor-0_1] - [ThreadPoolExecutor-0_1] Scraped 8 reviews
2026-08-29 21:46:11 - INFO - [ThreadPoolExecutor-0_0] - [ThreadPoolExecutor-0_0] Scraping reviews...
2026-08-29 21:46:15 - INFO - [ThreadPoolExecutor-0_1] - [ThreadPoolExecutor-0_1] [24/30] Gaming Chair - High Back Ergonomic Compu...
2026-08-29 21:46:15 - INFO - [ThreadPoolExecutor-0_1] - [ThreadPoolExecutor-0_1] Scraping product details: https://www.amazon.com/VENTUVIBE-Gaming-Chair-Ergonomic-Adjustable/dp/B0G2BPN56M/ref=sr_1_24?dib=eyJ...
2026-08-29 21:46:16 - INFO - [ThreadPoolExecutor-0_2] - [ThreadPoolExecutor-0_2] Found 13 reviews
2026-08-29 21:46:16 - INFO - [ThreadPoolExecutor-0_2] - [ThreadPoolExecutor-0_2] Scraped 13 reviews
2026-08-29 21:46:19 - INFO - [ThreadPoolExecutor-0_2] - [ThreadPoolExecutor-0_2] [15/16] ArcticPro 27 Inch Monitor 120Hz, FHD 108...
2026-08-29 21:46:19 - INFO - [ThreadPoolExecutor-0_2] - [ThreadPoolExecutor-0_2] Scraping product details: https://www.amazon.com/ArcticPro-Computer-Frameless-Mountable-Anti-Blue/dp/B0FM7FS7CR/ref=sr_1_15?di...
2026-08-29 21:46:21 - INFO - [ThreadPoolExecutor-0_0] - [ThreadPoolExecutor-0_0] Found 13 reviews
2026-08-29 21:46:21 - INFO - [ThreadPoolExecutor-0_0] - [ThreadPoolExecutor-0_0] Scraped 13 reviews
2026-08-29 21:46:24 - INFO - [ThreadPoolExecutor-0_1] - [ThreadPoolExecutor-0_1] Scraping reviews...
2026-08-29 21:46:25 - INFO - [ThreadPoolExecutor-0_0] - [ThreadPoolExecutor-0_0] [10/22] Under Armour Unisex Hustle 6.0 Backpack,...
2026-08-29 21:46:25 - INFO - [ThreadPoolExecutor-0_0] - [ThreadPoolExecutor-0_0] Scraping product details: https://www.amazon.com/Under-Armour-Unisex-Hustle-Backpack/dp/B0CHGWX7HG/ref=sr_1_10?dib=eyJ2IjoiMSJ...
2026-08-29 21:46:25 - INFO - [ThreadPoolExecutor-0_2] - [ThreadPoolExecutor-0_2] Scraping reviews...
2026-08-29 21:46:37 - INFO - [ThreadPoolExecutor-0_2] - [ThreadPoolExecutor-0_2] Found 8 reviews
2026-08-29 21:46:37 - INFO - [ThreadPoolExecutor-0_1] - [ThreadPoolExecutor-0_1] Found 8 reviews
2026-08-29 21:46:37 - INFO - [ThreadPoolExecutor-0_2] - [ThreadPoolExecutor-0_2] Scraped 8 reviews
2026-08-29 21:46:37 - INFO - [ThreadPoolExecutor-0_1] - [ThreadPoolExecutor-0_1] Scraped 8 reviews
2026-08-29 21:46:38 - INFO - [ThreadPoolExecutor-0_0] - [ThreadPoolExecutor-0_0] Scraping reviews...
2026-08-29 21:46:42 - INFO - [ThreadPoolExecutor-0_2] - [ThreadPoolExecutor-0_2] [16/16] Samsung 27” Odyssey G5 (G50F) Series QHD...
2026-08-29 21:46:42 - INFO - [ThreadPoolExecutor-0_2] - [ThreadPoolExecutor-0_2] Scraping product details: https://www.amazon.com/Samsung-Resolution-Compatible-FreeSyncTM-LS27FG502ENXZA/dp/B0G1DZ7WN8/ref=sr_...
2026-08-29 21:46:42 - INFO - [ThreadPoolExecutor-0_1] - [ThreadPoolExecutor-0_1] [25/30] Gaming Chair, Ergonomic Computer Chair w...
2026-08-29 21:46:42 - INFO - [ThreadPoolExecutor-0_1] - [ThreadPoolExecutor-0_1] Scraping product details: https://www.amazon.com/Gaming-Ergonomic-Computer-Footrest-Support/dp/B0GXVTGXC2/ref=sr_1_25?dib=eyJ2...
2026-08-29 21:46:48 - INFO - [ThreadPoolExecutor-0_0] - [ThreadPoolExecutor-0_0] Found 13 reviews
2026-08-29 21:46:48 - INFO - [ThreadPoolExecutor-0_0] - [ThreadPoolExecutor-0_0] Scraped 13 reviews
2026-08-29 21:46:50 - INFO - [ThreadPoolExecutor-0_1] - [ThreadPoolExecutor-0_1] Scraping reviews...
2026-08-29 21:46:50 - INFO - [ThreadPoolExecutor-0_2] - [ThreadPoolExecutor-0_2] Scraping reviews...
2026-08-29 21:46:53 - INFO - [ThreadPoolExecutor-0_0] - [ThreadPoolExecutor-0_0] [11/22] BAGSMART Travel Backpack for Women, 15.6...
2026-08-29 21:46:53 - INFO - [ThreadPoolExecutor-0_0] - [ThreadPoolExecutor-0_0] Scraping product details: https://www.amazon.com/BAGSMART-College-Backpack-Quilted-Water-Resistant/dp/B0DQSJM8SX/ref=sr_1_11?d...
2026-08-29 21:47:00 - INFO - [ThreadPoolExecutor-0_1] - [ThreadPoolExecutor-0_1] Found 8 reviews
2026-08-29 21:47:00 - INFO - [ThreadPoolExecutor-0_1] - [ThreadPoolExecutor-0_1] Scraped 8 reviews
2026-08-29 21:47:02 - INFO - [ThreadPoolExecutor-0_2] - [ThreadPoolExecutor-0_2] Found 8 reviews
2026-08-29 21:47:02 - INFO - [ThreadPoolExecutor-0_2] - [ThreadPoolExecutor-0_2] Scraped 8 reviews
2026-08-29 21:47:02 - INFO - [ThreadPoolExecutor-0_2] - [ThreadPoolExecutor-0_2] Completed 'monitor 27 inch': 16 products, 181 reviews
2026-08-29 21:47:02 - INFO - [ThreadPoolExecutor-0_2] - ✓ monitor 27 inch: 16 products, 181 reviews
2026-08-29 21:47:02 - INFO - [ThreadPoolExecutor-0_1] - [ThreadPoolExecutor-0_1] [26/30] Ergonomic Office Chair, Home Office Desk...
2026-08-29 21:47:02 - INFO - [ThreadPoolExecutor-0_1] - [ThreadPoolExecutor-0_1] Scraping product details: https://www.amazon.com/Freepub-Ergonomic-Adjustable-Headrest-Reclining/dp/B0FFSR8G9V/ref=sr_1_26?dib...
2026-08-29 21:47:02 - INFO - [ThreadPoolExecutor-0_2] - [ThreadPoolExecutor-0_2] WebDriver closed
2026-08-29 21:47:02 - INFO - [ThreadPoolExecutor-0_2] - [ThreadPoolExecutor-0_2] [21/28] Processing: water bottle
2026-08-29 21:47:02 - INFO - [ThreadPoolExecutor-0_2] - [ThreadPoolExecutor-0_2] Creating Chrome driver...
2026-08-29 21:47:05 - INFO - [ThreadPoolExecutor-0_2] - [ThreadPoolExecutor-0_2] Chrome driver created successfully
2026-08-29 21:47:05 - INFO - [ThreadPoolExecutor-0_2] - Created new driver for thread: ThreadPoolExecutor-0_2
2026-08-29 21:47:05 - INFO - [ThreadPoolExecutor-0_2] - [ThreadPoolExecutor-0_2] Searching: https://www.amazon.com/s?k=water+bottle
2026-08-29 21:47:06 - INFO - [ThreadPoolExecutor-0_0] - [ThreadPoolExecutor-0_0] Scraping reviews...
2026-08-29 21:47:14 - INFO - [ThreadPoolExecutor-0_1] - [ThreadPoolExecutor-0_1] Scraping reviews...
2026-08-29 21:47:15 - INFO - [ThreadPoolExecutor-0_2] - Found 48 products in search results
2026-08-29 21:47:15 - INFO - [ThreadPoolExecutor-0_2] - [ThreadPoolExecutor-0_2] Found 30 products for: water bottle
2026-08-29 21:47:15 - INFO - [ThreadPoolExecutor-0_2] - [ThreadPoolExecutor-0_2] [1/30] Owala FreeSip Stainless Steel Water Bott...
2026-08-29 21:47:15 - INFO - [ThreadPoolExecutor-0_2] - [ThreadPoolExecutor-0_2] Scraping product details: https://www.amazon.com/Owala-Insulated-Stainless-Steel-Push-Button-24-Ounce/dp/B085DTZQNZ/ref=sr_1_1...
2026-08-29 21:47:18 - INFO - [ThreadPoolExecutor-0_0] - [ThreadPoolExecutor-0_0] Found 13 reviews
2026-08-29 21:47:18 - INFO - [ThreadPoolExecutor-0_0] - [ThreadPoolExecutor-0_0] Scraped 13 reviews
2026-08-29 21:47:23 - INFO - [ThreadPoolExecutor-0_0] - [ThreadPoolExecutor-0_0] [12/22] BAGSMART College Laptop Backpack,Cute Tr...
2026-08-29 21:47:23 - INFO - [ThreadPoolExecutor-0_0] - [ThreadPoolExecutor-0_0] Scraping product details: https://www.amazon.com/sspa/click?ie=UTF8&spc=MToyMDc5NjAyOTI5Mzc4MDA0OjE3ODgwMTgwMTg6c3BfbXRmOjMwMT...
2026-08-29 21:47:25 - INFO - [ThreadPoolExecutor-0_2] - [ThreadPoolExecutor-0_2] Scraping reviews...
2026-08-29 21:47:26 - INFO - [ThreadPoolExecutor-0_1] - [ThreadPoolExecutor-0_1] Found 8 reviews
2026-08-29 21:47:26 - INFO - [ThreadPoolExecutor-0_1] - [ThreadPoolExecutor-0_1] Scraped 8 reviews
2026-08-29 21:47:29 - INFO - [ThreadPoolExecutor-0_1] - [ThreadPoolExecutor-0_1] [27/30] GTPLAYER Gaming Chair, Ergonomic Compute...
2026-08-29 21:47:29 - INFO - [ThreadPoolExecutor-0_1] - [ThreadPoolExecutor-0_1] Scraping product details: https://www.amazon.com/GTPLAYER-Ergonomic-Computer-Footrest-Adjustable/dp/B0GXDWJD86/ref=sr_1_27?dib...
2026-08-29 21:47:35 - INFO - [ThreadPoolExecutor-0_0] - [ThreadPoolExecutor-0_0] Scraping reviews...
2026-08-29 21:47:37 - INFO - [ThreadPoolExecutor-0_2] - [ThreadPoolExecutor-0_2] Found 13 reviews
2026-08-29 21:47:38 - INFO - [ThreadPoolExecutor-0_2] - [ThreadPoolExecutor-0_2] Scraped 13 reviews
2026-08-29 21:47:38 - INFO - [ThreadPoolExecutor-0_1] - [ThreadPoolExecutor-0_1] Scraping reviews...
2026-08-29 21:47:41 - INFO - [ThreadPoolExecutor-0_2] - [ThreadPoolExecutor-0_2] [2/30] Owala FreeSip Stainless Steel Water Bott...
2026-08-29 21:47:41 - INFO - [ThreadPoolExecutor-0_2] - [ThreadPoolExecutor-0_2] Scraping product details: https://www.amazon.com/Owala-FreeSip-Insulated-Stainless-BPA-Free/dp/B0BZYCJK89/ref=sr_1_2?dib=eyJ2I...
2026-08-29 21:47:46 - INFO - [ThreadPoolExecutor-0_1] - [ThreadPoolExecutor-0_1] Found 13 reviews
2026-08-29 21:47:46 - INFO - [ThreadPoolExecutor-0_1] - [ThreadPoolExecutor-0_1] Scraped 13 reviews
2026-08-29 21:47:50 - INFO - [ThreadPoolExecutor-0_1] - [ThreadPoolExecutor-0_1] [28/30] ALLGOD Office Desk Chair, Big and Tall C...
2026-08-29 21:47:50 - INFO - [ThreadPoolExecutor-0_1] - [ThreadPoolExecutor-0_1] Scraping product details: https://www.amazon.com/ALLGOD-Desk-Chair-Computer-footrest/dp/B0GS5QKBP2/ref=sr_1_28?dib=eyJ2IjoiMSJ...
2026-08-29 21:47:52 - INFO - [ThreadPoolExecutor-0_2] - [ThreadPoolExecutor-0_2] Scraping reviews...
2026-08-29 21:47:59 - INFO - [ThreadPoolExecutor-0_1] - [ThreadPoolExecutor-0_1] Scraping reviews...
2026-08-29 21:48:05 - INFO - [ThreadPoolExecutor-0_2] - [ThreadPoolExecutor-0_2] Found 13 reviews
2026-08-29 21:48:05 - INFO - [ThreadPoolExecutor-0_2] - [ThreadPoolExecutor-0_2] Scraped 13 reviews
2026-08-29 21:48:07 - INFO - [ThreadPoolExecutor-0_2] - [ThreadPoolExecutor-0_2] [3/30] Owala FreeSip Stainless Steel Water Bott...
2026-08-29 21:48:07 - INFO - [ThreadPoolExecutor-0_2] - [ThreadPoolExecutor-0_2] Scraping product details: https://www.amazon.com/Owala-Insulated-Stainless-BPA-Free-40-Ounce/dp/B0B6DCN2CJ/ref=sr_1_3?dib=eyJ2...
2026-08-29 21:48:11 - INFO - [ThreadPoolExecutor-0_1] - [ThreadPoolExecutor-0_1] Found 8 reviews
2026-08-29 21:48:11 - INFO - [ThreadPoolExecutor-0_1] - [ThreadPoolExecutor-0_1] Scraped 8 reviews
2026-08-29 21:48:15 - INFO - [ThreadPoolExecutor-0_1] - [ThreadPoolExecutor-0_1] [29/30] High Back Gaming Chair with Linkage Armr...
2026-08-29 21:48:15 - INFO - [ThreadPoolExecutor-0_1] - [ThreadPoolExecutor-0_1] Scraping product details: https://www.amazon.com/ErgoDesign-Gaming-Linkage-Armrest-Footrest/dp/B0CB1BNBY7/ref=sr_1_29?dib=eyJ2...
2026-08-29 21:48:16 - INFO - [ThreadPoolExecutor-0_2] - [ThreadPoolExecutor-0_2] Scraping reviews...
2026-08-29 21:48:22 - WARNING - [ThreadPoolExecutor-0_0] - [ThreadPoolExecutor-0_0] No reviews found
2026-08-29 21:48:22 - INFO - [ThreadPoolExecutor-0_1] - [ThreadPoolExecutor-0_1] Scraping reviews...
2026-08-29 21:48:24 - INFO - [ThreadPoolExecutor-0_2] - [ThreadPoolExecutor-0_2] Found 13 reviews
2026-08-29 21:48:24 - INFO - [ThreadPoolExecutor-0_2] - [ThreadPoolExecutor-0_2] Scraped 13 reviews
2026-08-29 21:48:24 - INFO - [ThreadPoolExecutor-0_0] - [ThreadPoolExecutor-0_0] [13/22] SWISSGEAR 1900 ScanSmart Laptop Backpack...
2026-08-29 21:48:24 - INFO - [ThreadPoolExecutor-0_0] - [ThreadPoolExecutor-0_0] Scraping product details: https://www.amazon.com/SWISSGEAR-ScanSmart-TSA-Friendly-Protection-18-5-Inch/dp/B0772RGLXL/ref=sr_1_...
2026-08-29 21:48:26 - INFO - [ThreadPoolExecutor-0_2] - [ThreadPoolExecutor-0_2] [4/30] Owala FreeSip Stainless Steel Water Bott...
2026-08-29 21:48:26 - INFO - [ThreadPoolExecutor-0_2] - [ThreadPoolExecutor-0_2] Scraping product details: https://www.amazon.com/Owala-FreeSip-SS-Very-Dark/dp/B085DVHQ57/ref=sr_1_4?dib=eyJ2IjoiMSJ9.Ey2T8Xrp...
2026-08-29 21:48:33 - INFO - [ThreadPoolExecutor-0_1] - [ThreadPoolExecutor-0_1] Found 13 reviews
2026-08-29 21:48:33 - INFO - [ThreadPoolExecutor-0_1] - [ThreadPoolExecutor-0_1] Scraped 13 reviews
2026-08-29 21:48:33 - INFO - [ThreadPoolExecutor-0_2] - [ThreadPoolExecutor-0_2] Scraping reviews...
2026-08-29 21:48:35 - INFO - [ThreadPoolExecutor-0_1] - [ThreadPoolExecutor-0_1] [30/30] Gaming Chair Covers Only,Stretchable Fit...
2026-08-29 21:48:35 - INFO - [ThreadPoolExecutor-0_1] - [ThreadPoolExecutor-0_1] Scraping product details: https://www.amazon.com/WYLEBER-Stretchable-Breathable-Resistant-Slipcovers/dp/B0FH25Z9W3/ref=sr_1_30...
2026-08-29 21:48:35 - INFO - [ThreadPoolExecutor-0_0] - [ThreadPoolExecutor-0_0] Scraping reviews...
2026-08-29 21:48:43 - INFO - [ThreadPoolExecutor-0_1] - [ThreadPoolExecutor-0_1] Scraping reviews...
2026-08-29 21:48:44 - INFO - [ThreadPoolExecutor-0_0] - [ThreadPoolExecutor-0_0] Found 13 reviews
2026-08-29 21:48:44 - INFO - [ThreadPoolExecutor-0_0] - [ThreadPoolExecutor-0_0] Scraped 13 reviews
2026-08-29 21:48:45 - INFO - [ThreadPoolExecutor-0_2] - [ThreadPoolExecutor-0_2] Found 13 reviews
2026-08-29 21:48:45 - INFO - [ThreadPoolExecutor-0_2] - [ThreadPoolExecutor-0_2] Scraped 13 reviews
2026-08-29 21:48:47 - INFO - [ThreadPoolExecutor-0_2] - [ThreadPoolExecutor-0_2] [5/30] Owala FreeSip Stainless Steel Water Bott...
2026-08-29 21:48:47 - INFO - [ThreadPoolExecutor-0_2] - [ThreadPoolExecutor-0_2] Scraping product details: https://www.amazon.com/Owala-Insulated-Stainless-Steel-Push-Button-Marshmallow/dp/B085DV8T75/ref=sr_...
2026-08-29 21:48:48 - INFO - [ThreadPoolExecutor-0_0] - [ThreadPoolExecutor-0_0] [14/22] Coffee Brown Canvas Backpack for Women &...
2026-08-29 21:48:48 - INFO - [ThreadPoolExecutor-0_0] - [ThreadPoolExecutor-0_0] Scraping product details: https://www.amazon.com/GAMLFL-Backpack-Aesthetic-Rucksack-Students/dp/B0DT1H3CR1/ref=sr_1_14?dib=eyJ...
2026-08-29 21:48:51 - INFO - [ThreadPoolExecutor-0_1] - [ThreadPoolExecutor-0_1] Found 13 reviews
2026-08-29 21:48:51 - INFO - [ThreadPoolExecutor-0_1] - [ThreadPoolExecutor-0_1] Scraped 13 reviews
2026-08-29 21:48:51 - INFO - [ThreadPoolExecutor-0_1] - [ThreadPoolExecutor-0_1] Completed 'gaming chair': 30 products, 316 reviews
2026-08-29 21:48:51 - INFO - [ThreadPoolExecutor-0_1] - ✓ gaming chair: 30 products, 316 reviews
2026-08-29 21:48:52 - INFO - [ThreadPoolExecutor-0_1] - [ThreadPoolExecutor-0_1] WebDriver closed
2026-08-29 21:48:52 - INFO - [ThreadPoolExecutor-0_1] - [ThreadPoolExecutor-0_1] [22/28] Processing: t-shirt
2026-08-29 21:48:52 - INFO - [ThreadPoolExecutor-0_1] - [ThreadPoolExecutor-0_1] Creating Chrome driver...
2026-08-29 21:48:53 - INFO - [ThreadPoolExecutor-0_0] - [ThreadPoolExecutor-0_0] Scraping reviews...
2026-08-29 21:48:54 - INFO - [ThreadPoolExecutor-0_1] - [ThreadPoolExecutor-0_1] Chrome driver created successfully
2026-08-29 21:48:54 - INFO - [ThreadPoolExecutor-0_1] - Created new driver for thread: ThreadPoolExecutor-0_1
2026-08-29 21:48:54 - INFO - [ThreadPoolExecutor-0_1] - [ThreadPoolExecutor-0_1] Searching: https://www.amazon.com/s?k=t-shirt
2026-08-29 21:48:58 - INFO - [ThreadPoolExecutor-0_2] - [ThreadPoolExecutor-0_2] Scraping reviews...
2026-08-29 21:49:03 - INFO - [ThreadPoolExecutor-0_0] - [ThreadPoolExecutor-0_0] Found 13 reviews
2026-08-29 21:49:03 - INFO - [ThreadPoolExecutor-0_0] - [ThreadPoolExecutor-0_0] Scraped 13 reviews
2026-08-29 21:49:08 - INFO - [ThreadPoolExecutor-0_0] - [ThreadPoolExecutor-0_0] [15/22] Under Armour Unisex Hustle 6.0 Backpack,...
2026-08-29 21:49:08 - INFO - [ThreadPoolExecutor-0_0] - [ThreadPoolExecutor-0_0] Scraping product details: https://www.amazon.com/Under-Armour-Unisex-Hustle-Backpack/dp/B0CHGVV5L7/ref=sr_1_15?dib=eyJ2IjoiMSJ...
2026-08-29 21:49:09 - INFO - [ThreadPoolExecutor-0_1] - Found 48 products in search results
2026-08-29 21:49:09 - INFO - [ThreadPoolExecutor-0_1] - [ThreadPoolExecutor-0_1] Found 30 products for: t-shirt
2026-08-29 21:49:09 - INFO - [ThreadPoolExecutor-0_1] - [ThreadPoolExecutor-0_1] [1/30] Gildan...
2026-08-29 21:49:09 - INFO - [ThreadPoolExecutor-0_1] - [ThreadPoolExecutor-0_1] Scraping product details: https://www.amazon.com/Gildan-T-Shirt-Multipack-Charcoal-X-Large/dp/B07XLTPC5L/ref=sr_1_1?dib=eyJ2Ij...
2026-08-29 21:49:09 - INFO - [ThreadPoolExecutor-0_2] - [ThreadPoolExecutor-0_2] Found 13 reviews
2026-08-29 21:49:09 - INFO - [ThreadPoolExecutor-0_2] - [ThreadPoolExecutor-0_2] Scraped 13 reviews
2026-08-29 21:49:13 - INFO - [ThreadPoolExecutor-0_2] - [ThreadPoolExecutor-0_2] [6/30] Owala FreeSip Stainless Steel Water Bott...
2026-08-29 21:49:13 - INFO - [ThreadPoolExecutor-0_2] - [ThreadPoolExecutor-0_2] Scraping product details: https://www.amazon.com/Owala-Insulated-Stainless-Steel-Push-Button-Marshmallow/dp/B085DVNHHK/ref=sr_...
2026-08-29 21:49:16 - INFO - [ThreadPoolExecutor-0_0] - [ThreadPoolExecutor-0_0] Scraping reviews...
2026-08-29 21:49:19 - INFO - [ThreadPoolExecutor-0_1] - [ThreadPoolExecutor-0_1] Scraping reviews...
2026-08-29 21:49:22 - INFO - [ThreadPoolExecutor-0_2] - [ThreadPoolExecutor-0_2] Scraping reviews...
2026-08-29 21:49:28 - INFO - [ThreadPoolExecutor-0_0] - [ThreadPoolExecutor-0_0] Found 13 reviews
2026-08-29 21:49:28 - INFO - [ThreadPoolExecutor-0_0] - [ThreadPoolExecutor-0_0] Scraped 13 reviews
2026-08-29 21:49:31 - INFO - [ThreadPoolExecutor-0_1] - [ThreadPoolExecutor-0_1] Found 13 reviews
2026-08-29 21:49:31 - INFO - [ThreadPoolExecutor-0_1] - [ThreadPoolExecutor-0_1] Scraped 13 reviews
2026-08-29 21:49:31 - INFO - [ThreadPoolExecutor-0_0] - [ThreadPoolExecutor-0_0] [16/22] Nike Varsity Elite Backpack (32L), White...
2026-08-29 21:49:31 - INFO - [ThreadPoolExecutor-0_0] - [ThreadPoolExecutor-0_0] Scraping product details: https://www.amazon.com/Nike-Unisex-Varsity-Backpack-Metallic/dp/B0F9LRK6SS/ref=sr_1_16?dib=eyJ2IjoiM...
2026-08-29 21:49:33 - INFO - [ThreadPoolExecutor-0_2] - [ThreadPoolExecutor-0_2] Found 13 reviews
2026-08-29 21:49:33 - INFO - [ThreadPoolExecutor-0_2] - [ThreadPoolExecutor-0_2] Scraped 13 reviews
2026-08-29 21:49:34 - INFO - [ThreadPoolExecutor-0_1] - [ThreadPoolExecutor-0_1] [2/30] Hanes...
2026-08-29 21:49:34 - INFO - [ThreadPoolExecutor-0_1] - [ThreadPoolExecutor-0_1] Scraping product details: https://www.amazon.com/Hanes-Undershirt-Moisture-Wicking-Undershirts-Multi-Packs/dp/B086KY66PJ/ref=s...
2026-08-29 21:49:36 - INFO - [ThreadPoolExecutor-0_2] - [ThreadPoolExecutor-0_2] [7/30] Owala FreeSip Sway Insulated Stainless S...
2026-08-29 21:49:36 - INFO - [ThreadPoolExecutor-0_2] - [ThreadPoolExecutor-0_2] Scraping product details: https://www.amazon.com/Owala-FreeSip-Insulated-Stainless-Daybreak/dp/B0FFTL7QNC/ref=sr_1_7?dib=eyJ2I...
2026-08-29 21:49:41 - INFO - [ThreadPoolExecutor-0_0] - [ThreadPoolExecutor-0_0] Scraping reviews...
2026-08-29 21:49:42 - INFO - [ThreadPoolExecutor-0_1] - [ThreadPoolExecutor-0_1] Scraping reviews...
2026-08-29 21:49:45 - INFO - [ThreadPoolExecutor-0_2] - [ThreadPoolExecutor-0_2] Scraping reviews...
2026-08-29 21:49:51 - INFO - [ThreadPoolExecutor-0_0] - [ThreadPoolExecutor-0_0] Found 13 reviews
2026-08-29 21:49:51 - INFO - [ThreadPoolExecutor-0_0] - [ThreadPoolExecutor-0_0] Scraped 13 reviews
2026-08-29 21:49:52 - INFO - [ThreadPoolExecutor-0_1] - [ThreadPoolExecutor-0_1] Found 13 reviews
2026-08-29 21:49:52 - INFO - [ThreadPoolExecutor-0_1] - [ThreadPoolExecutor-0_1] Scraped 13 reviews
2026-08-29 21:49:54 - INFO - [ThreadPoolExecutor-0_2] - [ThreadPoolExecutor-0_2] Found 13 reviews
2026-08-29 21:49:54 - INFO - [ThreadPoolExecutor-0_2] - [ThreadPoolExecutor-0_2] Scraped 13 reviews
2026-08-29 21:49:54 - INFO - [ThreadPoolExecutor-0_0] - [ThreadPoolExecutor-0_0] [17/22] Laptop Backpack for Women Bag: 15.6 inch...
2026-08-29 21:49:54 - INFO - [ThreadPoolExecutor-0_0] - [ThreadPoolExecutor-0_0] Scraping product details: https://www.amazon.com/sspa/click?ie=UTF8&spc=MToyMDc5NjAyOTI5Mzc4MDA0OjE3ODgwMTgwMTg6c3BfbXRmOjMwMT...
2026-08-29 21:49:57 - INFO - [ThreadPoolExecutor-0_1] - [ThreadPoolExecutor-0_1] [3/30] Gildan...
2026-08-29 21:49:57 - INFO - [ThreadPoolExecutor-0_1] - [ThreadPoolExecutor-0_1] Scraping product details: https://www.amazon.com/Gildan-Mens-T-Shirt-Assortment-Large/dp/B0787P86ZZ/ref=sr_1_3?dib=eyJ2IjoiMSJ...
2026-08-29 21:49:57 - INFO - [ThreadPoolExecutor-0_2] - [ThreadPoolExecutor-0_2] [8/30] Owala FreeSip Stainless Steel Water Bott...
2026-08-29 21:49:57 - INFO - [ThreadPoolExecutor-0_2] - [ThreadPoolExecutor-0_2] Scraping product details: https://www.amazon.com/Owala-FreeSip-Insulated-Stainless-BPA-Free/dp/B0C59B9VJ4/ref=sr_1_8?dib=eyJ2I...
2026-08-29 21:50:00 - INFO - [ThreadPoolExecutor-0_0] - [ThreadPoolExecutor-0_0] Scraping reviews...
2026-08-29 21:50:06 - INFO - [ThreadPoolExecutor-0_2] - [ThreadPoolExecutor-0_2] Scraping reviews...
2026-08-29 21:50:07 - INFO - [ThreadPoolExecutor-0_1] - [ThreadPoolExecutor-0_1] Scraping reviews...
2026-08-29 21:50:15 - INFO - [ThreadPoolExecutor-0_2] - [ThreadPoolExecutor-0_2] Found 13 reviews
2026-08-29 21:50:15 - INFO - [ThreadPoolExecutor-0_2] - [ThreadPoolExecutor-0_2] Scraped 13 reviews
2026-08-29 21:50:18 - INFO - [ThreadPoolExecutor-0_1] - [ThreadPoolExecutor-0_1] Found 13 reviews
2026-08-29 21:50:19 - INFO - [ThreadPoolExecutor-0_1] - [ThreadPoolExecutor-0_1] Scraped 13 reviews
2026-08-29 21:50:20 - INFO - [ThreadPoolExecutor-0_2] - [ThreadPoolExecutor-0_2] [9/30] POWCAN 26 oz Insulated Water Bottle with...
2026-08-29 21:50:20 - INFO - [ThreadPoolExecutor-0_2] - [ThreadPoolExecutor-0_2] Scraping product details: https://www.amazon.com/POWCAN-Insulated-Bottle-Leak-Proof-Stainless/dp/B0D8J2ZB8P/ref=sr_1_9?dib=eyJ...
2026-08-29 21:50:22 - INFO - [ThreadPoolExecutor-0_1] - [ThreadPoolExecutor-0_1] [4/30] Hanes...
2026-08-29 21:50:22 - INFO - [ThreadPoolExecutor-0_1] - [ThreadPoolExecutor-0_1] Scraping product details: https://www.amazon.com/Hanes-Available-Moisture-Wicking-Undershirts-Multipack/dp/B00D1ARZMC/ref=sr_1...
2026-08-29 21:50:29 - INFO - [ThreadPoolExecutor-0_2] - [ThreadPoolExecutor-0_2] Scraping reviews...
2026-08-29 21:50:32 - INFO - [ThreadPoolExecutor-0_1] - [ThreadPoolExecutor-0_1] Scraping reviews...
2026-08-29 21:50:40 - INFO - [ThreadPoolExecutor-0_2] - [ThreadPoolExecutor-0_2] Found 13 reviews
2026-08-29 21:50:40 - INFO - [ThreadPoolExecutor-0_2] - [ThreadPoolExecutor-0_2] Scraped 13 reviews
2026-08-29 21:50:42 - INFO - [ThreadPoolExecutor-0_2] - [ThreadPoolExecutor-0_2] [10/30] Owala Princess FreeSip Stainless Steel W...
2026-08-29 21:50:42 - INFO - [ThreadPoolExecutor-0_2] - [ThreadPoolExecutor-0_2] Scraping product details: https://www.amazon.com/Owala-Princess-Insulated-Stainless-Cinderella/dp/B0F2WMS7CC/ref=sr_1_10?dib=e...
2026-08-29 21:50:44 - INFO - [ThreadPoolExecutor-0_1] - [ThreadPoolExecutor-0_1] Found 13 reviews
2026-08-29 21:50:44 - INFO - [ThreadPoolExecutor-0_1] - [ThreadPoolExecutor-0_1] Scraped 13 reviews
2026-08-29 21:50:46 - WARNING - [ThreadPoolExecutor-0_0] - [ThreadPoolExecutor-0_0] No reviews found
2026-08-29 21:50:47 - INFO - [ThreadPoolExecutor-0_1] - [ThreadPoolExecutor-0_1] [5/30] Gildan...
2026-08-29 21:50:47 - INFO - [ThreadPoolExecutor-0_1] - [ThreadPoolExecutor-0_1] Scraping product details: https://www.amazon.com/Gildan-T-Shirts-Multipack-Heather-Indigo/dp/B09313VG36/ref=sr_1_5?dib=eyJ2Ijo...
2026-08-29 21:50:51 - INFO - [ThreadPoolExecutor-0_0] - [ThreadPoolExecutor-0_0] [18/22] abshoo Large Heavy Duty Backpack For Sch...
2026-08-29 21:50:51 - INFO - [ThreadPoolExecutor-0_0] - [ThreadPoolExecutor-0_0] Scraping product details: https://www.amazon.com/abshoo-Backpack-College-Bookbag-Backpacks/dp/B0F83YR84S/ref=sr_1_18?dib=eyJ2I...
2026-08-29 21:50:51 - INFO - [ThreadPoolExecutor-0_2] - [ThreadPoolExecutor-0_2] Scraping reviews...
2026-08-29 21:50:55 - INFO - [ThreadPoolExecutor-0_1] - [ThreadPoolExecutor-0_1] Scraping reviews...
2026-08-29 21:51:04 - INFO - [ThreadPoolExecutor-0_0] - [ThreadPoolExecutor-0_0] Scraping reviews...
2026-08-29 21:51:04 - INFO - [ThreadPoolExecutor-0_2] - [ThreadPoolExecutor-0_2] Found 13 reviews
2026-08-29 21:51:04 - INFO - [ThreadPoolExecutor-0_1] - [ThreadPoolExecutor-0_1] Found 13 reviews
2026-08-29 21:51:04 - INFO - [ThreadPoolExecutor-0_2] - [ThreadPoolExecutor-0_2] Scraped 13 reviews
2026-08-29 21:51:04 - INFO - [ThreadPoolExecutor-0_1] - [ThreadPoolExecutor-0_1] Scraped 13 reviews
2026-08-29 21:51:06 - INFO - [ThreadPoolExecutor-0_1] - [ThreadPoolExecutor-0_1] [6/30] Trendy Queen...
2026-08-29 21:51:06 - INFO - [ThreadPoolExecutor-0_1] - [ThreadPoolExecutor-0_1] Scraping product details: https://www.amazon.com/Trendy-Queen-Oversized-Crewneck-DarkPink/dp/B0BPYCHYP9/ref=sr_1_6?dib=eyJ2Ijo...
2026-08-29 21:51:09 - INFO - [ThreadPoolExecutor-0_2] - [ThreadPoolExecutor-0_2] [11/30] Owala FreeSip Sway Stainless Steel Water...
2026-08-29 21:51:09 - INFO - [ThreadPoolExecutor-0_2] - [ThreadPoolExecutor-0_2] Scraping product details: https://www.amazon.com/Owala-FreeSip-Insulated-Stainless-Two-Way/dp/B0FK1CDVHB/ref=sr_1_11?dib=eyJ2I...
2026-08-29 21:51:15 - INFO - [ThreadPoolExecutor-0_1] - [ThreadPoolExecutor-0_1] Scraping reviews...
2026-08-29 21:51:16 - INFO - [ThreadPoolExecutor-0_0] - [ThreadPoolExecutor-0_0] Found 9 reviews
2026-08-29 21:51:16 - INFO - [ThreadPoolExecutor-0_0] - [ThreadPoolExecutor-0_0] Scraped 9 reviews
2026-08-29 21:51:19 - INFO - [ThreadPoolExecutor-0_2] - [ThreadPoolExecutor-0_2] Scraping reviews...
2026-08-29 21:51:20 - INFO - [ThreadPoolExecutor-0_0] - [ThreadPoolExecutor-0_0] [19/22] LOVEVOOK Laptop Backpack for Women with ...
2026-08-29 21:51:20 - INFO - [ThreadPoolExecutor-0_0] - [ThreadPoolExecutor-0_0] Scraping product details: https://www.amazon.com/LOVEVOOK-Backpack-Waterproof-Computer-Professional/dp/B0FSLB42V3/ref=sr_1_19?...
2026-08-29 21:51:26 - INFO - [ThreadPoolExecutor-0_1] - [ThreadPoolExecutor-0_1] Found 13 reviews
2026-08-29 21:51:26 - INFO - [ThreadPoolExecutor-0_1] - [ThreadPoolExecutor-0_1] Scraped 13 reviews
2026-08-29 21:51:29 - INFO - [ThreadPoolExecutor-0_1] - [ThreadPoolExecutor-0_1] [7/30] Gildan...
2026-08-29 21:51:29 - INFO - [ThreadPoolExecutor-0_1] - [ThreadPoolExecutor-0_1] Scraping product details: https://www.amazon.com/Gildan-T-Shirt-Multipack-White-2X-Large/dp/B07JD5GLBN/ref=sr_1_7?dib=eyJ2Ijoi...
2026-08-29 21:51:30 - INFO - [ThreadPoolExecutor-0_2] - [ThreadPoolExecutor-0_2] Found 13 reviews
2026-08-29 21:51:30 - INFO - [ThreadPoolExecutor-0_2] - [ThreadPoolExecutor-0_2] Scraped 13 reviews
2026-08-29 21:51:33 - INFO - [ThreadPoolExecutor-0_0] - [ThreadPoolExecutor-0_0] Scraping reviews...
2026-08-29 21:51:35 - INFO - [ThreadPoolExecutor-0_2] - [ThreadPoolExecutor-0_2] [12/30] Owala FreeSip Stainless Steel Water Bott...
2026-08-29 21:51:35 - INFO - [ThreadPoolExecutor-0_2] - [ThreadPoolExecutor-0_2] Scraping product details: https://www.amazon.com/Owala-Insulated-Stainless-BPA-Free-Sweetness/dp/B0BZYBP74R/ref=sr_1_12?dib=ey...
2026-08-29 21:51:37 - INFO - [ThreadPoolExecutor-0_1] - [ThreadPoolExecutor-0_1] Scraping reviews...
2026-08-29 21:51:43 - INFO - [ThreadPoolExecutor-0_2] - [ThreadPoolExecutor-0_2] Scraping reviews...
2026-08-29 21:51:44 - INFO - [ThreadPoolExecutor-0_0] - [ThreadPoolExecutor-0_0] Found 13 reviews
2026-08-29 21:51:44 - INFO - [ThreadPoolExecutor-0_0] - [ThreadPoolExecutor-0_0] Scraped 13 reviews
2026-08-29 21:51:47 - INFO - [ThreadPoolExecutor-0_1] - [ThreadPoolExecutor-0_1] Found 13 reviews
2026-08-29 21:51:47 - INFO - [ThreadPoolExecutor-0_1] - [ThreadPoolExecutor-0_1] Scraped 13 reviews
2026-08-29 21:51:47 - INFO - [ThreadPoolExecutor-0_0] - [ThreadPoolExecutor-0_0] [20/22] Under Armour Unisex Hustle Sport 6.0 Bac...
2026-08-29 21:51:47 - INFO - [ThreadPoolExecutor-0_0] - [ThreadPoolExecutor-0_0] Scraping product details: https://www.amazon.com/Under-Armour-Unisex-Backpack-Metallic/dp/B0DH6C8XF6/ref=sr_1_20?dib=eyJ2IjoiM...
2026-08-29 21:51:49 - INFO - [ThreadPoolExecutor-0_1] - [ThreadPoolExecutor-0_1] [8/30] Gildan...
2026-08-29 21:51:49 - INFO - [ThreadPoolExecutor-0_1] - [ThreadPoolExecutor-0_1] Scraping product details: https://www.amazon.com/Gildan-T-Shirt-Multipack-Black-Small/dp/B07JBS59X1/ref=sr_1_8?dib=eyJ2IjoiMSJ...
2026-08-29 21:51:53 - INFO - [ThreadPoolExecutor-0_2] - [ThreadPoolExecutor-0_2] Found 13 reviews
2026-08-29 21:51:53 - INFO - [ThreadPoolExecutor-0_2] - [ThreadPoolExecutor-0_2] Scraped 13 reviews
2026-08-29 21:51:58 - INFO - [ThreadPoolExecutor-0_1] - [ThreadPoolExecutor-0_1] Scraping reviews...
2026-08-29 21:51:58 - INFO - [ThreadPoolExecutor-0_0] - [ThreadPoolExecutor-0_0] Scraping reviews...
2026-08-29 21:51:58 - INFO - [ThreadPoolExecutor-0_2] - [ThreadPoolExecutor-0_2] [13/30] YETI Rambler 36 oz Bottle, Vacuum Insula...
2026-08-29 21:51:58 - INFO - [ThreadPoolExecutor-0_2] - [ThreadPoolExecutor-0_2] Scraping product details: https://www.amazon.com/YETI-Rambler-Bottle-Insulated-Stainless/dp/B0842RYHVB/ref=sr_1_13?dib=eyJ2Ijo...
2026-08-29 21:52:08 - INFO - [ThreadPoolExecutor-0_0] - [ThreadPoolExecutor-0_0] Found 13 reviews
2026-08-29 21:52:08 - INFO - [ThreadPoolExecutor-0_0] - [ThreadPoolExecutor-0_0] Scraped 13 reviews
2026-08-29 21:52:08 - INFO - [ThreadPoolExecutor-0_2] - [ThreadPoolExecutor-0_2] Scraping reviews...
2026-08-29 21:52:10 - INFO - [ThreadPoolExecutor-0_1] - [ThreadPoolExecutor-0_1] Found 13 reviews
2026-08-29 21:52:10 - INFO - [ThreadPoolExecutor-0_1] - [ThreadPoolExecutor-0_1] Scraped 13 reviews
2026-08-29 21:52:12 - INFO - [ThreadPoolExecutor-0_0] - [ThreadPoolExecutor-0_0] [21/22] JanSport SuperBreak One Backpack Navy - ...
2026-08-29 21:52:12 - INFO - [ThreadPoolExecutor-0_0] - [ThreadPoolExecutor-0_0] Scraping product details: https://www.amazon.com/JanSport-T501-Superbreak-Backpack-Navy/dp/B0007QCQGS/ref=sr_1_21?dib=eyJ2Ijoi...
2026-08-29 21:52:14 - INFO - [ThreadPoolExecutor-0_1] - [ThreadPoolExecutor-0_1] [9/30] Hanes...
2026-08-29 21:52:14 - INFO - [ThreadPoolExecutor-0_1] - [ThreadPoolExecutor-0_1] Scraping product details: https://www.amazon.com/Hanes-T-Shirt-Moisture-Wicking-Crewneck-Heather/dp/B0D2PJH88X/ref=sr_1_9?dib=...
2026-08-29 21:52:18 - INFO - [ThreadPoolExecutor-0_2] - [ThreadPoolExecutor-0_2] Found 13 reviews
2026-08-29 21:52:19 - INFO - [ThreadPoolExecutor-0_2] - [ThreadPoolExecutor-0_2] Scraped 13 reviews
2026-08-29 21:52:20 - INFO - [ThreadPoolExecutor-0_1] - [ThreadPoolExecutor-0_1] Scraping reviews...
2026-08-29 21:52:22 - INFO - [ThreadPoolExecutor-0_2] - [ThreadPoolExecutor-0_2] [14/30] CamelBak Chute Mag Vacuum Insulated Stai...
2026-08-29 21:52:22 - INFO - [ThreadPoolExecutor-0_2] - [ThreadPoolExecutor-0_2] Scraping product details: https://www.amazon.com/CamelBak-Vacuum-Insulated-Stainless-Bottle/dp/B0BBS8CTH2/ref=sr_1_14?dib=eyJ2...
2026-08-29 21:52:23 - INFO - [ThreadPoolExecutor-0_0] - [ThreadPoolExecutor-0_0] Scraping reviews...
2026-08-29 21:52:29 - INFO - [ThreadPoolExecutor-0_1] - [ThreadPoolExecutor-0_1] Found 13 reviews
2026-08-29 21:52:29 - INFO - [ThreadPoolExecutor-0_2] - [ThreadPoolExecutor-0_2] Scraping reviews...
2026-08-29 21:52:29 - INFO - [ThreadPoolExecutor-0_1] - [ThreadPoolExecutor-0_1] Scraped 13 reviews
2026-08-29 21:52:32 - INFO - [ThreadPoolExecutor-0_1] - [ThreadPoolExecutor-0_1] [10/30] Hanes...
2026-08-29 21:52:32 - INFO - [ThreadPoolExecutor-0_1] - [ThreadPoolExecutor-0_1] Scraping product details: https://www.amazon.com/Hanes-Tagless-Cotton-V-Neck-Undershirt/dp/B00LSRU2JS/ref=sr_1_10?dib=eyJ2Ijoi...
2026-08-29 21:52:32 - INFO - [ThreadPoolExecutor-0_0] - [ThreadPoolExecutor-0_0] Found 13 reviews
2026-08-29 21:52:32 - INFO - [ThreadPoolExecutor-0_0] - [ThreadPoolExecutor-0_0] Scraped 13 reviews
2026-08-29 21:52:35 - INFO - [ThreadPoolExecutor-0_0] - [ThreadPoolExecutor-0_0] [22/22] YAMTION Black Backpack for Women Men,Cas...
2026-08-29 21:52:35 - INFO - [ThreadPoolExecutor-0_0] - [ThreadPoolExecutor-0_0] Scraping product details: https://www.amazon.com/sspa/click?ie=UTF8&spc=MToyMDc5NjAyOTI5Mzc4MDA0OjE3ODgwMTgwMTg6c3BfYnRmOjIwMD...
2026-08-29 21:52:39 - INFO - [ThreadPoolExecutor-0_2] - [ThreadPoolExecutor-0_2] Found 13 reviews
2026-08-29 21:52:39 - INFO - [ThreadPoolExecutor-0_2] - [ThreadPoolExecutor-0_2] Scraped 13 reviews
2026-08-29 21:52:42 - INFO - [ThreadPoolExecutor-0_2] - [ThreadPoolExecutor-0_2] [15/30] Hydro Flask Water Bottle - Insulated Sta...
2026-08-29 21:52:42 - INFO - [ThreadPoolExecutor-0_2] - [ThreadPoolExecutor-0_2] Scraping product details: https://www.amazon.com/Hydro-Flask-Standard-Flex-Agave/dp/B0DG36YPZM/ref=sr_1_15?dib=eyJ2IjoiMSJ9.Ey...
2026-08-29 21:52:42 - INFO - [ThreadPoolExecutor-0_1] - [ThreadPoolExecutor-0_1] Scraping reviews...
2026-08-29 21:52:45 - INFO - [ThreadPoolExecutor-0_0] - [ThreadPoolExecutor-0_0] Scraping reviews...
2026-08-29 21:52:52 - INFO - [ThreadPoolExecutor-0_2] - [ThreadPoolExecutor-0_2] Scraping reviews...
2026-08-29 21:52:55 - INFO - [ThreadPoolExecutor-0_1] - [ThreadPoolExecutor-0_1] Found 13 reviews
2026-08-29 21:52:55 - INFO - [ThreadPoolExecutor-0_1] - [ThreadPoolExecutor-0_1] Scraped 13 reviews
2026-08-29 21:52:57 - INFO - [ThreadPoolExecutor-0_1] - [ThreadPoolExecutor-0_1] [11/30] GAYHAY...
2026-08-29 21:52:57 - INFO - [ThreadPoolExecutor-0_1] - [ThreadPoolExecutor-0_1] Scraping product details: https://www.amazon.com/GAYHAY-Black-Oversized-Tshirts-Women/dp/B0GF15CCZ1/ref=sr_1_11?dib=eyJ2IjoiMS...
2026-08-29 21:53:00 - INFO - [ThreadPoolExecutor-0_2] - [ThreadPoolExecutor-0_2] Found 13 reviews
2026-08-29 21:53:01 - INFO - [ThreadPoolExecutor-0_2] - [ThreadPoolExecutor-0_2] Scraped 13 reviews
2026-08-29 21:53:03 - INFO - [ThreadPoolExecutor-0_2] - [ThreadPoolExecutor-0_2] [16/30] Owala Star Wars FreeSip Sway Stainless S...
2026-08-29 21:53:03 - INFO - [ThreadPoolExecutor-0_2] - [ThreadPoolExecutor-0_2] Scraping product details: https://www.amazon.com/Owala-FreeSip-Stainless-Steel-Bottle/dp/B0GTYJXMT7/ref=sr_1_16?dib=eyJ2IjoiMS...
2026-08-29 21:53:08 - INFO - [ThreadPoolExecutor-0_1] - [ThreadPoolExecutor-0_1] Scraping reviews...
2026-08-29 21:53:12 - INFO - [ThreadPoolExecutor-0_2] - [ThreadPoolExecutor-0_2] Scraping reviews...
2026-08-29 21:53:20 - INFO - [ThreadPoolExecutor-0_1] - [ThreadPoolExecutor-0_1] Found 8 reviews
2026-08-29 21:53:20 - INFO - [ThreadPoolExecutor-0_1] - [ThreadPoolExecutor-0_1] Scraped 8 reviews
2026-08-29 21:53:22 - INFO - [ThreadPoolExecutor-0_2] - [ThreadPoolExecutor-0_2] Found 13 reviews
2026-08-29 21:53:22 - INFO - [ThreadPoolExecutor-0_2] - [ThreadPoolExecutor-0_2] Scraped 13 reviews
2026-08-29 21:53:23 - INFO - [ThreadPoolExecutor-0_1] - [ThreadPoolExecutor-0_1] [12/30] ADOREJOY...
2026-08-29 21:53:23 - INFO - [ThreadPoolExecutor-0_1] - [ThreadPoolExecutor-0_1] Scraping product details: https://www.amazon.com/Oversized-Tshirts-Sleeve-Vintage-Washed/dp/B0DJNJBVWG/ref=sr_1_12?dib=eyJ2Ijo...
2026-08-29 21:53:25 - INFO - [ThreadPoolExecutor-0_2] - [ThreadPoolExecutor-0_2] [17/30] RAYMYLO Insulated Water Bottle 64 oz, Tr...
2026-08-29 21:53:25 - INFO - [ThreadPoolExecutor-0_2] - [ThreadPoolExecutor-0_2] Scraping product details: https://www.amazon.com/RAYMYLO-Insulated-Stainless-BPA-Free-Paracord/dp/B0BZZT7D5V/ref=sr_1_17?dib=e...
2026-08-29 21:53:31 - WARNING - [ThreadPoolExecutor-0_0] - [ThreadPoolExecutor-0_0] No reviews found
2026-08-29 21:53:31 - INFO - [ThreadPoolExecutor-0_0] - [ThreadPoolExecutor-0_0] Completed 'backpack': 22 products, 198 reviews
2026-08-29 21:53:31 - INFO - [ThreadPoolExecutor-0_0] - ✓ backpack: 22 products, 198 reviews
2026-08-29 21:53:31 - INFO - [ThreadPoolExecutor-0_1] - [ThreadPoolExecutor-0_1] Scraping reviews...
2026-08-29 21:53:32 - INFO - [ThreadPoolExecutor-0_0] - [ThreadPoolExecutor-0_0] WebDriver closed
2026-08-29 21:53:32 - INFO - [ThreadPoolExecutor-0_0] - [ThreadPoolExecutor-0_0] [23/28] Processing: notebook journal
2026-08-29 21:53:32 - INFO - [ThreadPoolExecutor-0_0] - [ThreadPoolExecutor-0_0] Creating Chrome driver...
2026-08-29 21:53:34 - INFO - [ThreadPoolExecutor-0_0] - [ThreadPoolExecutor-0_0] Chrome driver created successfully
2026-08-29 21:53:34 - INFO - [ThreadPoolExecutor-0_0] - Created new driver for thread: ThreadPoolExecutor-0_0
2026-08-29 21:53:34 - INFO - [ThreadPoolExecutor-0_0] - [ThreadPoolExecutor-0_0] Searching: https://www.amazon.com/s?k=notebook+journal
2026-08-29 21:53:35 - INFO - [ThreadPoolExecutor-0_2] - [ThreadPoolExecutor-0_2] Scraping reviews...
2026-08-29 21:53:41 - INFO - [ThreadPoolExecutor-0_1] - [ThreadPoolExecutor-0_1] Found 10 reviews
2026-08-29 21:53:41 - INFO - [ThreadPoolExecutor-0_1] - [ThreadPoolExecutor-0_1] Scraped 10 reviews
2026-08-29 21:53:44 - INFO - [ThreadPoolExecutor-0_0] - Found 48 products in search results
2026-08-29 21:53:44 - INFO - [ThreadPoolExecutor-0_0] - [ThreadPoolExecutor-0_0] Found 30 products for: notebook journal
2026-08-29 21:53:44 - INFO - [ThreadPoolExecutor-0_0] - [ThreadPoolExecutor-0_0] [1/30] Taja Lined Spiral Notebook for Work, 5.7...
2026-08-29 21:53:44 - INFO - [ThreadPoolExecutor-0_0] - [ThreadPoolExecutor-0_0] Scraping product details: https://www.amazon.com/Journal-Notebook-College-Hardcover-Journals/dp/B0CT4HX4T9/ref=sr_1_1?dib=eyJ2...
2026-08-29 21:53:45 - INFO - [ThreadPoolExecutor-0_1] - [ThreadPoolExecutor-0_1] [13/30] Gildan...
2026-08-29 21:53:45 - INFO - [ThreadPoolExecutor-0_1] - [ThreadPoolExecutor-0_1] Scraping product details: https://www.amazon.com/Gildan-Cotton-T-Shirt-2-Pack-2X-Large/dp/B07611Y7N7/ref=sr_1_13?dib=eyJ2IjoiM...
2026-08-29 21:53:46 - INFO - [ThreadPoolExecutor-0_2] - [ThreadPoolExecutor-0_2] Found 13 reviews
2026-08-29 21:53:46 - INFO - [ThreadPoolExecutor-0_2] - [ThreadPoolExecutor-0_2] Scraped 13 reviews
2026-08-29 21:53:50 - INFO - [ThreadPoolExecutor-0_2] - [ThreadPoolExecutor-0_2] [18/30] Fijinhom Insulated Water Bottle with Han...
2026-08-29 21:53:50 - INFO - [ThreadPoolExecutor-0_2] - [ThreadPoolExecutor-0_2] Scraping product details: https://www.amazon.com/Fijinhom-Insulated-Bottle-Stainless-Bottles/dp/B0D2W136D1/ref=sr_1_18?dib=eyJ...
2026-08-29 21:53:53 - INFO - [ThreadPoolExecutor-0_0] - [ThreadPoolExecutor-0_0] Scraping reviews...
2026-08-29 21:53:56 - INFO - [ThreadPoolExecutor-0_1] - [ThreadPoolExecutor-0_1] Scraping reviews...
2026-08-29 21:54:00 - INFO - [ThreadPoolExecutor-0_2] - [ThreadPoolExecutor-0_2] Scraping reviews...
2026-08-29 21:54:05 - INFO - [ThreadPoolExecutor-0_0] - [ThreadPoolExecutor-0_0] Found 10 reviews
2026-08-29 21:54:05 - INFO - [ThreadPoolExecutor-0_0] - [ThreadPoolExecutor-0_0] Scraped 10 reviews
2026-08-29 21:54:06 - INFO - [ThreadPoolExecutor-0_1] - [ThreadPoolExecutor-0_1] Found 13 reviews
2026-08-29 21:54:07 - INFO - [ThreadPoolExecutor-0_1] - [ThreadPoolExecutor-0_1] Scraped 13 reviews
2026-08-29 21:54:09 - INFO - [ThreadPoolExecutor-0_0] - [ThreadPoolExecutor-0_0] [2/30] Amazon Basics Classic Lined Writing Note...
2026-08-29 21:54:09 - INFO - [ThreadPoolExecutor-0_0] - [ThreadPoolExecutor-0_0] Scraping product details: https://www.amazon.com/Amazon-Basics-Notebook-Hardcover-8-25-Inch/dp/B01DN8TCEU/ref=sr_1_2?dib=eyJ2I...
2026-08-29 21:54:10 - INFO - [ThreadPoolExecutor-0_1] - [ThreadPoolExecutor-0_1] [14/30] Hanes...
2026-08-29 21:54:10 - INFO - [ThreadPoolExecutor-0_1] - [ThreadPoolExecutor-0_1] Scraping product details: https://www.amazon.com/Hanes-5-Pack-Comfort-Crewneck-Undershirt/dp/B074XY7MTG/ref=sr_1_14?dib=eyJ2Ij...
2026-08-29 21:54:11 - INFO - [ThreadPoolExecutor-0_2] - [ThreadPoolExecutor-0_2] Found 8 reviews
2026-08-29 21:54:11 - INFO - [ThreadPoolExecutor-0_2] - [ThreadPoolExecutor-0_2] Scraped 8 reviews
2026-08-29 21:54:13 - INFO - [ThreadPoolExecutor-0_2] - [ThreadPoolExecutor-0_2] [19/30] Nalgene 32 oz Wide Mouth Water Bottle...
2026-08-29 21:54:13 - INFO - [ThreadPoolExecutor-0_2] - [ThreadPoolExecutor-0_2] Scraping product details: https://www.amazon.com/Nalgene-Mouth-Water-Bottle-Black/dp/B0B9T4KCV7/ref=sr_1_19?dib=eyJ2IjoiMSJ9.E...
2026-08-29 21:54:17 - INFO - [ThreadPoolExecutor-0_1] - [ThreadPoolExecutor-0_1] Scraping reviews...
2026-08-29 21:54:18 - INFO - [ThreadPoolExecutor-0_0] - [ThreadPoolExecutor-0_0] Scraping reviews...
2026-08-29 21:54:24 - INFO - [ThreadPoolExecutor-0_2] - [ThreadPoolExecutor-0_2] Scraping reviews...
2026-08-29 21:54:27 - INFO - [ThreadPoolExecutor-0_1] - [ThreadPoolExecutor-0_1] Found 13 reviews
2026-08-29 21:54:27 - INFO - [ThreadPoolExecutor-0_1] - [ThreadPoolExecutor-0_1] Scraped 13 reviews
2026-08-29 21:54:27 - INFO - [ThreadPoolExecutor-0_0] - [ThreadPoolExecutor-0_0] Found 13 reviews
2026-08-29 21:54:27 - INFO - [ThreadPoolExecutor-0_0] - [ThreadPoolExecutor-0_0] Scraped 13 reviews
2026-08-29 21:54:31 - INFO - [ThreadPoolExecutor-0_0] - [ThreadPoolExecutor-0_0] [3/30] Mr. Pen- Lined Spiral Journal Notebook, ...
2026-08-29 21:54:31 - INFO - [ThreadPoolExecutor-0_0] - [ThreadPoolExecutor-0_0] Scraping product details: https://www.amazon.com/Mr-Lined-Spiral-Journal-Notebook/dp/B0GV339M4D/ref=sr_1_3?dib=eyJ2IjoiMSJ9._b...
2026-08-29 21:54:32 - INFO - [ThreadPoolExecutor-0_1] - [ThreadPoolExecutor-0_1] [15/30] Hanes...
2026-08-29 21:54:32 - INFO - [ThreadPoolExecutor-0_1] - [ThreadPoolExecutor-0_1] Scraping product details: https://www.amazon.com/Hanes-Heavyweight-Crewneck-Available-Fashion-t-shirts/dp/B00JUM7DNG/ref=sr_1_...
2026-08-29 21:54:37 - INFO - [ThreadPoolExecutor-0_2] - [ThreadPoolExecutor-0_2] Found 13 reviews
2026-08-29 21:54:37 - INFO - [ThreadPoolExecutor-0_2] - [ThreadPoolExecutor-0_2] Scraped 13 reviews
2026-08-29 21:54:38 - INFO - [ThreadPoolExecutor-0_0] - [ThreadPoolExecutor-0_0] Scraping reviews...
2026-08-29 21:54:39 - INFO - [ThreadPoolExecutor-0_2] - [ThreadPoolExecutor-0_2] [20/30] IRON °FLASK 40 oz Wide Mouth Water Bottl...
2026-08-29 21:54:39 - INFO - [ThreadPoolExecutor-0_2] - [ThreadPoolExecutor-0_2] Scraping product details: https://www.amazon.com/IRON-%C2%B0FLASK-Hydration-Stainless-Insulated/dp/B07N2F3JXP/ref=sr_1_20?dib=...
2026-08-29 21:54:42 - INFO - [ThreadPoolExecutor-0_1] - [ThreadPoolExecutor-0_1] Scraping reviews...
2026-08-29 21:54:47 - INFO - [ThreadPoolExecutor-0_2] - [ThreadPoolExecutor-0_2] Scraping reviews...
2026-08-29 21:54:49 - INFO - [ThreadPoolExecutor-0_0] - [ThreadPoolExecutor-0_0] Found 8 reviews
2026-08-29 21:54:49 - INFO - [ThreadPoolExecutor-0_0] - [ThreadPoolExecutor-0_0] Scraped 8 reviews
2026-08-29 21:54:53 - INFO - [ThreadPoolExecutor-0_1] - [ThreadPoolExecutor-0_1] Found 13 reviews
2026-08-29 21:54:53 - INFO - [ThreadPoolExecutor-0_1] - [ThreadPoolExecutor-0_1] Scraped 13 reviews
2026-08-29 21:54:53 - INFO - [ThreadPoolExecutor-0_0] - [ThreadPoolExecutor-0_0] [4/30] PAPERAGE Lined Journal Notebook, Hardcov...
2026-08-29 21:54:53 - INFO - [ThreadPoolExecutor-0_0] - [ThreadPoolExecutor-0_0] Scraping product details: https://www.amazon.com/Journal-Lined-Hardcover-Notebook-Expandable/dp/B07L4JCG7T/ref=sr_1_4?dib=eyJ2...
2026-08-29 21:54:55 - INFO - [ThreadPoolExecutor-0_1] - [ThreadPoolExecutor-0_1] [16/30] Hanes...
2026-08-29 21:54:55 - INFO - [ThreadPoolExecutor-0_1] - [ThreadPoolExecutor-0_1] Scraping product details: https://www.amazon.com/Hanes-Comfortsoft-T-Shirt-Black-XX-Large/dp/B00KBZOTPQ/ref=sr_1_16?dib=eyJ2Ij...
2026-08-29 21:54:58 - INFO - [ThreadPoolExecutor-0_2] - [ThreadPoolExecutor-0_2] Found 13 reviews
2026-08-29 21:54:58 - INFO - [ThreadPoolExecutor-0_2] - [ThreadPoolExecutor-0_2] Scraped 13 reviews
2026-08-29 21:55:01 - INFO - [ThreadPoolExecutor-0_0] - [ThreadPoolExecutor-0_0] Scraping reviews...
2026-08-29 21:55:01 - INFO - [ThreadPoolExecutor-0_2] - [ThreadPoolExecutor-0_2] [21/30] POWCAN 26 oz Insulated Water Bottle with...
2026-08-29 21:55:01 - INFO - [ThreadPoolExecutor-0_2] - [ThreadPoolExecutor-0_2] Scraping product details: https://www.amazon.com/POWCAN-Insulated-Bottle-Leak-Proof-Stainless/dp/B0D8J37DHP/ref=sr_1_21?dib=ey...
2026-08-29 21:55:02 - INFO - [ThreadPoolExecutor-0_1] - [ThreadPoolExecutor-0_1] Scraping reviews...
2026-08-29 21:55:11 - INFO - [ThreadPoolExecutor-0_2] - [ThreadPoolExecutor-0_2] Scraping reviews...
2026-08-29 21:55:12 - INFO - [ThreadPoolExecutor-0_0] - [ThreadPoolExecutor-0_0] Found 13 reviews
2026-08-29 21:55:12 - INFO - [ThreadPoolExecutor-0_0] - [ThreadPoolExecutor-0_0] Scraped 13 reviews
2026-08-29 21:55:14 - INFO - [ThreadPoolExecutor-0_0] - [ThreadPoolExecutor-0_0] [5/30] Biuwory Leather Journal Notebook,256 Thi...
2026-08-29 21:55:14 - INFO - [ThreadPoolExecutor-0_0] - [ThreadPoolExecutor-0_0] Scraping product details: https://www.amazon.com/Hardcover-Leather-Notebook-Journals-Business/dp/B0B4DKQSDV/ref=sr_1_5?dib=eyJ...
2026-08-29 21:55:15 - INFO - [ThreadPoolExecutor-0_1] - [ThreadPoolExecutor-0_1] Found 13 reviews
2026-08-29 21:55:15 - INFO - [ThreadPoolExecutor-0_1] - [ThreadPoolExecutor-0_1] Scraped 13 reviews
2026-08-29 21:55:18 - INFO - [ThreadPoolExecutor-0_1] - [ThreadPoolExecutor-0_1] [17/30] Fruit of the Loom...
2026-08-29 21:55:18 - INFO - [ThreadPoolExecutor-0_1] - [ThreadPoolExecutor-0_1] Scraping product details: https://www.amazon.com/Fruit-Loom-T-Shirt-Fit-White-6-XX-Large/dp/B08N1LYMMK/ref=sr_1_17?dib=eyJ2Ijo...
2026-08-29 21:55:22 - INFO - [ThreadPoolExecutor-0_2] - [ThreadPoolExecutor-0_2] Found 13 reviews
2026-08-29 21:55:22 - INFO - [ThreadPoolExecutor-0_2] - [ThreadPoolExecutor-0_2] Scraped 13 reviews
2026-08-29 21:55:22 - INFO - [ThreadPoolExecutor-0_0] - [ThreadPoolExecutor-0_0] Scraping reviews...
2026-08-29 21:55:25 - INFO - [ThreadPoolExecutor-0_2] - [ThreadPoolExecutor-0_2] [22/30] CIVAGO 32 oz Insulated Stainless Steel W...
2026-08-29 21:55:25 - INFO - [ThreadPoolExecutor-0_2] - [ThreadPoolExecutor-0_2] Scraping product details: https://www.amazon.com/CIVAGO-Insulated-Stainless-Detachable-Dishwasher/dp/B0GH7M2MPW/ref=sr_1_22?di...
2026-08-29 21:55:26 - INFO - [ThreadPoolExecutor-0_1] - [ThreadPoolExecutor-0_1] Scraping reviews...
2026-08-29 21:55:33 - INFO - [ThreadPoolExecutor-0_0] - [ThreadPoolExecutor-0_0] Found 11 reviews
2026-08-29 21:55:33 - INFO - [ThreadPoolExecutor-0_0] - [ThreadPoolExecutor-0_0] Scraped 11 reviews
2026-08-29 21:55:35 - INFO - [ThreadPoolExecutor-0_2] - [ThreadPoolExecutor-0_2] Scraping reviews...
2026-08-29 21:55:36 - INFO - [ThreadPoolExecutor-0_0] - [ThreadPoolExecutor-0_0] [6/30] Lined Journal Notebook, A5 Hardcover Lea...
2026-08-29 21:55:36 - INFO - [ThreadPoolExecutor-0_0] - [ThreadPoolExecutor-0_0] Scraping product details: https://www.amazon.com/Notebook-Hardcover-Journals-Journaling-Notebooks/dp/B0GTDBXDZT/ref=sr_1_6?dib...
2026-08-29 21:55:36 - INFO - [ThreadPoolExecutor-0_1] - [ThreadPoolExecutor-0_1] Found 13 reviews
2026-08-29 21:55:36 - INFO - [ThreadPoolExecutor-0_1] - [ThreadPoolExecutor-0_1] Scraped 13 reviews
2026-08-29 21:55:40 - INFO - [ThreadPoolExecutor-0_1] - [ThreadPoolExecutor-0_1] [18/30] The Children's Place...
2026-08-29 21:55:40 - INFO - [ThreadPoolExecutor-0_1] - [ThreadPoolExecutor-0_1] Scraping product details: https://www.amazon.com/Childrens-Place-T-Shirts-Multipacks-Controller/dp/B0CLFFB8MH/ref=sr_1_18?dib=...
2026-08-29 21:55:43 - INFO - [ThreadPoolExecutor-0_0] - [ThreadPoolExecutor-0_0] Scraping reviews...
2026-08-29 21:55:47 - INFO - [ThreadPoolExecutor-0_2] - [ThreadPoolExecutor-0_2] Found 8 reviews
2026-08-29 21:55:47 - INFO - [ThreadPoolExecutor-0_2] - [ThreadPoolExecutor-0_2] Scraped 8 reviews
2026-08-29 21:55:50 - INFO - [ThreadPoolExecutor-0_1] - [ThreadPoolExecutor-0_1] Scraping reviews...
2026-08-29 21:55:52 - INFO - [ThreadPoolExecutor-0_2] - [ThreadPoolExecutor-0_2] [23/30] Navigate 32oz Insulated Water Bottle for...
2026-08-29 21:55:52 - INFO - [ThreadPoolExecutor-0_2] - [ThreadPoolExecutor-0_2] Scraping product details: https://www.amazon.com/Navigate-Insulated-Bottle-Stainless-Sports/dp/B0CDL2V8KX/ref=sr_1_23?dib=eyJ2...
2026-08-29 21:55:54 - INFO - [ThreadPoolExecutor-0_0] - [ThreadPoolExecutor-0_0] Found 8 reviews
2026-08-29 21:55:54 - INFO - [ThreadPoolExecutor-0_0] - [ThreadPoolExecutor-0_0] Scraped 8 reviews
2026-08-29 21:55:56 - INFO - [ThreadPoolExecutor-0_0] - [ThreadPoolExecutor-0_0] [7/30] Five Star Spiral Notebook + Study App, 5...
2026-08-29 21:55:56 - INFO - [ThreadPoolExecutor-0_0] - [ThreadPoolExecutor-0_0] Scraping product details: https://www.amazon.com/Five-Star-Notebook-Subject-72081/dp/B003O2RXUQ/ref=sr_1_7?dib=eyJ2IjoiMSJ9._b...
2026-08-29 21:55:58 - INFO - [ThreadPoolExecutor-0_1] - [ThreadPoolExecutor-0_1] Found 13 reviews
2026-08-29 21:55:58 - INFO - [ThreadPoolExecutor-0_1] - [ThreadPoolExecutor-0_1] Scraped 13 reviews
2026-08-29 21:56:00 - INFO - [ThreadPoolExecutor-0_1] - [ThreadPoolExecutor-0_1] [19/30] Zeagoo...
2026-08-29 21:56:00 - INFO - [ThreadPoolExecutor-0_1] - [ThreadPoolExecutor-0_1] Scraping product details: https://www.amazon.com/Zeagoo-Tshirts-Business-Fashion-Vacation/dp/B0G3WJZNZN/ref=sr_1_19?dib=eyJ2Ij...
2026-08-29 21:56:01 - INFO - [ThreadPoolExecutor-0_2] - [ThreadPoolExecutor-0_2] Scraping reviews...
2026-08-29 21:56:06 - INFO - [ThreadPoolExecutor-0_0] - [ThreadPoolExecutor-0_0] Scraping reviews...
2026-08-29 21:56:09 - INFO - [ThreadPoolExecutor-0_1] - [ThreadPoolExecutor-0_1] Scraping reviews...
2026-08-29 21:56:10 - INFO - [ThreadPoolExecutor-0_2] - [ThreadPoolExecutor-0_2] Found 10 reviews
2026-08-29 21:56:10 - INFO - [ThreadPoolExecutor-0_2] - [ThreadPoolExecutor-0_2] Scraped 10 reviews
2026-08-29 21:56:15 - INFO - [ThreadPoolExecutor-0_2] - [ThreadPoolExecutor-0_2] [24/30] HydroJug Sport 32 oz Insulated Stainless...
2026-08-29 21:56:15 - INFO - [ThreadPoolExecutor-0_2] - [ThreadPoolExecutor-0_2] Scraping product details: https://www.amazon.com/HydroJug-Sport-Stainless-Insulated-Dishwasher/dp/B0DGHQWVDQ/ref=sr_1_24?dib=e...
2026-08-29 21:56:18 - INFO - [ThreadPoolExecutor-0_0] - [ThreadPoolExecutor-0_0] Found 13 reviews
2026-08-29 21:56:18 - INFO - [ThreadPoolExecutor-0_0] - [ThreadPoolExecutor-0_0] Scraped 13 reviews
2026-08-29 21:56:19 - INFO - [ThreadPoolExecutor-0_1] - [ThreadPoolExecutor-0_1] Found 9 reviews
2026-08-29 21:56:19 - INFO - [ThreadPoolExecutor-0_1] - [ThreadPoolExecutor-0_1] Scraped 9 reviews
2026-08-29 21:56:21 - INFO - [ThreadPoolExecutor-0_0] - [ThreadPoolExecutor-0_0] [8/30] Five Star Spiral Notebook + Study App, 1...
2026-08-29 21:56:21 - INFO - [ThreadPoolExecutor-0_0] - [ThreadPoolExecutor-0_0] Scraping product details: https://www.amazon.com/Five-Star-Notebooks-Subject-820337-ECM/dp/B0CWS28VK1/ref=sr_1_8?dib=eyJ2IjoiM...
2026-08-29 21:56:21 - INFO - [ThreadPoolExecutor-0_1] - [ThreadPoolExecutor-0_1] [20/30] INTO THE AM...
2026-08-29 21:56:21 - INFO - [ThreadPoolExecutor-0_1] - [ThreadPoolExecutor-0_1] Scraping product details: https://www.amazon.com/INTO-AM-Mens-Fitted-Essential/dp/B08XTWF6DH/ref=sr_1_20?dib=eyJ2IjoiMSJ9.41fD...
2026-08-29 21:56:24 - INFO - [ThreadPoolExecutor-0_2] - [ThreadPoolExecutor-0_2] Scraping reviews...
2026-08-29 21:56:28 - INFO - [ThreadPoolExecutor-0_0] - [ThreadPoolExecutor-0_0] Scraping reviews...
2026-08-29 21:56:31 - INFO - [ThreadPoolExecutor-0_1] - [ThreadPoolExecutor-0_1] Scraping reviews...
2026-08-29 21:56:36 - INFO - [ThreadPoolExecutor-0_2] - [ThreadPoolExecutor-0_2] Found 13 reviews
2026-08-29 21:56:36 - INFO - [ThreadPoolExecutor-0_2] - [ThreadPoolExecutor-0_2] Scraped 13 reviews
2026-08-29 21:56:37 - INFO - [ThreadPoolExecutor-0_0] - [ThreadPoolExecutor-0_0] Found 13 reviews
2026-08-29 21:56:37 - INFO - [ThreadPoolExecutor-0_0] - [ThreadPoolExecutor-0_0] Scraped 13 reviews
2026-08-29 21:56:39 - INFO - [ThreadPoolExecutor-0_2] - [ThreadPoolExecutor-0_2] [25/30] Under Armour Insulated Water Bottle with...
2026-08-29 21:56:39 - INFO - [ThreadPoolExecutor-0_2] - [ThreadPoolExecutor-0_2] Scraping product details: https://www.amazon.com/Under-Armour-Insulated-Resistant-Baseball/dp/B0BT8K88SR/ref=sr_1_25?dib=eyJ2I...
2026-08-29 21:56:40 - INFO - [ThreadPoolExecutor-0_0] - [ThreadPoolExecutor-0_0] [9/30] Lined Journal Notebook, A5 (5.7'' x 8.4"...
2026-08-29 21:56:40 - INFO - [ThreadPoolExecutor-0_0] - [ThreadPoolExecutor-0_0] Scraping product details: https://www.amazon.com/FOCUS-DAY-Journaling-Notebooks-Hardcover/dp/B0D1KDFG6J/ref=sr_1_9?dib=eyJ2Ijo...
2026-08-29 21:56:43 - INFO - [ThreadPoolExecutor-0_1] - [ThreadPoolExecutor-0_1] Found 13 reviews
2026-08-29 21:56:43 - INFO - [ThreadPoolExecutor-0_1] - [ThreadPoolExecutor-0_1] Scraped 13 reviews
2026-08-29 21:56:47 - INFO - [ThreadPoolExecutor-0_0] - [ThreadPoolExecutor-0_0] Scraping reviews...
2026-08-29 21:56:48 - INFO - [ThreadPoolExecutor-0_1] - [ThreadPoolExecutor-0_1] [21/30] Real Essentials...
2026-08-29 21:56:48 - INFO - [ThreadPoolExecutor-0_1] - [ThreadPoolExecutor-0_1] Scraping product details: https://www.amazon.com/Real-Essentials-Pack-Womens-Active/dp/B07KFQJD64/ref=sr_1_21?dib=eyJ2IjoiMSJ9...
2026-08-29 21:56:49 - INFO - [ThreadPoolExecutor-0_2] - [ThreadPoolExecutor-0_2] Scraping reviews...
2026-08-29 21:56:57 - INFO - [ThreadPoolExecutor-0_1] - [ThreadPoolExecutor-0_1] Scraping reviews...
2026-08-29 21:56:57 - INFO - [ThreadPoolExecutor-0_0] - [ThreadPoolExecutor-0_0] Found 13 reviews
2026-08-29 21:56:57 - INFO - [ThreadPoolExecutor-0_0] - [ThreadPoolExecutor-0_0] Scraped 13 reviews
2026-08-29 21:57:01 - INFO - [ThreadPoolExecutor-0_0] - [ThreadPoolExecutor-0_0] [10/30] Five Star Spiral Notebook + Study App, 1...
2026-08-29 21:57:01 - INFO - [ThreadPoolExecutor-0_0] - [ThreadPoolExecutor-0_0] Scraping product details: https://www.amazon.com/Five-Star-Notebooks-Subject-38052/dp/B01BHL3DCC/ref=sr_1_10?dib=eyJ2IjoiMSJ9....
2026-08-29 21:57:01 - INFO - [ThreadPoolExecutor-0_2] - [ThreadPoolExecutor-0_2] Found 13 reviews
2026-08-29 21:57:01 - INFO - [ThreadPoolExecutor-0_2] - [ThreadPoolExecutor-0_2] Scraped 13 reviews
2026-08-29 21:57:06 - INFO - [ThreadPoolExecutor-0_2] - [ThreadPoolExecutor-0_2] [26/30] ENCOOL Insulated Water Bottle with Straw...
2026-08-29 21:57:06 - INFO - [ThreadPoolExecutor-0_2] - [ThreadPoolExecutor-0_2] Scraping product details: https://www.amazon.com/Insulated-Water-Bottle-Straw-Leak-Proof/dp/B0F5S3SQJK/ref=sr_1_26?dib=eyJ2Ijo...
2026-08-29 21:57:06 - INFO - [ThreadPoolExecutor-0_1] - [ThreadPoolExecutor-0_1] Found 13 reviews
2026-08-29 21:57:06 - INFO - [ThreadPoolExecutor-0_1] - [ThreadPoolExecutor-0_1] Scraped 13 reviews
2026-08-29 21:57:08 - INFO - [ThreadPoolExecutor-0_0] - [ThreadPoolExecutor-0_0] Scraping reviews...
2026-08-29 21:57:11 - INFO - [ThreadPoolExecutor-0_1] - [ThreadPoolExecutor-0_1] [22/30] Zeagoo...
2026-08-29 21:57:11 - INFO - [ThreadPoolExecutor-0_1] - [ThreadPoolExecutor-0_1] Scraping product details: https://www.amazon.com/Zeagoo-Casual-Striped-Printed-Clothes/dp/B0DY7F3X7J/ref=sr_1_22?dib=eyJ2IjoiM...
2026-08-29 21:57:16 - INFO - [ThreadPoolExecutor-0_2] - [ThreadPoolExecutor-0_2] Scraping reviews...
2026-08-29 21:57:18 - INFO - [ThreadPoolExecutor-0_0] - [ThreadPoolExecutor-0_0] Found 13 reviews
2026-08-29 21:57:18 - INFO - [ThreadPoolExecutor-0_0] - [ThreadPoolExecutor-0_0] Scraped 13 reviews
2026-08-29 21:57:20 - INFO - [ThreadPoolExecutor-0_1] - [ThreadPoolExecutor-0_1] Scraping reviews...
2026-08-29 21:57:21 - INFO - [ThreadPoolExecutor-0_0] - [ThreadPoolExecutor-0_0] [11/30] "Moleskine Classic Notebook, Soft Cover,...
2026-08-29 21:57:21 - INFO - [ThreadPoolExecutor-0_0] - [ThreadPoolExecutor-0_0] Scraping product details: https://www.amazon.com/Moleskine-Classic-Cover-Notebook-Ruled/dp/8883707168/ref=sr_1_11?dib=eyJ2Ijoi...
2026-08-29 21:57:26 - INFO - [ThreadPoolExecutor-0_2] - [ThreadPoolExecutor-0_2] Found 8 reviews
2026-08-29 21:57:26 - INFO - [ThreadPoolExecutor-0_2] - [ThreadPoolExecutor-0_2] Scraped 8 reviews
2026-08-29 21:57:28 - INFO - [ThreadPoolExecutor-0_0] - [ThreadPoolExecutor-0_0] Scraping reviews...
2026-08-29 21:57:30 - INFO - [ThreadPoolExecutor-0_1] - [ThreadPoolExecutor-0_1] Found 13 reviews
2026-08-29 21:57:30 - INFO - [ThreadPoolExecutor-0_1] - [ThreadPoolExecutor-0_1] Scraped 13 reviews
2026-08-29 21:57:31 - INFO - [ThreadPoolExecutor-0_2] - [ThreadPoolExecutor-0_2] [27/30] STANLEY IceFlow 2.0 Flip Straw Tumbler, ...
2026-08-29 21:57:31 - INFO - [ThreadPoolExecutor-0_2] - [ThreadPoolExecutor-0_2] Scraping product details: https://www.amazon.com/STANLEY-IceFlow-Straw-Tumbler-Dried/dp/B0DR9PVSC9/ref=sr_1_27?dib=eyJ2IjoiMSJ...
2026-08-29 21:57:35 - INFO - [ThreadPoolExecutor-0_1] - [ThreadPoolExecutor-0_1] [23/30] Comfort Colors...
2026-08-29 21:57:35 - INFO - [ThreadPoolExecutor-0_1] - [ThreadPoolExecutor-0_1] Scraping product details: https://www.amazon.com/Comfort-Colors-Sleeve-1717-X-Large/dp/B07M8NXFWM/ref=sr_1_23?dib=eyJ2IjoiMSJ9...
2026-08-29 21:57:39 - INFO - [ThreadPoolExecutor-0_0] - [ThreadPoolExecutor-0_0] Found 13 reviews
2026-08-29 21:57:39 - INFO - [ThreadPoolExecutor-0_0] - [ThreadPoolExecutor-0_0] Scraped 13 reviews
2026-08-29 21:57:41 - INFO - [ThreadPoolExecutor-0_2] - [ThreadPoolExecutor-0_2] Scraping reviews...
2026-08-29 21:57:43 - INFO - [ThreadPoolExecutor-0_0] - [ThreadPoolExecutor-0_0] [12/30] PAPERAGE Lined Journal Notebook, Hardcov...
2026-08-29 21:57:43 - INFO - [ThreadPoolExecutor-0_0] - [ThreadPoolExecutor-0_0] Scraping product details: https://www.amazon.com/PAPERAGE-Journal-Notebook-Medium-inches/dp/B0CG28KM9Y/ref=sr_1_12?dib=eyJ2Ijo...
2026-08-29 21:57:45 - INFO - [ThreadPoolExecutor-0_1] - [ThreadPoolExecutor-0_1] Scraping reviews...
2026-08-29 21:57:51 - INFO - [ThreadPoolExecutor-0_0] - [ThreadPoolExecutor-0_0] Scraping reviews...
2026-08-29 21:57:52 - INFO - [ThreadPoolExecutor-0_2] - [ThreadPoolExecutor-0_2] Found 13 reviews
2026-08-29 21:57:52 - INFO - [ThreadPoolExecutor-0_2] - [ThreadPoolExecutor-0_2] Scraped 13 reviews
2026-08-29 21:57:55 - INFO - [ThreadPoolExecutor-0_2] - [ThreadPoolExecutor-0_2] [28/30] YETI Rambler 64 oz Bottle, Vacuum Insula...
2026-08-29 21:57:55 - INFO - [ThreadPoolExecutor-0_2] - [ThreadPoolExecutor-0_2] Scraping product details: https://www.amazon.com/YETI-Rambler-Bottle-Insulated-Stainless/dp/B098Z97297/ref=sr_1_28?dib=eyJ2Ijo...
2026-08-29 21:57:56 - INFO - [ThreadPoolExecutor-0_1] - [ThreadPoolExecutor-0_1] Found 13 reviews
2026-08-29 21:57:56 - INFO - [ThreadPoolExecutor-0_1] - [ThreadPoolExecutor-0_1] Scraped 13 reviews
2026-08-29 21:58:01 - INFO - [ThreadPoolExecutor-0_1] - [ThreadPoolExecutor-0_1] [24/30] Gildan...
2026-08-29 21:58:01 - INFO - [ThreadPoolExecutor-0_1] - [ThreadPoolExecutor-0_1] Scraping product details: https://www.amazon.com/Gildan-Cotton-T-Shirt-2-Pack-X-Large/dp/B07MNSWM9V/ref=sr_1_24?dib=eyJ2IjoiMS...
2026-08-29 21:58:02 - INFO - [ThreadPoolExecutor-0_2] - [ThreadPoolExecutor-0_2] Scraping reviews...
2026-08-29 21:58:02 - INFO - [ThreadPoolExecutor-0_0] - [ThreadPoolExecutor-0_0] Found 13 reviews
2026-08-29 21:58:02 - INFO - [ThreadPoolExecutor-0_0] - [ThreadPoolExecutor-0_0] Scraped 13 reviews
2026-08-29 21:58:07 - INFO - [ThreadPoolExecutor-0_0] - [ThreadPoolExecutor-0_0] [13/30] Mead Composition Notebook, Wide Ruled Pa...
2026-08-29 21:58:07 - INFO - [ThreadPoolExecutor-0_0] - [ThreadPoolExecutor-0_0] Scraping product details: https://www.amazon.com/Mead-Composition-Notebooks-Sheets-38301/dp/B071NRXVBP/ref=sr_1_13?dib=eyJ2Ijo...
2026-08-29 21:58:12 - INFO - [ThreadPoolExecutor-0_1] - [ThreadPoolExecutor-0_1] Scraping reviews...
2026-08-29 21:58:13 - INFO - [ThreadPoolExecutor-0_2] - [ThreadPoolExecutor-0_2] Found 13 reviews
2026-08-29 21:58:13 - INFO - [ThreadPoolExecutor-0_2] - [ThreadPoolExecutor-0_2] Scraped 13 reviews
2026-08-29 21:58:16 - INFO - [ThreadPoolExecutor-0_0] - [ThreadPoolExecutor-0_0] Scraping reviews...
2026-08-29 21:58:16 - INFO - [ThreadPoolExecutor-0_2] - [ThreadPoolExecutor-0_2] [29/30] STANLEY IceFlow Flip Straw 2.0 Bottle, 2...
2026-08-29 21:58:16 - INFO - [ThreadPoolExecutor-0_2] - [ThreadPoolExecutor-0_2] Scraping product details: https://www.amazon.com/STANLEY-IceFlow-Bottle-Sorbet-Garden/dp/B0H1YP71W7/ref=sr_1_29?dib=eyJ2IjoiMS...
2026-08-29 21:58:21 - INFO - [ThreadPoolExecutor-0_1] - [ThreadPoolExecutor-0_1] Found 13 reviews
2026-08-29 21:58:21 - INFO - [ThreadPoolExecutor-0_1] - [ThreadPoolExecutor-0_1] Scraped 13 reviews
2026-08-29 21:58:24 - INFO - [ThreadPoolExecutor-0_0] - [ThreadPoolExecutor-0_0] Found 13 reviews
2026-08-29 21:58:25 - INFO - [ThreadPoolExecutor-0_0] - [ThreadPoolExecutor-0_0] Scraped 13 reviews
2026-08-29 21:58:25 - INFO - [ThreadPoolExecutor-0_1] - [ThreadPoolExecutor-0_1] [25/30] AUTOMET...
2026-08-29 21:58:25 - INFO - [ThreadPoolExecutor-0_1] - [ThreadPoolExecutor-0_1] Scraping product details: https://www.amazon.com/AUTOMET-Oversized-T-Shirts-Vacation-02winered/dp/B09SNTBDKQ/ref=sr_1_25?dib=e...
2026-08-29 21:58:25 - INFO - [ThreadPoolExecutor-0_2] - [ThreadPoolExecutor-0_2] Scraping reviews...
2026-08-29 21:58:28 - INFO - [ThreadPoolExecutor-0_0] - [ThreadPoolExecutor-0_0] [14/30] RILIHO Leather Journal Notebook - Genuin...
2026-08-29 21:58:28 - INFO - [ThreadPoolExecutor-0_0] - [ThreadPoolExecutor-0_0] Scraping product details: https://www.amazon.com/RILIHO-Leather-Journal-Notebook-Handmade/dp/B0BTV6X42F/ref=sr_1_14?dib=eyJ2Ij...
2026-08-29 21:58:34 - INFO - [ThreadPoolExecutor-0_1] - [ThreadPoolExecutor-0_1] Scraping reviews...
2026-08-29 21:58:35 - INFO - [ThreadPoolExecutor-0_2] - [ThreadPoolExecutor-0_2] Found 13 reviews
2026-08-29 21:58:35 - INFO - [ThreadPoolExecutor-0_2] - [ThreadPoolExecutor-0_2] Scraped 13 reviews
2026-08-29 21:58:36 - INFO - [ThreadPoolExecutor-0_0] - [ThreadPoolExecutor-0_0] Scraping reviews...
2026-08-29 21:58:40 - INFO - [ThreadPoolExecutor-0_2] - [ThreadPoolExecutor-0_2] [30/30] Owala FreeSip Twist Stainless Steel Wate...
2026-08-29 21:58:40 - INFO - [ThreadPoolExecutor-0_2] - [ThreadPoolExecutor-0_2] Scraping product details: https://www.amazon.com/Owala-Insulated-Stainless-BPA-Free-Daybreak/dp/B0FFTMLYT1/ref=sr_1_30?dib=eyJ...
2026-08-29 21:58:45 - INFO - [ThreadPoolExecutor-0_1] - [ThreadPoolExecutor-0_1] Found 8 reviews
2026-08-29 21:58:45 - INFO - [ThreadPoolExecutor-0_1] - [ThreadPoolExecutor-0_1] Scraped 8 reviews
2026-08-29 21:58:48 - INFO - [ThreadPoolExecutor-0_0] - [ThreadPoolExecutor-0_0] Found 9 reviews
2026-08-29 21:58:48 - INFO - [ThreadPoolExecutor-0_0] - [ThreadPoolExecutor-0_0] Scraped 9 reviews
2026-08-29 21:58:49 - INFO - [ThreadPoolExecutor-0_1] - [ThreadPoolExecutor-0_1] [26/30] Gildan...
2026-08-29 21:58:49 - INFO - [ThreadPoolExecutor-0_1] - [ThreadPoolExecutor-0_1] Scraping product details: https://www.amazon.com/Gildan-Cotton-Sleeve-T-Shirt-X-Large/dp/B076846XZR/ref=sr_1_26?dib=eyJ2IjoiMS...
2026-08-29 21:58:50 - INFO - [ThreadPoolExecutor-0_2] - [ThreadPoolExecutor-0_2] Scraping reviews...
2026-08-29 21:58:51 - INFO - [ThreadPoolExecutor-0_0] - [ThreadPoolExecutor-0_0] [15/30] TIEFOSSI Line Journal Notebook for Women...
2026-08-29 21:58:51 - INFO - [ThreadPoolExecutor-0_0] - [ThreadPoolExecutor-0_0] Scraping product details: https://www.amazon.com/TIEFOSSI-Notebooks-Bookmarks-Hardcover-Notebook/dp/B0F2FJFF5C/ref=sr_1_15?dib...
2026-08-29 21:58:58 - INFO - [ThreadPoolExecutor-0_1] - [ThreadPoolExecutor-0_1] Scraping reviews...
2026-08-29 21:58:59 - INFO - [ThreadPoolExecutor-0_0] - [ThreadPoolExecutor-0_0] Scraping reviews...
2026-08-29 21:59:00 - INFO - [ThreadPoolExecutor-0_2] - [ThreadPoolExecutor-0_2] Found 13 reviews
2026-08-29 21:59:00 - INFO - [ThreadPoolExecutor-0_2] - [ThreadPoolExecutor-0_2] Scraped 13 reviews
2026-08-29 21:59:00 - INFO - [ThreadPoolExecutor-0_2] - [ThreadPoolExecutor-0_2] Completed 'water bottle': 30 products, 372 reviews
2026-08-29 21:59:00 - INFO - [ThreadPoolExecutor-0_2] - ✓ water bottle: 30 products, 372 reviews
2026-08-29 21:59:02 - INFO - [ThreadPoolExecutor-0_2] - [ThreadPoolExecutor-0_2] WebDriver closed
2026-08-29 21:59:02 - INFO - [ThreadPoolExecutor-0_2] - [ThreadPoolExecutor-0_2] [24/28] Processing: sneakers
2026-08-29 21:59:02 - INFO - [ThreadPoolExecutor-0_2] - [ThreadPoolExecutor-0_2] Creating Chrome driver...
2026-08-29 21:59:04 - INFO - [ThreadPoolExecutor-0_2] - [ThreadPoolExecutor-0_2] Chrome driver created successfully
2026-08-29 21:59:04 - INFO - [ThreadPoolExecutor-0_2] - Created new driver for thread: ThreadPoolExecutor-0_2
2026-08-29 21:59:04 - INFO - [ThreadPoolExecutor-0_2] - [ThreadPoolExecutor-0_2] Searching: https://www.amazon.com/s?k=sneakers
2026-08-29 21:59:08 - INFO - [ThreadPoolExecutor-0_1] - [ThreadPoolExecutor-0_1] Found 13 reviews
2026-08-29 21:59:08 - INFO - [ThreadPoolExecutor-0_1] - [ThreadPoolExecutor-0_1] Scraped 13 reviews
2026-08-29 21:59:09 - INFO - [ThreadPoolExecutor-0_0] - [ThreadPoolExecutor-0_0] Found 13 reviews
2026-08-29 21:59:09 - INFO - [ThreadPoolExecutor-0_0] - [ThreadPoolExecutor-0_0] Scraped 13 reviews
2026-08-29 21:59:11 - INFO - [ThreadPoolExecutor-0_1] - [ThreadPoolExecutor-0_1] [27/30] Fruit of the Loom...
2026-08-29 21:59:11 - INFO - [ThreadPoolExecutor-0_1] - [ThreadPoolExecutor-0_1] Scraping product details: https://www.amazon.com/Fruit-Loom-T-shirt-Multipack-Underwear/dp/B08F2NB5PH/ref=sr_1_27?dib=eyJ2Ijoi...
2026-08-29 21:59:14 - INFO - [ThreadPoolExecutor-0_0] - [ThreadPoolExecutor-0_0] [16/30] Mr. Pen- Lined Spiral Journal Notebook, ...
2026-08-29 21:59:14 - INFO - [ThreadPoolExecutor-0_0] - [ThreadPoolExecutor-0_0] Scraping product details: https://www.amazon.com/Mr-Lined-Spiral-Journal-Notebook/dp/B0GPFKDGK8/ref=sr_1_16?dib=eyJ2IjoiMSJ9._...
2026-08-29 21:59:16 - INFO - [ThreadPoolExecutor-0_2] - Found 48 products in search results
2026-08-29 21:59:16 - INFO - [ThreadPoolExecutor-0_2] - [ThreadPoolExecutor-0_2] Found 30 products for: sneakers
2026-08-29 21:59:16 - INFO - [ThreadPoolExecutor-0_2] - [ThreadPoolExecutor-0_2] [1/30] Running Shoes for Men Womens Tennis Gym ...
2026-08-29 21:59:16 - INFO - [ThreadPoolExecutor-0_2] - [ThreadPoolExecutor-0_2] Scraping product details: https://www.amazon.com/RJYWGS-Sneakers-Running-Lightweight-Athletic/dp/B0F2G217VL/ref=sr_1_1?dib=eyJ...
2026-08-29 21:59:20 - INFO - [ThreadPoolExecutor-0_1] - [ThreadPoolExecutor-0_1] Scraping reviews...
2026-08-29 21:59:21 - INFO - [ThreadPoolExecutor-0_0] - [ThreadPoolExecutor-0_0] Scraping reviews...
2026-08-29 21:59:29 - INFO - [ThreadPoolExecutor-0_2] - [ThreadPoolExecutor-0_2] Scraping reviews...
2026-08-29 21:59:29 - INFO - [ThreadPoolExecutor-0_1] - [ThreadPoolExecutor-0_1] Found 13 reviews
2026-08-29 21:59:29 - INFO - [ThreadPoolExecutor-0_1] - [ThreadPoolExecutor-0_1] Scraped 13 reviews
2026-08-29 21:59:31 - INFO - [ThreadPoolExecutor-0_0] - [ThreadPoolExecutor-0_0] Found 8 reviews
2026-08-29 21:59:31 - INFO - [ThreadPoolExecutor-0_0] - [ThreadPoolExecutor-0_0] Scraped 8 reviews
2026-08-29 21:59:33 - INFO - [ThreadPoolExecutor-0_1] - [ThreadPoolExecutor-0_1] [28/30] Trendy Queen...
2026-08-29 21:59:33 - INFO - [ThreadPoolExecutor-0_1] - [ThreadPoolExecutor-0_1] Scraping product details: https://www.amazon.com/Trendy-Queen-Crewneck-Fashion-Clothes/dp/B0CYC5GDYP/ref=sr_1_28?dib=eyJ2IjoiM...
2026-08-29 21:59:34 - INFO - [ThreadPoolExecutor-0_0] - [ThreadPoolExecutor-0_0] [17/30] Mead Spiral Notebook, 1 Subject, College...
2026-08-29 21:59:34 - INFO - [ThreadPoolExecutor-0_0] - [ThreadPoolExecutor-0_0] Scraping product details: https://www.amazon.com/Mead-Notebooks-Subject-Assorted-73065/dp/B00P9U2EM8/ref=sr_1_17?dib=eyJ2IjoiM...
2026-08-29 21:59:38 - INFO - [ThreadPoolExecutor-0_2] - [ThreadPoolExecutor-0_2] Found 8 reviews
2026-08-29 21:59:38 - INFO - [ThreadPoolExecutor-0_2] - [ThreadPoolExecutor-0_2] Scraped 8 reviews
2026-08-29 21:59:41 - INFO - [ThreadPoolExecutor-0_1] - [ThreadPoolExecutor-0_1] Scraping reviews...
2026-08-29 21:59:42 - INFO - [ThreadPoolExecutor-0_2] - [ThreadPoolExecutor-0_2] [2/30] Brooks Women's Adrenaline GTS 25 Running...
2026-08-29 21:59:42 - INFO - [ThreadPoolExecutor-0_2] - [ThreadPoolExecutor-0_2] Scraping product details: https://www.amazon.com/Brooks-Adrenaline-Supportive-Running-Walking/dp/B0DM3LZ4LS/ref=sr_1_2?dib=eyJ...
2026-08-29 21:59:43 - INFO - [ThreadPoolExecutor-0_0] - [ThreadPoolExecutor-0_0] Scraping reviews...
2026-08-29 21:59:49 - INFO - [ThreadPoolExecutor-0_2] - [ThreadPoolExecutor-0_2] Scraping reviews...
2026-08-29 21:59:52 - INFO - [ThreadPoolExecutor-0_1] - [ThreadPoolExecutor-0_1] Found 13 reviews
2026-08-29 21:59:52 - INFO - [ThreadPoolExecutor-0_1] - [ThreadPoolExecutor-0_1] Scraped 13 reviews
2026-08-29 21:59:55 - INFO - [ThreadPoolExecutor-0_1] - [ThreadPoolExecutor-0_1] [29/30] COOFANDY...
2026-08-29 21:59:55 - INFO - [ThreadPoolExecutor-0_1] - [ThreadPoolExecutor-0_1] Scraping product details: https://www.amazon.com/COOFANDY-Shirts-Buttons-Regular-Fit-T-Shirts/dp/B0G4RRS5BP/ref=sr_1_29?dib=ey...
2026-08-29 21:59:56 - INFO - [ThreadPoolExecutor-0_0] - [ThreadPoolExecutor-0_0] Found 13 reviews
2026-08-29 21:59:56 - INFO - [ThreadPoolExecutor-0_0] - [ThreadPoolExecutor-0_0] Scraped 13 reviews
2026-08-29 21:59:58 - INFO - [ThreadPoolExecutor-0_0] - [ThreadPoolExecutor-0_0] [18/30] CAGIE Journal Notebook for Women Men Lea...
2026-08-29 21:59:58 - INFO - [ThreadPoolExecutor-0_0] - [ThreadPoolExecutor-0_0] Scraping product details: https://www.amazon.com/CAGIE-Notebook-Hardcover-Journals-5-7x8-3In/dp/B0BZ3F5DCM/ref=sr_1_18?dib=eyJ...
2026-08-29 22:00:02 - INFO - [ThreadPoolExecutor-0_2] - [ThreadPoolExecutor-0_2] Found 13 reviews
2026-08-29 22:00:02 - INFO - [ThreadPoolExecutor-0_2] - [ThreadPoolExecutor-0_2] Scraped 13 reviews
2026-08-29 22:00:06 - INFO - [ThreadPoolExecutor-0_1] - [ThreadPoolExecutor-0_1] Scraping reviews...
2026-08-29 22:00:06 - INFO - [ThreadPoolExecutor-0_2] - [ThreadPoolExecutor-0_2] [3/30] New Balance 574 Unisex Shoes...
2026-08-29 22:00:06 - INFO - [ThreadPoolExecutor-0_2] - [ThreadPoolExecutor-0_2] Scraping product details: https://www.amazon.com/New-Balance-Sneaker-Nimbus-Cloud/dp/B093QM4Q95/ref=sr_1_3?dib=eyJ2IjoiMSJ9.9q...
2026-08-29 22:00:08 - INFO - [ThreadPoolExecutor-0_0] - [ThreadPoolExecutor-0_0] Scraping reviews...
2026-08-29 22:00:15 - INFO - [ThreadPoolExecutor-0_1] - [ThreadPoolExecutor-0_1] Found 8 reviews
2026-08-29 22:00:15 - INFO - [ThreadPoolExecutor-0_1] - [ThreadPoolExecutor-0_1] Scraped 8 reviews
2026-08-29 22:00:16 - INFO - [ThreadPoolExecutor-0_2] - [ThreadPoolExecutor-0_2] Scraping reviews...
2026-08-29 22:00:17 - INFO - [ThreadPoolExecutor-0_1] - [ThreadPoolExecutor-0_1] [30/30] Wrangler...
2026-08-29 22:00:17 - INFO - [ThreadPoolExecutor-0_1] - [ThreadPoolExecutor-0_1] Scraping product details: https://www.amazon.com/Wrangler-T-Shirts-Men-Tall-Pack/dp/B0FFQKF4V7/ref=sr_1_30?dib=eyJ2IjoiMSJ9.41...
2026-08-29 22:00:21 - INFO - [ThreadPoolExecutor-0_0] - [ThreadPoolExecutor-0_0] Found 8 reviews
2026-08-29 22:00:21 - INFO - [ThreadPoolExecutor-0_0] - [ThreadPoolExecutor-0_0] Scraped 8 reviews
2026-08-29 22:00:25 - INFO - [ThreadPoolExecutor-0_0] - [ThreadPoolExecutor-0_0] [19/30] PAPERAGE Lined Journal Notebook, Hardcov...
2026-08-29 22:00:25 - INFO - [ThreadPoolExecutor-0_0] - [ThreadPoolExecutor-0_0] Scraping product details: https://www.amazon.com/Paperage-Journal-Notebook-Medium-inches/dp/B08FC2VFLF/ref=sr_1_19?dib=eyJ2Ijo...
2026-08-29 22:00:27 - INFO - [ThreadPoolExecutor-0_1] - [ThreadPoolExecutor-0_1] Scraping reviews...
2026-08-29 22:00:28 - INFO - [ThreadPoolExecutor-0_2] - [ThreadPoolExecutor-0_2] Found 13 reviews
2026-08-29 22:00:28 - INFO - [ThreadPoolExecutor-0_2] - [ThreadPoolExecutor-0_2] Scraped 13 reviews
2026-08-29 22:00:32 - INFO - [ThreadPoolExecutor-0_2] - [ThreadPoolExecutor-0_2] [4/30] New Balance Women's 327 | Casual Shoes...
2026-08-29 22:00:32 - INFO - [ThreadPoolExecutor-0_2] - [ThreadPoolExecutor-0_2] Scraping product details: https://www.amazon.com/New-Balance-Womens-Sneakers-Medium/dp/B0B89H61L5/ref=sr_1_4?dib=eyJ2IjoiMSJ9....
2026-08-29 22:00:33 - INFO - [ThreadPoolExecutor-0_0] - [ThreadPoolExecutor-0_0] Scraping reviews...
2026-08-29 22:00:38 - INFO - [ThreadPoolExecutor-0_1] - [ThreadPoolExecutor-0_1] Found 8 reviews
2026-08-29 22:00:38 - INFO - [ThreadPoolExecutor-0_1] - [ThreadPoolExecutor-0_1] Scraped 8 reviews
2026-08-29 22:00:38 - INFO - [ThreadPoolExecutor-0_1] - [ThreadPoolExecutor-0_1] Completed 't-shirt': 30 products, 363 reviews
2026-08-29 22:00:38 - INFO - [ThreadPoolExecutor-0_1] - ✓ t-shirt: 30 products, 363 reviews
2026-08-29 22:00:38 - INFO - [ThreadPoolExecutor-0_1] - [ThreadPoolExecutor-0_1] WebDriver closed
2026-08-29 22:00:38 - INFO - [ThreadPoolExecutor-0_1] - [ThreadPoolExecutor-0_1] [25/28] Processing: candle
2026-08-29 22:00:38 - INFO - [ThreadPoolExecutor-0_1] - [ThreadPoolExecutor-0_1] Creating Chrome driver...
2026-08-29 22:00:40 - INFO - [ThreadPoolExecutor-0_1] - [ThreadPoolExecutor-0_1] Chrome driver created successfully
2026-08-29 22:00:40 - INFO - [ThreadPoolExecutor-0_1] - Created new driver for thread: ThreadPoolExecutor-0_1
2026-08-29 22:00:40 - INFO - [ThreadPoolExecutor-0_1] - [ThreadPoolExecutor-0_1] Searching: https://www.amazon.com/s?k=candle
2026-08-29 22:00:42 - INFO - [ThreadPoolExecutor-0_2] - [ThreadPoolExecutor-0_2] Scraping reviews...
2026-08-29 22:00:45 - INFO - [ThreadPoolExecutor-0_0] - [ThreadPoolExecutor-0_0] Found 13 reviews
2026-08-29 22:00:45 - INFO - [ThreadPoolExecutor-0_0] - [ThreadPoolExecutor-0_0] Scraped 13 reviews
2026-08-29 22:00:48 - INFO - [ThreadPoolExecutor-0_0] - [ThreadPoolExecutor-0_0] [20/30] Oxford Spiral Notebook 6 Pack, 1 Subject...
2026-08-29 22:00:48 - INFO - [ThreadPoolExecutor-0_0] - [ThreadPoolExecutor-0_0] Scraping product details: https://www.amazon.com/TOPS-1-Subject-Notebooks-Assortment-65007/dp/B00D3OR58A/ref=sr_1_20?dib=eyJ2I...
2026-08-29 22:00:52 - INFO - [ThreadPoolExecutor-0_1] - Found 48 products in search results
2026-08-29 22:00:52 - INFO - [ThreadPoolExecutor-0_2] - [ThreadPoolExecutor-0_2] Found 13 reviews
2026-08-29 22:00:52 - INFO - [ThreadPoolExecutor-0_1] - [ThreadPoolExecutor-0_1] Found 30 products for: candle
2026-08-29 22:00:52 - INFO - [ThreadPoolExecutor-0_1] - [ThreadPoolExecutor-0_1] [1/30] Fall Candles Set, 4 Pack Candles for Hom...
2026-08-29 22:00:52 - INFO - [ThreadPoolExecutor-0_1] - [ThreadPoolExecutor-0_1] Scraping product details: https://www.amazon.com/Candles-Scented-Natural-Fragrance-Cinnamon/dp/B0F66HVPDY/ref=sr_1_1?dib=eyJ2I...
2026-08-29 22:00:52 - INFO - [ThreadPoolExecutor-0_2] - [ThreadPoolExecutor-0_2] Scraped 13 reviews
2026-08-29 22:00:56 - INFO - [ThreadPoolExecutor-0_2] - [ThreadPoolExecutor-0_2] [5/30] Skechers Sport Women's D'Lites Fresh Sta...
2026-08-29 22:00:56 - INFO - [ThreadPoolExecutor-0_2] - [ThreadPoolExecutor-0_2] Scraping product details: https://www.amazon.com/Skechers-Womens-DLites-Lace-up-Sneaker/dp/B014GNJS22/ref=sr_1_5?dib=eyJ2IjoiM...
2026-08-29 22:00:58 - INFO - [ThreadPoolExecutor-0_0] - [ThreadPoolExecutor-0_0] Scraping reviews...
2026-08-29 22:01:02 - INFO - [ThreadPoolExecutor-0_1] - [ThreadPoolExecutor-0_1] Scraping reviews...
2026-08-29 22:01:05 - INFO - [ThreadPoolExecutor-0_2] - [ThreadPoolExecutor-0_2] Scraping reviews...
2026-08-29 22:01:10 - INFO - [ThreadPoolExecutor-0_0] - [ThreadPoolExecutor-0_0] Found 13 reviews
2026-08-29 22:01:10 - INFO - [ThreadPoolExecutor-0_0] - [ThreadPoolExecutor-0_0] Scraped 13 reviews
2026-08-29 22:01:12 - INFO - [ThreadPoolExecutor-0_1] - [ThreadPoolExecutor-0_1] Found 8 reviews
2026-08-29 22:01:12 - INFO - [ThreadPoolExecutor-0_1] - [ThreadPoolExecutor-0_1] Scraped 8 reviews
2026-08-29 22:01:13 - INFO - [ThreadPoolExecutor-0_0] - [ThreadPoolExecutor-0_0] [21/30] Hardcover Lined Notebook Journal for Wri...
2026-08-29 22:01:13 - INFO - [ThreadPoolExecutor-0_0] - [ThreadPoolExecutor-0_0] Scraping product details: https://www.amazon.com/Hardcover-Notebook-Journal-Writing-Organization/dp/B0C8JZ57R1/ref=sr_1_21?dib...
2026-08-29 22:01:16 - INFO - [ThreadPoolExecutor-0_1] - [ThreadPoolExecutor-0_1] [2/30] Auelife Candles for Men Gift Set, 4 Pack...
2026-08-29 22:01:16 - INFO - [ThreadPoolExecutor-0_1] - [ThreadPoolExecutor-0_1] Scraping product details: https://www.amazon.com/Scented-Candles-Set-Gift-Home/dp/B0CC5Q5QRR/ref=sr_1_2?dib=eyJ2IjoiMSJ9.NwQgT...
2026-08-29 22:01:19 - INFO - [ThreadPoolExecutor-0_2] - [ThreadPoolExecutor-0_2] Found 13 reviews
2026-08-29 22:01:19 - INFO - [ThreadPoolExecutor-0_2] - [ThreadPoolExecutor-0_2] Scraped 13 reviews
2026-08-29 22:01:21 - INFO - [ThreadPoolExecutor-0_0] - [ThreadPoolExecutor-0_0] Scraping reviews...
2026-08-29 22:01:22 - INFO - [ThreadPoolExecutor-0_1] - [ThreadPoolExecutor-0_1] Scraping reviews...
2026-08-29 22:01:23 - INFO - [ThreadPoolExecutor-0_2] - [ThreadPoolExecutor-0_2] [6/30] New Balance Women's 608 V5 Casual Comfor...
2026-08-29 22:01:23 - INFO - [ThreadPoolExecutor-0_2] - [ThreadPoolExecutor-0_2] Scraping product details: https://www.amazon.com/New-Balance-Womens-Comfort-Trainer/dp/B07B422JC5/ref=sr_1_6?dib=eyJ2IjoiMSJ9....
2026-08-29 22:01:31 - INFO - [ThreadPoolExecutor-0_2] - [ThreadPoolExecutor-0_2] Scraping reviews...
2026-08-29 22:01:34 - INFO - [ThreadPoolExecutor-0_0] - [ThreadPoolExecutor-0_0] Found 13 reviews
2026-08-29 22:01:34 - INFO - [ThreadPoolExecutor-0_0] - [ThreadPoolExecutor-0_0] Scraped 13 reviews
2026-08-29 22:01:35 - INFO - [ThreadPoolExecutor-0_1] - [ThreadPoolExecutor-0_1] Found 13 reviews
2026-08-29 22:01:35 - INFO - [ThreadPoolExecutor-0_1] - [ThreadPoolExecutor-0_1] Scraped 13 reviews
2026-08-29 22:01:37 - INFO - [ThreadPoolExecutor-0_0] - [ThreadPoolExecutor-0_0] [22/30] 12 Pack Lined Journal Notebook for Work,...
2026-08-29 22:01:37 - INFO - [ThreadPoolExecutor-0_0] - [ThreadPoolExecutor-0_0] Scraping product details: https://www.amazon.com/BGUP-Notebook-Hardcover-Journaling-Notebooks/dp/B0G5PLHR14/ref=sr_1_22?dib=ey...
2026-08-29 22:01:38 - INFO - [ThreadPoolExecutor-0_1] - [ThreadPoolExecutor-0_1] [3/30] Stonebriar 300 Pack Unscented Tea Light ...
2026-08-29 22:01:38 - INFO - [ThreadPoolExecutor-0_1] - [ThreadPoolExecutor-0_1] Scraping product details: https://www.amazon.com/Stonebriar-Tealight-Candles-Extended-300-Pack/dp/B07RZVN1G6/ref=sr_1_3?dib=ey...
2026-08-29 22:01:43 - INFO - [ThreadPoolExecutor-0_2] - [ThreadPoolExecutor-0_2] Found 13 reviews
2026-08-29 22:01:43 - INFO - [ThreadPoolExecutor-0_2] - [ThreadPoolExecutor-0_2] Scraped 13 reviews
2026-08-29 22:01:45 - INFO - [ThreadPoolExecutor-0_0] - [ThreadPoolExecutor-0_0] Scraping reviews...
2026-08-29 22:01:46 - INFO - [ThreadPoolExecutor-0_2] - [ThreadPoolExecutor-0_2] [7/30] Skechers Women's Go Walk Flex Grand Entr...
2026-08-29 22:01:46 - INFO - [ThreadPoolExecutor-0_2] - [ThreadPoolExecutor-0_2] Scraping product details: https://www.amazon.com/Skechers-Womens-Hands-Slip-Ins-Grand-Sneaker/dp/B0CK3BZBCM/ref=sr_1_7?dib=eyJ...
2026-08-29 22:01:48 - INFO - [ThreadPoolExecutor-0_1] - [ThreadPoolExecutor-0_1] Scraping reviews...
2026-08-29 22:01:55 - INFO - [ThreadPoolExecutor-0_2] - [ThreadPoolExecutor-0_2] Scraping reviews...
2026-08-29 22:01:55 - INFO - [ThreadPoolExecutor-0_0] - [ThreadPoolExecutor-0_0] Found 8 reviews
2026-08-29 22:01:55 - INFO - [ThreadPoolExecutor-0_0] - [ThreadPoolExecutor-0_0] Scraped 8 reviews
2026-08-29 22:01:58 - INFO - [ThreadPoolExecutor-0_0] - [ThreadPoolExecutor-0_0] [23/30] Mead Primary Journal Creative Story Tabl...
2026-08-29 22:01:58 - INFO - [ThreadPoolExecutor-0_0] - [ThreadPoolExecutor-0_0] Scraping product details: https://www.amazon.com/Mead-Kindergarten-Composition-Notebook-Notebooks/dp/B07ZHNKGVC/ref=sr_1_23?di...
2026-08-29 22:01:58 - INFO - [ThreadPoolExecutor-0_1] - [ThreadPoolExecutor-0_1] Found 13 reviews
2026-08-29 22:01:58 - INFO - [ThreadPoolExecutor-0_1] - [ThreadPoolExecutor-0_1] Scraped 13 reviews
2026-08-29 22:02:02 - INFO - [ThreadPoolExecutor-0_1] - [ThreadPoolExecutor-0_1] [4/30] Chesapeake Bay Candle Scented Candle Pea...
2026-08-29 22:02:02 - INFO - [ThreadPoolExecutor-0_1] - [ThreadPoolExecutor-0_1] Scraping product details: https://www.amazon.com/Chesapeake-Bay-Candle-Tranquility-Cashmere/dp/B01N0RSC4K/ref=sr_1_4?dib=eyJ2I...
2026-08-29 22:02:06 - INFO - [ThreadPoolExecutor-0_2] - [ThreadPoolExecutor-0_2] Found 13 reviews
2026-08-29 22:02:06 - INFO - [ThreadPoolExecutor-0_2] - [ThreadPoolExecutor-0_2] Scraped 13 reviews
2026-08-29 22:02:07 - INFO - [ThreadPoolExecutor-0_0] - [ThreadPoolExecutor-0_0] Scraping reviews...
2026-08-29 22:02:10 - INFO - [ThreadPoolExecutor-0_2] - [ThreadPoolExecutor-0_2] [8/30] Skechers Men's Summits High Range Slip-i...
2026-08-29 22:02:10 - INFO - [ThreadPoolExecutor-0_2] - [ThreadPoolExecutor-0_2] Scraping product details: https://www.amazon.com/Skechers-Summits-Range-Hands-Loafer/dp/B0B9BN89HB/ref=sr_1_8?dib=eyJ2IjoiMSJ9...
2026-08-29 22:02:13 - INFO - [ThreadPoolExecutor-0_1] - [ThreadPoolExecutor-0_1] Scraping reviews...
2026-08-29 22:02:17 - INFO - [ThreadPoolExecutor-0_0] - [ThreadPoolExecutor-0_0] Found 13 reviews
2026-08-29 22:02:17 - INFO - [ThreadPoolExecutor-0_0] - [ThreadPoolExecutor-0_0] Scraped 13 reviews
2026-08-29 22:02:19 - INFO - [ThreadPoolExecutor-0_0] - [ThreadPoolExecutor-0_0] [24/30] Taja Pretty Lined Journal for Women, Aes...
2026-08-29 22:02:19 - INFO - [ThreadPoolExecutor-0_0] - [ThreadPoolExecutor-0_0] Scraping product details: https://www.amazon.com/Taja-Journal-Aesthetic-Hardcover-Notebook/dp/B0F9NXFRR6/ref=sr_1_24?dib=eyJ2I...
2026-08-29 22:02:19 - INFO - [ThreadPoolExecutor-0_2] - [ThreadPoolExecutor-0_2] Scraping reviews...
2026-08-29 22:02:24 - INFO - [ThreadPoolExecutor-0_1] - [ThreadPoolExecutor-0_1] Found 13 reviews
2026-08-29 22:02:24 - INFO - [ThreadPoolExecutor-0_1] - [ThreadPoolExecutor-0_1] Scraped 13 reviews
2026-08-29 22:02:27 - INFO - [ThreadPoolExecutor-0_0] - [ThreadPoolExecutor-0_0] Scraping reviews...
2026-08-29 22:02:28 - INFO - [ThreadPoolExecutor-0_2] - [ThreadPoolExecutor-0_2] Found 13 reviews
2026-08-29 22:02:28 - INFO - [ThreadPoolExecutor-0_2] - [ThreadPoolExecutor-0_2] Scraped 13 reviews
2026-08-29 22:02:28 - INFO - [ThreadPoolExecutor-0_1] - [ThreadPoolExecutor-0_1] [5/30] Chesapeake Bay Candle Medium Jar Scented...
2026-08-29 22:02:28 - INFO - [ThreadPoolExecutor-0_1] - [ThreadPoolExecutor-0_1] Scraping product details: https://www.amazon.com/Chesapeake-Bay-Candle-Serenity-Lavender/dp/B07GH691SQ/ref=sr_1_5?dib=eyJ2Ijoi...
2026-08-29 22:02:31 - INFO - [ThreadPoolExecutor-0_2] - [ThreadPoolExecutor-0_2] [9/30] Under Armour Men's Charged Surge 4 Sneak...
2026-08-29 22:02:31 - INFO - [ThreadPoolExecutor-0_2] - [ThreadPoolExecutor-0_2] Scraping product details: https://www.amazon.com/Under-Armour-Charged-Running-Anthracite/dp/B0BZXTB2RJ/ref=sr_1_9?dib=eyJ2Ijoi...
2026-08-29 22:02:38 - INFO - [ThreadPoolExecutor-0_1] - [ThreadPoolExecutor-0_1] Scraping reviews...
2026-08-29 22:02:39 - INFO - [ThreadPoolExecutor-0_0] - [ThreadPoolExecutor-0_0] Found 8 reviews
2026-08-29 22:02:39 - INFO - [ThreadPoolExecutor-0_0] - [ThreadPoolExecutor-0_0] Scraped 8 reviews
2026-08-29 22:02:41 - INFO - [ThreadPoolExecutor-0_2] - [ThreadPoolExecutor-0_2] Scraping reviews...
2026-08-29 22:02:42 - INFO - [ThreadPoolExecutor-0_0] - [ThreadPoolExecutor-0_0] [25/30] Five Star Spiral Notebook + Study App, 3...
2026-08-29 22:02:42 - INFO - [ThreadPoolExecutor-0_0] - [ThreadPoolExecutor-0_0] Scraping product details: https://www.amazon.com/Five-Star-Notebook-Subject-73623/dp/B07DPLQMF9/ref=sr_1_25?dib=eyJ2IjoiMSJ9._...
2026-08-29 22:02:50 - INFO - [ThreadPoolExecutor-0_2] - [ThreadPoolExecutor-0_2] Found 13 reviews
2026-08-29 22:02:50 - INFO - [ThreadPoolExecutor-0_2] - [ThreadPoolExecutor-0_2] Scraped 13 reviews
2026-08-29 22:02:51 - INFO - [ThreadPoolExecutor-0_1] - [ThreadPoolExecutor-0_1] Found 13 reviews
2026-08-29 22:02:51 - INFO - [ThreadPoolExecutor-0_1] - [ThreadPoolExecutor-0_1] Scraped 13 reviews
2026-08-29 22:02:52 - INFO - [ThreadPoolExecutor-0_0] - [ThreadPoolExecutor-0_0] Scraping reviews...
2026-08-29 22:02:53 - INFO - [ThreadPoolExecutor-0_2] - [ThreadPoolExecutor-0_2] [10/30] New Balance Men's 608 V5...
2026-08-29 22:02:53 - INFO - [ThreadPoolExecutor-0_2] - [ThreadPoolExecutor-0_2] Scraping product details: https://www.amazon.com/New-Balance-Casual-Comfort-Trainer/dp/B07B41HCNT/ref=sr_1_10?dib=eyJ2IjoiMSJ9...
2026-08-29 22:02:56 - INFO - [ThreadPoolExecutor-0_1] - [ThreadPoolExecutor-0_1] [6/30] Bath & Body Works 3-Wick Candle, Mahogan...
2026-08-29 22:02:56 - INFO - [ThreadPoolExecutor-0_1] - [ThreadPoolExecutor-0_1] Scraping product details: https://www.amazon.com/Bath-Body-Works-Mahogany-Intensity/dp/B01M7TTA2S/ref=sr_1_6?dib=eyJ2IjoiMSJ9....
2026-08-29 22:03:01 - INFO - [ThreadPoolExecutor-0_2] - [ThreadPoolExecutor-0_2] Scraping reviews...
2026-08-29 22:03:04 - INFO - [ThreadPoolExecutor-0_0] - [ThreadPoolExecutor-0_0] Found 13 reviews
2026-08-29 22:03:04 - INFO - [ThreadPoolExecutor-0_0] - [ThreadPoolExecutor-0_0] Scraped 13 reviews
2026-08-29 22:03:05 - INFO - [ThreadPoolExecutor-0_1] - [ThreadPoolExecutor-0_1] Scraping reviews...
2026-08-29 22:03:08 - INFO - [ThreadPoolExecutor-0_0] - [ThreadPoolExecutor-0_0] [26/30] Mead Composition Notebook, Wide Ruled 7....
2026-08-29 22:03:08 - INFO - [ThreadPoolExecutor-0_0] - [ThreadPoolExecutor-0_0] Scraping product details: https://www.amazon.com/Mead-Composition-Notebooks-Assorted-950054-ECM/dp/B0CN3SKN8M/ref=sr_1_26?dib=...
2026-08-29 22:03:10 - INFO - [ThreadPoolExecutor-0_2] - [ThreadPoolExecutor-0_2] Found 13 reviews
2026-08-29 22:03:10 - INFO - [ThreadPoolExecutor-0_2] - [ThreadPoolExecutor-0_2] Scraped 13 reviews
2026-08-29 22:03:13 - INFO - [ThreadPoolExecutor-0_2] - [ThreadPoolExecutor-0_2] [11/30] New Balance Men's 515 | Casual Shoes...
2026-08-29 22:03:13 - INFO - [ThreadPoolExecutor-0_2] - [ThreadPoolExecutor-0_2] Scraping product details: https://www.amazon.com/New-Balance-Sneaker-White-Aluminum/dp/B09YBF976L/ref=sr_1_11?dib=eyJ2IjoiMSJ9...
2026-08-29 22:03:17 - INFO - [ThreadPoolExecutor-0_0] - [ThreadPoolExecutor-0_0] Scraping reviews...
2026-08-29 22:03:17 - INFO - [ThreadPoolExecutor-0_1] - [ThreadPoolExecutor-0_1] Found 13 reviews
2026-08-29 22:03:17 - INFO - [ThreadPoolExecutor-0_1] - [ThreadPoolExecutor-0_1] Scraped 13 reviews
2026-08-29 22:03:19 - INFO - [ThreadPoolExecutor-0_1] - [ThreadPoolExecutor-0_1] [7/30] Molensun Lemon Eucalyptus Scented Candle...
2026-08-29 22:03:19 - INFO - [ThreadPoolExecutor-0_1] - [ThreadPoolExecutor-0_1] Scraping product details: https://www.amazon.com/Scented-Candles-Eucalyptus-Aromatherapy-Lasting/dp/B0D8VR4BTZ/ref=sr_1_7?dib=...
2026-08-29 22:03:23 - INFO - [ThreadPoolExecutor-0_2] - [ThreadPoolExecutor-0_2] Scraping reviews...
2026-08-29 22:03:28 - INFO - [ThreadPoolExecutor-0_0] - [ThreadPoolExecutor-0_0] Found 12 reviews
2026-08-29 22:03:28 - INFO - [ThreadPoolExecutor-0_0] - [ThreadPoolExecutor-0_0] Scraped 12 reviews
2026-08-29 22:03:29 - INFO - [ThreadPoolExecutor-0_1] - [ThreadPoolExecutor-0_1] Scraping reviews...
2026-08-29 22:03:33 - INFO - [ThreadPoolExecutor-0_0] - [ThreadPoolExecutor-0_0] [27/30] LABUK 48 Pack Lined Kraft Notebooks, A5 ...
2026-08-29 22:03:33 - INFO - [ThreadPoolExecutor-0_0] - [ThreadPoolExecutor-0_0] Scraping product details: https://www.amazon.com/LABUK-Notebooks-Journals-Notebook-Traveler/dp/B0DHRYBNDG/ref=sr_1_27?dib=eyJ2...
2026-08-29 22:03:35 - INFO - [ThreadPoolExecutor-0_2] - [ThreadPoolExecutor-0_2] Found 13 reviews
2026-08-29 22:03:35 - INFO - [ThreadPoolExecutor-0_2] - [ThreadPoolExecutor-0_2] Scraped 13 reviews
2026-08-29 22:03:38 - INFO - [ThreadPoolExecutor-0_2] - [ThreadPoolExecutor-0_2] [12/30] PUMA Men's Voltaic Evo Cross Trainer Sho...
2026-08-29 22:03:38 - INFO - [ThreadPoolExecutor-0_2] - [ThreadPoolExecutor-0_2] Scraping product details: https://www.amazon.com/PUMA-Voltaic-Sneaker-Black-Stormy-Slate/dp/B0CL7RDRRT/ref=sr_1_12?dib=eyJ2Ijo...
2026-08-29 22:03:39 - INFO - [ThreadPoolExecutor-0_1] - [ThreadPoolExecutor-0_1] Found 13 reviews
2026-08-29 22:03:39 - INFO - [ThreadPoolExecutor-0_1] - [ThreadPoolExecutor-0_1] Scraped 13 reviews
2026-08-29 22:03:43 - INFO - [ThreadPoolExecutor-0_0] - [ThreadPoolExecutor-0_0] Scraping reviews...
2026-08-29 22:03:44 - INFO - [ThreadPoolExecutor-0_1] - [ThreadPoolExecutor-0_1] [8/30] flamecan Ivory Taper Candles, Set of 20 ...
2026-08-29 22:03:44 - INFO - [ThreadPoolExecutor-0_1] - [ThreadPoolExecutor-0_1] Scraping product details: https://www.amazon.com/flamecan-Unscented-Smokeless-Paraffin-Approxinately/dp/B0BYYHSMHS/ref=sr_1_8?...
2026-08-29 22:03:47 - INFO - [ThreadPoolExecutor-0_2] - [ThreadPoolExecutor-0_2] Scraping reviews...
2026-08-29 22:03:54 - INFO - [ThreadPoolExecutor-0_0] - [ThreadPoolExecutor-0_0] Found 12 reviews
2026-08-29 22:03:54 - INFO - [ThreadPoolExecutor-0_0] - [ThreadPoolExecutor-0_0] Scraped 12 reviews
2026-08-29 22:03:56 - INFO - [ThreadPoolExecutor-0_0] - [ThreadPoolExecutor-0_0] [28/30] Lined Journal Notebook -365 Pages A5 Thi...
2026-08-29 22:03:56 - INFO - [ThreadPoolExecutor-0_0] - [ThreadPoolExecutor-0_0] Scraping product details: https://www.amazon.com/Journal-Notebook-Journals-Writing-Hardcover/dp/B0BXX1TJC8/ref=sr_1_28?dib=eyJ...
2026-08-29 22:03:57 - INFO - [ThreadPoolExecutor-0_2] - [ThreadPoolExecutor-0_2] Found 13 reviews
2026-08-29 22:03:57 - INFO - [ThreadPoolExecutor-0_2] - [ThreadPoolExecutor-0_2] Scraped 13 reviews
2026-08-29 22:04:00 - INFO - [ThreadPoolExecutor-0_2] - [ThreadPoolExecutor-0_2] [13/30] New Balance Women's 327 | Casual Shoes...
2026-08-29 22:04:00 - INFO - [ThreadPoolExecutor-0_2] - [ThreadPoolExecutor-0_2] Scraping product details: https://www.amazon.com/New-Balance-Womens-Sneaker-Moonbeam/dp/B0C9VVY37G/ref=sr_1_13?dib=eyJ2IjoiMSJ...
2026-08-29 22:04:05 - INFO - [ThreadPoolExecutor-0_0] - [ThreadPoolExecutor-0_0] Scraping reviews...
2026-08-29 22:04:06 - INFO - [ThreadPoolExecutor-0_1] - [ThreadPoolExecutor-0_1] Scraping reviews...
2026-08-29 22:04:10 - INFO - [ThreadPoolExecutor-0_2] - [ThreadPoolExecutor-0_2] Scraping reviews...
2026-08-29 22:04:17 - INFO - [ThreadPoolExecutor-0_0] - [ThreadPoolExecutor-0_0] Found 13 reviews
2026-08-29 22:04:17 - INFO - [ThreadPoolExecutor-0_0] - [ThreadPoolExecutor-0_0] Scraped 13 reviews
2026-08-29 22:04:18 - INFO - [ThreadPoolExecutor-0_1] - [ThreadPoolExecutor-0_1] Found 13 reviews
2026-08-29 22:04:18 - INFO - [ThreadPoolExecutor-0_1] - [ThreadPoolExecutor-0_1] Scraped 13 reviews
2026-08-29 22:04:20 - INFO - [ThreadPoolExecutor-0_0] - [ThreadPoolExecutor-0_0] [29/30] Rosmonde 5 Pack Wide Ruled Composition N...
2026-08-29 22:04:20 - INFO - [ThreadPoolExecutor-0_0] - [ThreadPoolExecutor-0_0] Scraping product details: https://www.amazon.com/Rosmonde-Composition-Notebook-School-Work/dp/B08KCVRL2V/ref=sr_1_29?dib=eyJ2I...
2026-08-29 22:04:21 - INFO - [ThreadPoolExecutor-0_2] - [ThreadPoolExecutor-0_2] Found 13 reviews
2026-08-29 22:04:21 - INFO - [ThreadPoolExecutor-0_2] - [ThreadPoolExecutor-0_2] Scraped 13 reviews
2026-08-29 22:04:22 - INFO - [ThreadPoolExecutor-0_1] - [ThreadPoolExecutor-0_1] [9/30] Yankee Candle Mid Summer's Night, Scente...
2026-08-29 22:04:22 - INFO - [ThreadPoolExecutor-0_1] - [ThreadPoolExecutor-0_1] Scraping product details: https://www.amazon.com/Yankee-Candle-Consistent-Fragrance-Midsummers/dp/B0F3DQSZKT/ref=sr_1_9?dib=ey...
2026-08-29 22:04:24 - INFO - [ThreadPoolExecutor-0_2] - [ThreadPoolExecutor-0_2] [14/30] Skechers Men's After Burn M. Fit Sneaker...
2026-08-29 22:04:24 - INFO - [ThreadPoolExecutor-0_2] - [ThreadPoolExecutor-0_2] Scraping product details: https://www.amazon.com/Skechers-Afterburn-Lace-Up-Sneaker-Charcoal/dp/B00DJSRMBK/ref=sr_1_14?dib=eyJ...
2026-08-29 22:04:29 - INFO - [ThreadPoolExecutor-0_0] - [ThreadPoolExecutor-0_0] Scraping reviews...
2026-08-29 22:04:32 - INFO - [ThreadPoolExecutor-0_1] - [ThreadPoolExecutor-0_1] Scraping reviews...
2026-08-29 22:04:34 - INFO - [ThreadPoolExecutor-0_2] - [ThreadPoolExecutor-0_2] Scraping reviews...
2026-08-29 22:04:38 - INFO - [ThreadPoolExecutor-0_0] - [ThreadPoolExecutor-0_0] Found 8 reviews
2026-08-29 22:04:38 - INFO - [ThreadPoolExecutor-0_0] - [ThreadPoolExecutor-0_0] Scraped 8 reviews
2026-08-29 22:04:42 - INFO - [ThreadPoolExecutor-0_0] - [ThreadPoolExecutor-0_0] [30/30] Fetinar A5 Faux Leather Journal Notebook...
2026-08-29 22:04:42 - INFO - [ThreadPoolExecutor-0_0] - [ThreadPoolExecutor-0_0] Scraping product details: https://www.amazon.com/Leather-Vintage-Notebook-Softcover-Business/dp/B0C23S36QF/ref=sr_1_30?dib=eyJ...
2026-08-29 22:04:43 - INFO - [ThreadPoolExecutor-0_2] - [ThreadPoolExecutor-0_2] Found 13 reviews
2026-08-29 22:04:43 - INFO - [ThreadPoolExecutor-0_2] - [ThreadPoolExecutor-0_2] Scraped 13 reviews
2026-08-29 22:04:44 - INFO - [ThreadPoolExecutor-0_1] - [ThreadPoolExecutor-0_1] Found 13 reviews
2026-08-29 22:04:44 - INFO - [ThreadPoolExecutor-0_1] - [ThreadPoolExecutor-0_1] Scraped 13 reviews
2026-08-29 22:04:47 - INFO - [ThreadPoolExecutor-0_2] - [ThreadPoolExecutor-0_2] [15/30] Skechers Men's Energy After Burn Sneaker...
2026-08-29 22:04:47 - INFO - [ThreadPoolExecutor-0_2] - [ThreadPoolExecutor-0_2] Scraping product details: https://www.amazon.com/Skechers-Energy-Afterburn-Lace-Up-Sneaker/dp/B000ARIVG8/ref=sr_1_15?dib=eyJ2I...
2026-08-29 22:04:48 - INFO - [ThreadPoolExecutor-0_1] - [ThreadPoolExecutor-0_1] [10/30] Yankee Candle Spiced Pumpkin, Fall Scent...
2026-08-29 22:04:48 - INFO - [ThreadPoolExecutor-0_1] - [ThreadPoolExecutor-0_1] Scraping product details: https://www.amazon.com/Yankee-Candle-Scented-Consistent-Fragrance/dp/B0F3DRTCB2/ref=sr_1_10?dib=eyJ2...
2026-08-29 22:04:49 - INFO - [ThreadPoolExecutor-0_0] - [ThreadPoolExecutor-0_0] Scraping reviews...
2026-08-29 22:04:54 - INFO - [ThreadPoolExecutor-0_2] - [ThreadPoolExecutor-0_2] Scraping reviews...
2026-08-29 22:04:58 - INFO - [ThreadPoolExecutor-0_1] - [ThreadPoolExecutor-0_1] Scraping reviews...
2026-08-29 22:05:01 - INFO - [ThreadPoolExecutor-0_0] - [ThreadPoolExecutor-0_0] Found 13 reviews
2026-08-29 22:05:01 - INFO - [ThreadPoolExecutor-0_0] - [ThreadPoolExecutor-0_0] Scraped 13 reviews
2026-08-29 22:05:01 - INFO - [ThreadPoolExecutor-0_0] - [ThreadPoolExecutor-0_0] Completed 'notebook journal': 30 products, 344 reviews
2026-08-29 22:05:01 - INFO - [ThreadPoolExecutor-0_0] - ✓ notebook journal: 30 products, 344 reviews
2026-08-29 22:05:02 - INFO - [ThreadPoolExecutor-0_0] - [ThreadPoolExecutor-0_0] WebDriver closed
2026-08-29 22:05:02 - INFO - [ThreadPoolExecutor-0_0] - [ThreadPoolExecutor-0_0] [26/28] Processing: sunglasses
2026-08-29 22:05:02 - INFO - [ThreadPoolExecutor-0_0] - [ThreadPoolExecutor-0_0] Creating Chrome driver...
2026-08-29 22:05:04 - INFO - [ThreadPoolExecutor-0_2] - [ThreadPoolExecutor-0_2] Found 13 reviews
2026-08-29 22:05:04 - INFO - [ThreadPoolExecutor-0_2] - [ThreadPoolExecutor-0_2] Scraped 13 reviews
2026-08-29 22:05:04 - INFO - [ThreadPoolExecutor-0_0] - [ThreadPoolExecutor-0_0] Chrome driver created successfully
2026-08-29 22:05:04 - INFO - [ThreadPoolExecutor-0_0] - Created new driver for thread: ThreadPoolExecutor-0_0
2026-08-29 22:05:04 - INFO - [ThreadPoolExecutor-0_0] - [ThreadPoolExecutor-0_0] Searching: https://www.amazon.com/s?k=sunglasses
2026-08-29 22:05:06 - INFO - [ThreadPoolExecutor-0_2] - [ThreadPoolExecutor-0_2] [16/30] Reebok Womens Club C Double Revenge Plat...
2026-08-29 22:05:06 - INFO - [ThreadPoolExecutor-0_2] - [ThreadPoolExecutor-0_2] Scraping product details: https://www.amazon.com/Reebok-Revenge-Platform-Fashion-Sneakers/dp/B0G4XB3L4M/ref=sr_1_16?dib=eyJ2Ij...
2026-08-29 22:05:10 - INFO - [ThreadPoolExecutor-0_1] - [ThreadPoolExecutor-0_1] Found 13 reviews
2026-08-29 22:05:10 - INFO - [ThreadPoolExecutor-0_1] - [ThreadPoolExecutor-0_1] Scraped 13 reviews
2026-08-29 22:05:13 - INFO - [ThreadPoolExecutor-0_0] - Found 48 products in search results
2026-08-29 22:05:13 - INFO - [ThreadPoolExecutor-0_0] - [ThreadPoolExecutor-0_0] Found 30 products for: sunglasses
2026-08-29 22:05:13 - INFO - [ThreadPoolExecutor-0_0] - [ThreadPoolExecutor-0_0] [1/30] FEIDUSUN Sunglasses Men Polarized Sungla...
2026-08-29 22:05:13 - INFO - [ThreadPoolExecutor-0_0] - [ThreadPoolExecutor-0_0] Scraping product details: https://www.amazon.com/FEIDUSUN-Sunglasses-Polarized-Glasses-Protection/dp/B0BKSKCYX7/ref=sr_1_1?dib...
2026-08-29 22:05:14 - INFO - [ThreadPoolExecutor-0_1] - [ThreadPoolExecutor-0_1] [11/30] 6 Pack Candles for Home Scented Aromathe...
2026-08-29 22:05:14 - INFO - [ThreadPoolExecutor-0_1] - [ThreadPoolExecutor-0_1] Scraping product details: https://www.amazon.com/Candles-Scented-Aromatherapy-Birthday-Thanksgiving/dp/B08XZ3HWF3/ref=sr_1_11?...
2026-08-29 22:05:14 - INFO - [ThreadPoolExecutor-0_2] - [ThreadPoolExecutor-0_2] Scraping reviews...
2026-08-29 22:05:25 - INFO - [ThreadPoolExecutor-0_0] - [ThreadPoolExecutor-0_0] Scraping reviews...
2026-08-29 22:05:25 - INFO - [ThreadPoolExecutor-0_2] - [ThreadPoolExecutor-0_2] Found 13 reviews
2026-08-29 22:05:25 - INFO - [ThreadPoolExecutor-0_2] - [ThreadPoolExecutor-0_2] Scraped 13 reviews
2026-08-29 22:05:26 - INFO - [ThreadPoolExecutor-0_1] - [ThreadPoolExecutor-0_1] Scraping reviews...
2026-08-29 22:05:28 - INFO - [ThreadPoolExecutor-0_2] - [ThreadPoolExecutor-0_2] [17/30] Reebok Princess Sneakers for Women, Comf...
2026-08-29 22:05:28 - INFO - [ThreadPoolExecutor-0_2] - [ThreadPoolExecutor-0_2] Scraping product details: https://www.amazon.com/Reebok-Lifestyle-Womens-Princess-White/dp/B0059WSTKC/ref=sr_1_17?dib=eyJ2Ijoi...
2026-08-29 22:05:34 - INFO - [ThreadPoolExecutor-0_2] - [ThreadPoolExecutor-0_2] Scraping reviews...
2026-08-29 22:05:37 - INFO - [ThreadPoolExecutor-0_0] - [ThreadPoolExecutor-0_0] Found 13 reviews
2026-08-29 22:05:37 - INFO - [ThreadPoolExecutor-0_1] - [ThreadPoolExecutor-0_1] Found 8 reviews
2026-08-29 22:05:37 - INFO - [ThreadPoolExecutor-0_0] - [ThreadPoolExecutor-0_0] Scraped 13 reviews
2026-08-29 22:05:37 - INFO - [ThreadPoolExecutor-0_1] - [ThreadPoolExecutor-0_1] Scraped 8 reviews
2026-08-29 22:05:41 - INFO - [ThreadPoolExecutor-0_0] - [ThreadPoolExecutor-0_0] [2/30] ViewJoy Retro Oval Sunglasses for Women ...
2026-08-29 22:05:41 - INFO - [ThreadPoolExecutor-0_0] - [ThreadPoolExecutor-0_0] Scraping product details: https://www.amazon.com/ViewJoy-Sunglasses-Vintage-Designer-Glasses/dp/B0F8HWPP54/ref=sr_1_2?dib=eyJ2...
2026-08-29 22:05:41 - INFO - [ThreadPoolExecutor-0_1] - [ThreadPoolExecutor-0_1] [12/30] Capri Blue Volcano Scented Candles - Lux...
2026-08-29 22:05:41 - INFO - [ThreadPoolExecutor-0_1] - [ThreadPoolExecutor-0_1] Scraping product details: https://www.amazon.com/Capri-Blue-Volcano-Candle-503/dp/B000YBFJQU/ref=sr_1_12?dib=eyJ2IjoiMSJ9.NwQg...
2026-08-29 22:05:44 - INFO - [ThreadPoolExecutor-0_2] - [ThreadPoolExecutor-0_2] Found 13 reviews
2026-08-29 22:05:44 - INFO - [ThreadPoolExecutor-0_2] - [ThreadPoolExecutor-0_2] Scraped 13 reviews
2026-08-29 22:05:48 - INFO - [ThreadPoolExecutor-0_2] - [ThreadPoolExecutor-0_2] [18/30] Project Cloud Womens Sneakers - Comforta...
2026-08-29 22:05:48 - INFO - [ThreadPoolExecutor-0_2] - [ThreadPoolExecutor-0_2] Scraping product details: https://www.amazon.com/Project-Cloud-Fashion-Sneakers-Women/dp/B0G459XG71/ref=sr_1_18?dib=eyJ2IjoiMS...
2026-08-29 22:05:50 - INFO - [ThreadPoolExecutor-0_0] - [ThreadPoolExecutor-0_0] Scraping reviews...
2026-08-29 22:05:51 - INFO - [ThreadPoolExecutor-0_1] - [ThreadPoolExecutor-0_1] Scraping reviews...
2026-08-29 22:05:56 - INFO - [ThreadPoolExecutor-0_2] - [ThreadPoolExecutor-0_2] Scraping reviews...
2026-08-29 22:05:59 - INFO - [ThreadPoolExecutor-0_0] - [ThreadPoolExecutor-0_0] Found 12 reviews
2026-08-29 22:05:59 - INFO - [ThreadPoolExecutor-0_0] - [ThreadPoolExecutor-0_0] Scraped 12 reviews
2026-08-29 22:06:03 - INFO - [ThreadPoolExecutor-0_1] - [ThreadPoolExecutor-0_1] Found 13 reviews
2026-08-29 22:06:03 - INFO - [ThreadPoolExecutor-0_1] - [ThreadPoolExecutor-0_1] Scraped 13 reviews
2026-08-29 22:06:04 - INFO - [ThreadPoolExecutor-0_0] - [ThreadPoolExecutor-0_0] [3/30] JASPIN Rectangle Sunglasses for Women Me...
2026-08-29 22:06:04 - INFO - [ThreadPoolExecutor-0_0] - [ThreadPoolExecutor-0_0] Scraping product details: https://www.amazon.com/JASPIN-Rectangle-Sunglasses-Glasses-Protection/dp/B0BKGPYDSZ/ref=sr_1_3?dib=e...
2026-08-29 22:06:05 - INFO - [ThreadPoolExecutor-0_2] - [ThreadPoolExecutor-0_2] Found 13 reviews
2026-08-29 22:06:05 - INFO - [ThreadPoolExecutor-0_2] - [ThreadPoolExecutor-0_2] Scraped 13 reviews
2026-08-29 22:06:06 - INFO - [ThreadPoolExecutor-0_1] - [ThreadPoolExecutor-0_1] [13/30] YOROXRG 36 Pack White Taper Candles, 7-8...
2026-08-29 22:06:06 - INFO - [ThreadPoolExecutor-0_1] - [ThreadPoolExecutor-0_1] Scraping product details: https://www.amazon.com/YOROXRG-Unscented-Smokeless-Household-Candlesticks/dp/B0CR7LYL7W/ref=sr_1_13?...
2026-08-29 22:06:07 - INFO - [ThreadPoolExecutor-0_2] - [ThreadPoolExecutor-0_2] [19/30] New Balance Women's Fresh Foam 520 V9 Ru...
2026-08-29 22:06:07 - INFO - [ThreadPoolExecutor-0_2] - [ThreadPoolExecutor-0_2] Scraping product details: https://www.amazon.com/New-Balance-Womens-Fresh-Running/dp/B0F4LQRJJK/ref=sr_1_19?dib=eyJ2IjoiMSJ9.9...
2026-08-29 22:06:11 - INFO - [ThreadPoolExecutor-0_0] - [ThreadPoolExecutor-0_0] Scraping reviews...
2026-08-29 22:06:11 - INFO - [ThreadPoolExecutor-0_1] - [ThreadPoolExecutor-0_1] Scraping reviews...
2026-08-29 22:06:15 - INFO - [ThreadPoolExecutor-0_2] - [ThreadPoolExecutor-0_2] Scraping reviews...
2026-08-29 22:06:21 - INFO - [ThreadPoolExecutor-0_0] - [ThreadPoolExecutor-0_0] Found 13 reviews
2026-08-29 22:06:21 - INFO - [ThreadPoolExecutor-0_0] - [ThreadPoolExecutor-0_0] Scraped 13 reviews
2026-08-29 22:06:22 - INFO - [ThreadPoolExecutor-0_1] - [ThreadPoolExecutor-0_1] Found 10 reviews
2026-08-29 22:06:22 - INFO - [ThreadPoolExecutor-0_1] - [ThreadPoolExecutor-0_1] Scraped 10 reviews
2026-08-29 22:06:23 - INFO - [ThreadPoolExecutor-0_2] - [ThreadPoolExecutor-0_2] Found 13 reviews
2026-08-29 22:06:23 - INFO - [ThreadPoolExecutor-0_2] - [ThreadPoolExecutor-0_2] Scraped 13 reviews
2026-08-29 22:06:24 - INFO - [ThreadPoolExecutor-0_0] - [ThreadPoolExecutor-0_0] [4/30] EYLRIM Square Frame Sunglasses for Women...
2026-08-29 22:06:24 - INFO - [ThreadPoolExecutor-0_0] - [ThreadPoolExecutor-0_0] Scraping product details: https://www.amazon.com/EYLRIM-Sunglasses-Rectangle-Glasses-Protection/dp/B0C1NDGV2S/ref=sr_1_4?dib=e...
2026-08-29 22:06:26 - INFO - [ThreadPoolExecutor-0_1] - [ThreadPoolExecutor-0_1] [14/30] GODONLIF Candle Warmer Lamp with Timer, ...
2026-08-29 22:06:26 - INFO - [ThreadPoolExecutor-0_1] - [ThreadPoolExecutor-0_1] Scraping product details: https://www.amazon.com/GODONLIF-Candle-Adjustable-Dimmable-Candles/dp/B0CTJGJL2T/ref=sr_1_14?dib=eyJ...
2026-08-29 22:06:28 - INFO - [ThreadPoolExecutor-0_2] - [ThreadPoolExecutor-0_2] [20/30] Skechers Men's Max Cushioning Endeavour ...
2026-08-29 22:06:28 - INFO - [ThreadPoolExecutor-0_2] - [ThreadPoolExecutor-0_2] Scraping product details: https://www.amazon.com/Skechers-Cushioning-Endeavour-Sneaker-X-Wide/dp/B0DDRJH4FQ/ref=sr_1_20?dib=ey...
2026-08-29 22:06:34 - INFO - [ThreadPoolExecutor-0_0] - [ThreadPoolExecutor-0_0] Scraping reviews...
2026-08-29 22:06:35 - INFO - [ThreadPoolExecutor-0_2] - [ThreadPoolExecutor-0_2] Scraping reviews...
2026-08-29 22:06:37 - INFO - [ThreadPoolExecutor-0_1] - [ThreadPoolExecutor-0_1] Scraping reviews...
2026-08-29 22:06:44 - INFO - [ThreadPoolExecutor-0_2] - [ThreadPoolExecutor-0_2] Found 13 reviews
2026-08-29 22:06:44 - INFO - [ThreadPoolExecutor-0_2] - [ThreadPoolExecutor-0_2] Scraped 13 reviews
2026-08-29 22:06:47 - INFO - [ThreadPoolExecutor-0_2] - [ThreadPoolExecutor-0_2] [21/30] ASICS Men's Gel-Venture 11 Trail Running...
2026-08-29 22:06:47 - INFO - [ThreadPoolExecutor-0_2] - [ThreadPoolExecutor-0_2] Scraping product details: https://www.amazon.com/ASICS-Gel-Venture-Running-Shoes-Black/dp/B0FV7FDJ1T/ref=sr_1_21?dib=eyJ2IjoiM...
2026-08-29 22:06:47 - INFO - [ThreadPoolExecutor-0_0] - [ThreadPoolExecutor-0_0] Found 13 reviews
2026-08-29 22:06:47 - INFO - [ThreadPoolExecutor-0_0] - [ThreadPoolExecutor-0_0] Scraped 13 reviews
2026-08-29 22:06:49 - INFO - [ThreadPoolExecutor-0_1] - [ThreadPoolExecutor-0_1] Found 13 reviews
2026-08-29 22:06:49 - INFO - [ThreadPoolExecutor-0_1] - [ThreadPoolExecutor-0_1] Scraped 13 reviews
2026-08-29 22:06:49 - INFO - [ThreadPoolExecutor-0_0] - [ThreadPoolExecutor-0_0] [5/30] KUGUAOK Retro Oval Sunglasses for Women ...
2026-08-29 22:06:49 - INFO - [ThreadPoolExecutor-0_0] - [ThreadPoolExecutor-0_0] Scraping product details: https://www.amazon.com/KUGUAOK-Sunglasses-Design-Glasses-Protection/dp/B0DHWXM4J5/ref=sr_1_5?dib=eyJ...
2026-08-29 22:06:53 - INFO - [ThreadPoolExecutor-0_1] - [ThreadPoolExecutor-0_1] [15/30] Yankee Candle Clean Cotton Scented Candl...
2026-08-29 22:06:53 - INFO - [ThreadPoolExecutor-0_1] - [ThreadPoolExecutor-0_1] Scraping product details: https://www.amazon.com/Yankee-Candle-Scented-Consistent-Fragrance/dp/B0F3F2XPW1/ref=sr_1_15?dib=eyJ2...
2026-08-29 22:06:55 - INFO - [ThreadPoolExecutor-0_0] - [ThreadPoolExecutor-0_0] Scraping reviews...
2026-08-29 22:06:57 - INFO - [ThreadPoolExecutor-0_2] - [ThreadPoolExecutor-0_2] Scraping reviews...
2026-08-29 22:07:03 - INFO - [ThreadPoolExecutor-0_1] - [ThreadPoolExecutor-0_1] Scraping reviews...
2026-08-29 22:07:08 - INFO - [ThreadPoolExecutor-0_2] - [ThreadPoolExecutor-0_2] Found 13 reviews
2026-08-29 22:07:08 - INFO - [ThreadPoolExecutor-0_2] - [ThreadPoolExecutor-0_2] Scraped 13 reviews
2026-08-29 22:07:09 - INFO - [ThreadPoolExecutor-0_0] - [ThreadPoolExecutor-0_0] Found 8 reviews
2026-08-29 22:07:09 - INFO - [ThreadPoolExecutor-0_0] - [ThreadPoolExecutor-0_0] Scraped 8 reviews
2026-08-29 22:07:11 - INFO - [ThreadPoolExecutor-0_2] - [ThreadPoolExecutor-0_2] [22/30] Skechers Women's Summits Sneaker | Memor...
2026-08-29 22:07:11 - INFO - [ThreadPoolExecutor-0_2] - [ThreadPoolExecutor-0_2] Scraping product details: https://www.amazon.com/Skechers-Sport-Womens-Summits-Sneaker/dp/B0778XY3DT/ref=sr_1_22?dib=eyJ2IjoiM...
2026-08-29 22:07:11 - INFO - [ThreadPoolExecutor-0_0] - [ThreadPoolExecutor-0_0] [6/30] KALIYADI Classic Aviator Sunglasses for ...
2026-08-29 22:07:11 - INFO - [ThreadPoolExecutor-0_0] - [ThreadPoolExecutor-0_0] Scraping product details: https://www.amazon.com/KALIYADI-Classic-Sunglasses-Polarized-Blocking/dp/B07XCQ3Z8H/ref=sr_1_6?dib=e...
2026-08-29 22:07:13 - INFO - [ThreadPoolExecutor-0_1] - [ThreadPoolExecutor-0_1] Found 12 reviews
2026-08-29 22:07:13 - INFO - [ThreadPoolExecutor-0_1] - [ThreadPoolExecutor-0_1] Scraped 12 reviews
2026-08-29 22:07:17 - INFO - [ThreadPoolExecutor-0_1] - [ThreadPoolExecutor-0_1] [16/30] Village Candle Spiced Vanilla Apple, Lar...
2026-08-29 22:07:17 - INFO - [ThreadPoolExecutor-0_1] - [ThreadPoolExecutor-0_1] Scraping product details: https://www.amazon.com/Village-Candle-Vanilla-Apothecary-Scented/dp/B08J1W22JN/ref=sr_1_16?dib=eyJ2I...
2026-08-29 22:07:18 - INFO - [ThreadPoolExecutor-0_2] - [ThreadPoolExecutor-0_2] Scraping reviews...
2026-08-29 22:07:20 - INFO - [ThreadPoolExecutor-0_0] - [ThreadPoolExecutor-0_0] Scraping reviews...
2026-08-29 22:07:27 - INFO - [ThreadPoolExecutor-0_1] - [ThreadPoolExecutor-0_1] Scraping reviews...
2026-08-29 22:07:30 - INFO - [ThreadPoolExecutor-0_2] - [ThreadPoolExecutor-0_2] Found 13 reviews
2026-08-29 22:07:30 - INFO - [ThreadPoolExecutor-0_2] - [ThreadPoolExecutor-0_2] Scraped 13 reviews
2026-08-29 22:07:31 - INFO - [ThreadPoolExecutor-0_0] - [ThreadPoolExecutor-0_0] Found 13 reviews
2026-08-29 22:07:32 - INFO - [ThreadPoolExecutor-0_0] - [ThreadPoolExecutor-0_0] Scraped 13 reviews
2026-08-29 22:07:34 - INFO - [ThreadPoolExecutor-0_2] - [ThreadPoolExecutor-0_2] [23/30] Under Armour Men's Charged+ Assert 11 Ru...
2026-08-29 22:07:34 - INFO - [ThreadPoolExecutor-0_2] - [ThreadPoolExecutor-0_2] Scraping product details: https://www.amazon.com/Under-Armour-Charged-Assert-Black/dp/B0DT1LN3T3/ref=sr_1_23?dib=eyJ2IjoiMSJ9....
2026-08-29 22:07:34 - INFO - [ThreadPoolExecutor-0_0] - [ThreadPoolExecutor-0_0] [7/30] Retro Aviator Sunglasses for Women Men,T...
2026-08-29 22:07:34 - INFO - [ThreadPoolExecutor-0_0] - [ThreadPoolExecutor-0_0] Scraping product details: https://www.amazon.com/konqkin-Retro-Aviator-Sunglasses-Women/dp/B0F21DH46Q/ref=sr_1_7?dib=eyJ2IjoiM...
2026-08-29 22:07:37 - INFO - [ThreadPoolExecutor-0_1] - [ThreadPoolExecutor-0_1] Found 13 reviews
2026-08-29 22:07:37 - INFO - [ThreadPoolExecutor-0_1] - [ThreadPoolExecutor-0_1] Scraped 13 reviews
2026-08-29 22:07:41 - INFO - [ThreadPoolExecutor-0_0] - [ThreadPoolExecutor-0_0] Scraping reviews...
2026-08-29 22:07:41 - INFO - [ThreadPoolExecutor-0_1] - [ThreadPoolExecutor-0_1] [17/30] AOOVOO Scented Candles - 4PC Candle Set,...
2026-08-29 22:07:41 - INFO - [ThreadPoolExecutor-0_1] - [ThreadPoolExecutor-0_1] Scraping product details: https://www.amazon.com/AOOVOO-Candle-Set-Lavender-Eucalyptus/dp/B0DP74YCXR/ref=sr_1_17?dib=eyJ2IjoiM...
2026-08-29 22:07:44 - INFO - [ThreadPoolExecutor-0_2] - [ThreadPoolExecutor-0_2] Scraping reviews...
2026-08-29 22:07:50 - INFO - [ThreadPoolExecutor-0_1] - [ThreadPoolExecutor-0_1] Scraping reviews...
2026-08-29 22:07:51 - INFO - [ThreadPoolExecutor-0_0] - [ThreadPoolExecutor-0_0] Found 8 reviews
2026-08-29 22:07:51 - INFO - [ThreadPoolExecutor-0_0] - [ThreadPoolExecutor-0_0] Scraped 8 reviews
2026-08-29 22:07:54 - INFO - [ThreadPoolExecutor-0_2] - [ThreadPoolExecutor-0_2] Found 13 reviews
2026-08-29 22:07:54 - INFO - [ThreadPoolExecutor-0_2] - [ThreadPoolExecutor-0_2] Scraped 13 reviews
2026-08-29 22:07:56 - INFO - [ThreadPoolExecutor-0_0] - [ThreadPoolExecutor-0_0] [8/30] Square Polarized Sunglasses for Men and ...
2026-08-29 22:07:56 - INFO - [ThreadPoolExecutor-0_0] - [ThreadPoolExecutor-0_0] Scraping product details: https://www.amazon.com/TURBOPEP-Polarized-Sunglasses-Lightweight-Protection/dp/B0C7KYKTL5/ref=sr_1_8...
2026-08-29 22:07:57 - INFO - [ThreadPoolExecutor-0_2] - [ThreadPoolExecutor-0_2] [24/30] New Balance Men's 480 V1 Sneakers...
2026-08-29 22:07:57 - INFO - [ThreadPoolExecutor-0_2] - [ThreadPoolExecutor-0_2] Scraping product details: https://www.amazon.com/New-Balance-BB480L-Castlerock-Shadow/dp/B0CMQLKP9J/ref=sr_1_24?dib=eyJ2IjoiMS...
2026-08-29 22:08:01 - INFO - [ThreadPoolExecutor-0_1] - [ThreadPoolExecutor-0_1] Found 8 reviews
2026-08-29 22:08:01 - INFO - [ThreadPoolExecutor-0_1] - [ThreadPoolExecutor-0_1] Scraped 8 reviews
2026-08-29 22:08:03 - INFO - [ThreadPoolExecutor-0_0] - [ThreadPoolExecutor-0_0] Scraping reviews...
2026-08-29 22:08:04 - INFO - [ThreadPoolExecutor-0_2] - [ThreadPoolExecutor-0_2] Scraping reviews...
2026-08-29 22:08:05 - INFO - [ThreadPoolExecutor-0_1] - [ThreadPoolExecutor-0_1] [18/30] AOOVOO Fall Candles Set for Women - Arom...
2026-08-29 22:08:05 - INFO - [ThreadPoolExecutor-0_1] - [ThreadPoolExecutor-0_1] Scraping product details: https://www.amazon.com/AOOVOO-Fall-Candles-Set-Women/dp/B0H13SBHS1/ref=sr_1_18?dib=eyJ2IjoiMSJ9.NwQg...
2026-08-29 22:08:14 - INFO - [ThreadPoolExecutor-0_0] - [ThreadPoolExecutor-0_0] Found 9 reviews
2026-08-29 22:08:14 - INFO - [ThreadPoolExecutor-0_0] - [ThreadPoolExecutor-0_0] Scraped 9 reviews
2026-08-29 22:08:16 - INFO - [ThreadPoolExecutor-0_1] - [ThreadPoolExecutor-0_1] Scraping reviews...
2026-08-29 22:08:17 - INFO - [ThreadPoolExecutor-0_2] - [ThreadPoolExecutor-0_2] Found 13 reviews
2026-08-29 22:08:17 - INFO - [ThreadPoolExecutor-0_2] - [ThreadPoolExecutor-0_2] Scraped 13 reviews
2026-08-29 22:08:17 - INFO - [ThreadPoolExecutor-0_0] - [ThreadPoolExecutor-0_0] [9/30] Breaksun Retro Oval Sunglasses for Women...
2026-08-29 22:08:17 - INFO - [ThreadPoolExecutor-0_0] - [ThreadPoolExecutor-0_0] Scraping product details: https://www.amazon.com/Breaksun-Sunglasses-Fashion-Vintage-Shades/dp/B0F1TBXD8B/ref=sr_1_9?dib=eyJ2I...
2026-08-29 22:08:21 - INFO - [ThreadPoolExecutor-0_2] - [ThreadPoolExecutor-0_2] [25/30] PUMA Women's Tazon 6 Sneaker...
2026-08-29 22:08:21 - INFO - [ThreadPoolExecutor-0_2] - [ThreadPoolExecutor-0_2] Scraping product details: https://www.amazon.com/Puma-Womens-Tazon-Shoes-Black/dp/B0DK5VL765/ref=sr_1_25?dib=eyJ2IjoiMSJ9.9qh5...
2026-08-29 22:08:25 - INFO - [ThreadPoolExecutor-0_0] - [ThreadPoolExecutor-0_0] Scraping reviews...
2026-08-29 22:08:28 - INFO - [ThreadPoolExecutor-0_1] - [ThreadPoolExecutor-0_1] Found 9 reviews
2026-08-29 22:08:29 - INFO - [ThreadPoolExecutor-0_1] - [ThreadPoolExecutor-0_1] Scraped 9 reviews
2026-08-29 22:08:29 - INFO - [ThreadPoolExecutor-0_2] - [ThreadPoolExecutor-0_2] Scraping reviews...
2026-08-29 22:08:33 - INFO - [ThreadPoolExecutor-0_0] - [ThreadPoolExecutor-0_0] Found 13 reviews
2026-08-29 22:08:33 - INFO - [ThreadPoolExecutor-0_0] - [ThreadPoolExecutor-0_0] Scraped 13 reviews
2026-08-29 22:08:34 - INFO - [ThreadPoolExecutor-0_1] - [ThreadPoolExecutor-0_1] [19/30] Ashlux 100-Pack Unscented Palm Wax Tea L...
2026-08-29 22:08:34 - INFO - [ThreadPoolExecutor-0_1] - [ThreadPoolExecutor-0_1] Scraping product details: https://www.amazon.com/Ashlux-100-Pack-Unscented-Lights-Candles/dp/B0CJ2STB79/ref=sr_1_19?dib=eyJ2Ij...
2026-08-29 22:08:37 - INFO - [ThreadPoolExecutor-0_0] - [ThreadPoolExecutor-0_0] [10/30] GUVIVI Retro Oval Sunglasses for Women 9...
2026-08-29 22:08:37 - INFO - [ThreadPoolExecutor-0_0] - [ThreadPoolExecutor-0_0] Scraping product details: https://www.amazon.com/GUVIVI-Sunglasses-Sunnies-Lightweight-protection/dp/B0DFYHDMT2/ref=sr_1_10?di...
2026-08-29 22:08:38 - INFO - [ThreadPoolExecutor-0_2] - [ThreadPoolExecutor-0_2] Found 13 reviews
2026-08-29 22:08:38 - INFO - [ThreadPoolExecutor-0_2] - [ThreadPoolExecutor-0_2] Scraped 13 reviews
2026-08-29 22:08:43 - INFO - [ThreadPoolExecutor-0_1] - [ThreadPoolExecutor-0_1] Scraping reviews...
2026-08-29 22:08:43 - INFO - [ThreadPoolExecutor-0_2] - [ThreadPoolExecutor-0_2] [26/30] Project Cloud Mary Jane Shoes, Comfortab...
2026-08-29 22:08:43 - INFO - [ThreadPoolExecutor-0_2] - [ThreadPoolExecutor-0_2] Scraping product details: https://www.amazon.com/Project-Cloud-Comfortable-Fashion-Sneakers/dp/B0GY1H4MBY/ref=sr_1_26?dib=eyJ2...
2026-08-29 22:08:45 - INFO - [ThreadPoolExecutor-0_0] - [ThreadPoolExecutor-0_0] Scraping reviews...
2026-08-29 22:08:51 - INFO - [ThreadPoolExecutor-0_2] - [ThreadPoolExecutor-0_2] Scraping reviews...
2026-08-29 22:08:54 - INFO - [ThreadPoolExecutor-0_1] - [ThreadPoolExecutor-0_1] Found 13 reviews
2026-08-29 22:08:54 - INFO - [ThreadPoolExecutor-0_1] - [ThreadPoolExecutor-0_1] Scraped 13 reviews
2026-08-29 22:08:54 - INFO - [ThreadPoolExecutor-0_0] - [ThreadPoolExecutor-0_0] Found 13 reviews
2026-08-29 22:08:54 - INFO - [ThreadPoolExecutor-0_0] - [ThreadPoolExecutor-0_0] Scraped 13 reviews
2026-08-29 22:08:58 - INFO - [ThreadPoolExecutor-0_0] - [ThreadPoolExecutor-0_0] [11/30] Ray-Ban RB3025 Classic Aviator Sunglasse...
2026-08-29 22:08:58 - INFO - [ThreadPoolExecutor-0_0] - [ThreadPoolExecutor-0_0] Scraping product details: https://www.amazon.com/Ray-Ban-RB3025-Aviator-Sunglasses-Black/dp/B000GLN15O/ref=sr_1_11?dib=eyJ2Ijo...
2026-08-29 22:08:59 - INFO - [ThreadPoolExecutor-0_1] - [ThreadPoolExecutor-0_1] [20/30] Bath & Body Works 3-Wick Candle, Eucalyp...
2026-08-29 22:08:59 - INFO - [ThreadPoolExecutor-0_1] - [ThreadPoolExecutor-0_1] Scraping product details: https://www.amazon.com/Bath-Body-Works-Aromatherapy-Eucalyptus/dp/B005O91CUE/ref=sr_1_20?dib=eyJ2Ijo...
2026-08-29 22:09:02 - INFO - [ThreadPoolExecutor-0_2] - [ThreadPoolExecutor-0_2] Found 13 reviews
2026-08-29 22:09:02 - INFO - [ThreadPoolExecutor-0_2] - [ThreadPoolExecutor-0_2] Scraped 13 reviews
2026-08-29 22:09:05 - INFO - [ThreadPoolExecutor-0_0] - [ThreadPoolExecutor-0_0] Scraping reviews...
2026-08-29 22:09:06 - INFO - [ThreadPoolExecutor-0_2] - [ThreadPoolExecutor-0_2] [27/30] Womens Fashion Sneakers Comfortable Lace...
2026-08-29 22:09:06 - INFO - [ThreadPoolExecutor-0_2] - [ThreadPoolExecutor-0_2] Scraping product details: https://www.amazon.com/Diarilip-Fashion-Sneakers-Comfortable-Trainers/dp/B0G6T81L8M/ref=sr_1_27?dib=...
2026-08-29 22:09:09 - INFO - [ThreadPoolExecutor-0_1] - [ThreadPoolExecutor-0_1] Scraping reviews...
2026-08-29 22:09:12 - INFO - [ThreadPoolExecutor-0_2] - [ThreadPoolExecutor-0_2] Scraping reviews...
2026-08-29 22:09:13 - INFO - [ThreadPoolExecutor-0_0] - [ThreadPoolExecutor-0_0] Found 13 reviews
2026-08-29 22:09:14 - INFO - [ThreadPoolExecutor-0_0] - [ThreadPoolExecutor-0_0] Scraped 13 reviews
2026-08-29 22:09:16 - INFO - [ThreadPoolExecutor-0_0] - [ThreadPoolExecutor-0_0] [12/30] Maui Jim Polarized Men's and Women's Hoo...
2026-08-29 22:09:16 - INFO - [ThreadPoolExecutor-0_0] - [ThreadPoolExecutor-0_0] Scraping product details: https://www.amazon.com/Maui-Jim-Reading-Glasses-Sunreader/dp/B001BAKN00/ref=sr_1_12?dib=eyJ2IjoiMSJ9...
2026-08-29 22:09:21 - INFO - [ThreadPoolExecutor-0_1] - [ThreadPoolExecutor-0_1] Found 13 reviews
2026-08-29 22:09:21 - INFO - [ThreadPoolExecutor-0_1] - [ThreadPoolExecutor-0_1] Scraped 13 reviews
2026-08-29 22:09:21 - INFO - [ThreadPoolExecutor-0_2] - [ThreadPoolExecutor-0_2] Found 8 reviews
2026-08-29 22:09:21 - INFO - [ThreadPoolExecutor-0_2] - [ThreadPoolExecutor-0_2] Scraped 8 reviews
2026-08-29 22:09:24 - INFO - [ThreadPoolExecutor-0_2] - [ThreadPoolExecutor-0_2] [28/30] adidas Mens Response Pace Sneakers Shoes...
2026-08-29 22:09:24 - INFO - [ThreadPoolExecutor-0_2] - [ThreadPoolExecutor-0_2] Scraping product details: https://www.amazon.com/adidas-Mens-Response-Running-Sneaker/dp/B0F4WY29V3/ref=sr_1_28?dib=eyJ2IjoiMS...
2026-08-29 22:09:24 - INFO - [ThreadPoolExecutor-0_1] - [ThreadPoolExecutor-0_1] [21/30] 96NORTH Luxury Vanilla Soy Candles | Lar...
2026-08-29 22:09:24 - INFO - [ThreadPoolExecutor-0_1] - [ThreadPoolExecutor-0_1] Scraping product details: https://www.amazon.com/96NORTH-Vanilla-Aesthetic-Birthday-Aromatherapy/dp/B08R5Z9LXX/ref=sr_1_21?dib...
2026-08-29 22:09:24 - INFO - [ThreadPoolExecutor-0_0] - [ThreadPoolExecutor-0_0] Scraping reviews...
2026-08-29 22:09:31 - INFO - [ThreadPoolExecutor-0_2] - [ThreadPoolExecutor-0_2] Scraping reviews...
2026-08-29 22:09:34 - INFO - [ThreadPoolExecutor-0_1] - [ThreadPoolExecutor-0_1] Scraping reviews...
2026-08-29 22:09:36 - INFO - [ThreadPoolExecutor-0_0] - [ThreadPoolExecutor-0_0] Found 12 reviews
2026-08-29 22:09:36 - INFO - [ThreadPoolExecutor-0_0] - [ThreadPoolExecutor-0_0] Scraped 12 reviews
2026-08-29 22:09:41 - INFO - [ThreadPoolExecutor-0_0] - [ThreadPoolExecutor-0_0] [13/30] Costa Del Mar Sunglasses for Men - Black...
2026-08-29 22:09:41 - INFO - [ThreadPoolExecutor-0_0] - [ThreadPoolExecutor-0_0] Scraping product details: https://www.amazon.com/Costa-Del-Mar-Sunglasses-580Plastic/dp/B003XGG0IE/ref=sr_1_13?dib=eyJ2IjoiMSJ...
2026-08-29 22:09:43 - INFO - [ThreadPoolExecutor-0_2] - [ThreadPoolExecutor-0_2] Found 8 reviews
2026-08-29 22:09:43 - INFO - [ThreadPoolExecutor-0_2] - [ThreadPoolExecutor-0_2] Scraped 8 reviews
2026-08-29 22:09:44 - INFO - [ThreadPoolExecutor-0_1] - [ThreadPoolExecutor-0_1] Found 13 reviews
2026-08-29 22:09:44 - INFO - [ThreadPoolExecutor-0_1] - [ThreadPoolExecutor-0_1] Scraped 13 reviews
2026-08-29 22:09:46 - INFO - [ThreadPoolExecutor-0_2] - [ThreadPoolExecutor-0_2] [29/30] Skechers Women's Arch Fit Arcade Arcata ...
2026-08-29 22:09:46 - INFO - [ThreadPoolExecutor-0_2] - [ThreadPoolExecutor-0_2] Scraping product details: https://www.amazon.com/Skechers-Womens-Arcade-FIT-Arcata-Sneaker/dp/B0CGT6ZRGJ/ref=sr_1_29?dib=eyJ2I...
2026-08-29 22:09:48 - INFO - [ThreadPoolExecutor-0_1] - [ThreadPoolExecutor-0_1] [22/30] Yankee Candle Balsam & Cedar, Holiday Sc...
2026-08-29 22:09:48 - INFO - [ThreadPoolExecutor-0_1] - [ThreadPoolExecutor-0_1] Scraping product details: https://www.amazon.com/Yankee-Candle-Scented-Consistent-Fragrance/dp/B0F3DPXQP1/ref=sr_1_22?dib=eyJ2...
2026-08-29 22:09:49 - INFO - [ThreadPoolExecutor-0_0] - [ThreadPoolExecutor-0_0] Scraping reviews...
2026-08-29 22:09:55 - INFO - [ThreadPoolExecutor-0_2] - [ThreadPoolExecutor-0_2] Scraping reviews...
2026-08-29 22:09:58 - INFO - [ThreadPoolExecutor-0_1] - [ThreadPoolExecutor-0_1] Scraping reviews...
2026-08-29 22:10:01 - INFO - [ThreadPoolExecutor-0_0] - [ThreadPoolExecutor-0_0] Found 12 reviews
2026-08-29 22:10:01 - INFO - [ThreadPoolExecutor-0_0] - [ThreadPoolExecutor-0_0] Scraped 12 reviews
2026-08-29 22:10:05 - INFO - [ThreadPoolExecutor-0_0] - [ThreadPoolExecutor-0_0] [14/30] Ray-Ban RB3016 Clubmaster Classic Square...
2026-08-29 22:10:05 - INFO - [ThreadPoolExecutor-0_0] - [ThreadPoolExecutor-0_0] Scraping product details: https://www.amazon.com/Ray-Ban-Clubmaster-Polarized-Aviator-Sunglasses/dp/B009OGG8FW/ref=sr_1_14?dib...
2026-08-29 22:10:07 - INFO - [ThreadPoolExecutor-0_2] - [ThreadPoolExecutor-0_2] Found 13 reviews
2026-08-29 22:10:07 - INFO - [ThreadPoolExecutor-0_1] - [ThreadPoolExecutor-0_1] Found 13 reviews
2026-08-29 22:10:07 - INFO - [ThreadPoolExecutor-0_2] - [ThreadPoolExecutor-0_2] Scraped 13 reviews
2026-08-29 22:10:07 - INFO - [ThreadPoolExecutor-0_1] - [ThreadPoolExecutor-0_1] Scraped 13 reviews
2026-08-29 22:10:10 - INFO - [ThreadPoolExecutor-0_1] - [ThreadPoolExecutor-0_1] [23/30] Bath & Body Works 3-Wick Candle, Champag...
2026-08-29 22:10:10 - INFO - [ThreadPoolExecutor-0_1] - [ThreadPoolExecutor-0_1] Scraping product details: https://www.amazon.com/Bath-Body-Works-Champagne-scented/dp/B098F5CC4N/ref=sr_1_23?dib=eyJ2IjoiMSJ9....
2026-08-29 22:10:12 - INFO - [ThreadPoolExecutor-0_2] - [ThreadPoolExecutor-0_2] [30/30] Sam Edelman Women's Talia Sneakers | Cas...
2026-08-29 22:10:12 - INFO - [ThreadPoolExecutor-0_2] - [ThreadPoolExecutor-0_2] Scraping product details: https://www.amazon.com/Sam-Edelman-Womens-Sneaker-Midnight/dp/B0CTJ4P8CH/ref=sr_1_30?dib=eyJ2IjoiMSJ...
2026-08-29 22:10:14 - INFO - [ThreadPoolExecutor-0_0] - [ThreadPoolExecutor-0_0] Scraping reviews...
2026-08-29 22:10:18 - INFO - [ThreadPoolExecutor-0_1] - [ThreadPoolExecutor-0_1] Scraping reviews...
2026-08-29 22:10:20 - INFO - [ThreadPoolExecutor-0_2] - [ThreadPoolExecutor-0_2] Scraping reviews...
2026-08-29 22:10:25 - INFO - [ThreadPoolExecutor-0_0] - [ThreadPoolExecutor-0_0] Found 13 reviews
2026-08-29 22:10:26 - INFO - [ThreadPoolExecutor-0_0] - [ThreadPoolExecutor-0_0] Scraped 13 reviews
2026-08-29 22:10:27 - INFO - [ThreadPoolExecutor-0_1] - [ThreadPoolExecutor-0_1] Found 11 reviews
2026-08-29 22:10:27 - INFO - [ThreadPoolExecutor-0_1] - [ThreadPoolExecutor-0_1] Scraped 11 reviews
2026-08-29 22:10:30 - INFO - [ThreadPoolExecutor-0_0] - [ThreadPoolExecutor-0_0] [15/30] Oakley Sunglasses for Men - OO4142 Eject...
2026-08-29 22:10:30 - INFO - [ThreadPoolExecutor-0_0] - [ThreadPoolExecutor-0_0] Scraping product details: https://www.amazon.com/Oakley-OO4142-Rectangular-Sunglasses-Polarized/dp/B08937RF9V/ref=sr_1_15?dib=...
2026-08-29 22:10:31 - INFO - [ThreadPoolExecutor-0_2] - [ThreadPoolExecutor-0_2] Found 13 reviews
2026-08-29 22:10:32 - INFO - [ThreadPoolExecutor-0_2] - [ThreadPoolExecutor-0_2] Scraped 13 reviews
2026-08-29 22:10:32 - INFO - [ThreadPoolExecutor-0_2] - [ThreadPoolExecutor-0_2] Completed 'sneakers': 30 products, 375 reviews
2026-08-29 22:10:32 - INFO - [ThreadPoolExecutor-0_2] - ✓ sneakers: 30 products, 375 reviews
2026-08-29 22:10:32 - INFO - [ThreadPoolExecutor-0_1] - [ThreadPoolExecutor-0_1] [24/30] Yankee Candle Autumn Leaves, Holiday Sce...
2026-08-29 22:10:32 - INFO - [ThreadPoolExecutor-0_1] - [ThreadPoolExecutor-0_1] Scraping product details: https://www.amazon.com/Yankee-Candle-Scented-Consistent-Fragrance/dp/B0F3DQ4Z9J/ref=sr_1_24?dib=eyJ2...
2026-08-29 22:10:33 - INFO - [ThreadPoolExecutor-0_2] - [ThreadPoolExecutor-0_2] WebDriver closed
2026-08-29 22:10:33 - INFO - [ThreadPoolExecutor-0_2] - [ThreadPoolExecutor-0_2] [27/28] Processing: phone stand
2026-08-29 22:10:33 - INFO - [ThreadPoolExecutor-0_2] - [ThreadPoolExecutor-0_2] Creating Chrome driver...
2026-08-29 22:10:35 - INFO - [ThreadPoolExecutor-0_2] - [ThreadPoolExecutor-0_2] Chrome driver created successfully
2026-08-29 22:10:35 - INFO - [ThreadPoolExecutor-0_2] - Created new driver for thread: ThreadPoolExecutor-0_2
2026-08-29 22:10:35 - INFO - [ThreadPoolExecutor-0_2] - [ThreadPoolExecutor-0_2] Searching: https://www.amazon.com/s?k=phone+stand
2026-08-29 22:10:38 - INFO - [ThreadPoolExecutor-0_0] - [ThreadPoolExecutor-0_0] Scraping reviews...
2026-08-29 22:10:39 - INFO - [ThreadPoolExecutor-0_1] - [ThreadPoolExecutor-0_1] Scraping reviews...
2026-08-29 22:10:42 - INFO - [ThreadPoolExecutor-0_2] - Found 16 products in search results
2026-08-29 22:10:42 - INFO - [ThreadPoolExecutor-0_2] - [ThreadPoolExecutor-0_2] Found 16 products for: phone stand
2026-08-29 22:10:42 - INFO - [ThreadPoolExecutor-0_2] - [ThreadPoolExecutor-0_2] [1/16] Nulaxy Full Aluminum Dual Folding Cell P...
2026-08-29 22:10:42 - INFO - [ThreadPoolExecutor-0_2] - [ThreadPoolExecutor-0_2] Scraping product details: https://www.amazon.com/Nulaxy-Foldable-Compatible-Nintendo-Readers/dp/B07F8S18D5/ref=sr_1_1?dib=eyJ2...
2026-08-29 22:10:49 - INFO - [ThreadPoolExecutor-0_1] - [ThreadPoolExecutor-0_1] Found 9 reviews
2026-08-29 22:10:49 - INFO - [ThreadPoolExecutor-0_1] - [ThreadPoolExecutor-0_1] Scraped 9 reviews
2026-08-29 22:10:50 - INFO - [ThreadPoolExecutor-0_0] - [ThreadPoolExecutor-0_0] Found 13 reviews
2026-08-29 22:10:50 - INFO - [ThreadPoolExecutor-0_0] - [ThreadPoolExecutor-0_0] Scraped 13 reviews
2026-08-29 22:10:51 - INFO - [ThreadPoolExecutor-0_2] - [ThreadPoolExecutor-0_2] Scraping reviews...
2026-08-29 22:10:52 - INFO - [ThreadPoolExecutor-0_1] - [ThreadPoolExecutor-0_1] [25/30] Chloefu LAN Hotel Scented Candle Natural...
2026-08-29 22:10:52 - INFO - [ThreadPoolExecutor-0_1] - [ThreadPoolExecutor-0_1] Scraping product details: https://www.amazon.com/Chloefu-LAN-Scented-Natural-Essential/dp/B0CW5WZHLZ/ref=sr_1_25?dib=eyJ2IjoiM...
2026-08-29 22:10:54 - INFO - [ThreadPoolExecutor-0_0] - [ThreadPoolExecutor-0_0] [16/30] KALIYADI Womens-Sunglasses Polarized Sun...
2026-08-29 22:10:54 - INFO - [ThreadPoolExecutor-0_0] - [ThreadPoolExecutor-0_0] Scraping product details: https://www.amazon.com/KALIYADI-Womens-Sunglasses-Polarized-Sunglasses-Womens-Trendy/dp/B0D2X2KP7Q/r...
2026-08-29 22:11:00 - INFO - [ThreadPoolExecutor-0_1] - [ThreadPoolExecutor-0_1] Scraping reviews...
2026-08-29 22:11:02 - INFO - [ThreadPoolExecutor-0_0] - [ThreadPoolExecutor-0_0] Scraping reviews...
2026-08-29 22:11:04 - INFO - [ThreadPoolExecutor-0_2] - [ThreadPoolExecutor-0_2] Found 13 reviews
2026-08-29 22:11:04 - INFO - [ThreadPoolExecutor-0_2] - [ThreadPoolExecutor-0_2] Scraped 13 reviews
2026-08-29 22:11:06 - INFO - [ThreadPoolExecutor-0_2] - [ThreadPoolExecutor-0_2] [2/16] OMOTON C2 Adjustable Aluminum Cell Phone...
2026-08-29 22:11:06 - INFO - [ThreadPoolExecutor-0_2] - [ThreadPoolExecutor-0_2] Scraping product details: https://www.amazon.com/Adjustable-OMOTON-Cellphone-Anti-Slip-Convenient/dp/B0744DM3Y3/ref=sr_1_2?dib...
2026-08-29 22:11:14 - INFO - [ThreadPoolExecutor-0_0] - [ThreadPoolExecutor-0_0] Found 13 reviews
2026-08-29 22:11:14 - INFO - [ThreadPoolExecutor-0_0] - [ThreadPoolExecutor-0_0] Scraped 13 reviews
2026-08-29 22:11:18 - INFO - [ThreadPoolExecutor-0_2] - [ThreadPoolExecutor-0_2] Scraping reviews...
2026-08-29 22:11:19 - INFO - [ThreadPoolExecutor-0_0] - [ThreadPoolExecutor-0_0] [17/30] Polarized Sports Sunglasses for Men Wome...
2026-08-29 22:11:19 - INFO - [ThreadPoolExecutor-0_0] - [ThreadPoolExecutor-0_0] Scraping product details: https://www.amazon.com/QALLY-Polarized-Sunglasses-Protection-Glasses/dp/B0F28L2J8G/ref=sr_1_17?dib=e...
2026-08-29 22:11:27 - INFO - [ThreadPoolExecutor-0_0] - [ThreadPoolExecutor-0_0] Scraping reviews...
2026-08-29 22:11:30 - INFO - [ThreadPoolExecutor-0_2] - [ThreadPoolExecutor-0_2] Found 13 reviews
2026-08-29 22:11:30 - INFO - [ThreadPoolExecutor-0_2] - [ThreadPoolExecutor-0_2] Scraped 13 reviews
2026-08-29 22:11:34 - INFO - [ThreadPoolExecutor-0_2] - [ThreadPoolExecutor-0_2] [3/16] Lamicall Cell Phone Stand for Desk, Heig...
2026-08-29 22:11:34 - INFO - [ThreadPoolExecutor-0_2] - [ThreadPoolExecutor-0_2] Scraping product details: https://www.amazon.com/Lamicall-Foldable-Phone-Stand-Desk/dp/B09MCKK9NX/ref=sr_1_3?dib=eyJ2IjoiMSJ9....
2026-08-29 22:11:36 - INFO - [ThreadPoolExecutor-0_0] - [ThreadPoolExecutor-0_0] Found 13 reviews
2026-08-29 22:11:36 - INFO - [ThreadPoolExecutor-0_0] - [ThreadPoolExecutor-0_0] Scraped 13 reviews
2026-08-29 22:11:40 - INFO - [ThreadPoolExecutor-0_0] - [ThreadPoolExecutor-0_0] [18/30] Sunglasses-women Polarized Sunglasses-wo...
2026-08-29 22:11:40 - INFO - [ThreadPoolExecutor-0_0] - [ThreadPoolExecutor-0_0] Scraping product details: https://www.amazon.com/OUKEMAX-Sunglasses-women-Polarized-Sunglasses-womens-Protection/dp/B0F5GQQKG7...
2026-08-29 22:11:44 - INFO - [ThreadPoolExecutor-0_2] - [ThreadPoolExecutor-0_2] Scraping reviews...
2026-08-29 22:11:48 - WARNING - [ThreadPoolExecutor-0_1] - [ThreadPoolExecutor-0_1] No reviews found
2026-08-29 22:11:49 - INFO - [ThreadPoolExecutor-0_0] - [ThreadPoolExecutor-0_0] Scraping reviews...
2026-08-29 22:11:51 - INFO - [ThreadPoolExecutor-0_1] - [ThreadPoolExecutor-0_1] [26/30] Craftique Gifts for Women, Birthday Gift...
2026-08-29 22:11:51 - INFO - [ThreadPoolExecutor-0_1] - [ThreadPoolExecutor-0_1] Scraping product details: https://www.amazon.com/Craftique-Friendship-Inspirational-Girlfriend-Appreciation/dp/B0DYMW78WD/ref=...
2026-08-29 22:11:54 - INFO - [ThreadPoolExecutor-0_2] - [ThreadPoolExecutor-0_2] Found 13 reviews
2026-08-29 22:11:54 - INFO - [ThreadPoolExecutor-0_2] - [ThreadPoolExecutor-0_2] Scraped 13 reviews
2026-08-29 22:11:57 - INFO - [ThreadPoolExecutor-0_2] - [ThreadPoolExecutor-0_2] [4/16] 71” Phone Tripod & Selfie Stick, Portabl...
2026-08-29 22:11:57 - INFO - [ThreadPoolExecutor-0_2] - [ThreadPoolExecutor-0_2] Scraping product details: https://www.amazon.com/RISEOFLE-Portable-Extendable-Wireless-Control/dp/B0DXFFY4YV/ref=sr_1_4?dib=ey...
2026-08-29 22:11:58 - INFO - [ThreadPoolExecutor-0_0] - [ThreadPoolExecutor-0_0] Found 13 reviews
2026-08-29 22:11:58 - INFO - [ThreadPoolExecutor-0_0] - [ThreadPoolExecutor-0_0] Scraped 13 reviews
2026-08-29 22:12:00 - INFO - [ThreadPoolExecutor-0_1] - [ThreadPoolExecutor-0_1] Scraping reviews...
2026-08-29 22:12:03 - INFO - [ThreadPoolExecutor-0_0] - [ThreadPoolExecutor-0_0] [19/30] Polarized Round Sunglasses for Women Men...
2026-08-29 22:12:03 - INFO - [ThreadPoolExecutor-0_0] - [ThreadPoolExecutor-0_0] Scraping product details: https://www.amazon.com/Vcarsian-Polarized-Round-Sunglasses-Women/dp/B0FWJFFRJH/ref=sr_1_19?dib=eyJ2I...
2026-08-29 22:12:05 - INFO - [ThreadPoolExecutor-0_2] - [ThreadPoolExecutor-0_2] Scraping reviews...
2026-08-29 22:12:11 - INFO - [ThreadPoolExecutor-0_1] - [ThreadPoolExecutor-0_1] Found 8 reviews
2026-08-29 22:12:11 - INFO - [ThreadPoolExecutor-0_1] - [ThreadPoolExecutor-0_1] Scraped 8 reviews
2026-08-29 22:12:12 - INFO - [ThreadPoolExecutor-0_0] - [ThreadPoolExecutor-0_0] Scraping reviews...
2026-08-29 22:12:14 - INFO - [ThreadPoolExecutor-0_2] - [ThreadPoolExecutor-0_2] Found 13 reviews
2026-08-29 22:12:14 - INFO - [ThreadPoolExecutor-0_2] - [ThreadPoolExecutor-0_2] Scraped 13 reviews
2026-08-29 22:12:15 - INFO - [ThreadPoolExecutor-0_1] - [ThreadPoolExecutor-0_1] [27/30] Chesapeake Bay Candle Scented Candle Ser...
2026-08-29 22:12:15 - INFO - [ThreadPoolExecutor-0_1] - [ThreadPoolExecutor-0_1] Scraping product details: https://www.amazon.com/Chesapeake-Bay-Candle-Serenity-Lavender/dp/B07GH691SM/ref=sr_1_27?dib=eyJ2Ijo...
2026-08-29 22:12:17 - INFO - [ThreadPoolExecutor-0_2] - [ThreadPoolExecutor-0_2] [5/16] LISEN Cell Phone Stand Phone Holder for ...
2026-08-29 22:12:17 - INFO - [ThreadPoolExecutor-0_2] - [ThreadPoolExecutor-0_2] Scraping product details: https://www.amazon.com/Height-Adjustable-LISEN-Aluminum-Compatible/dp/B07Z82895W/ref=sr_1_5?dib=eyJ2...
2026-08-29 22:12:22 - INFO - [ThreadPoolExecutor-0_0] - [ThreadPoolExecutor-0_0] Found 13 reviews
2026-08-29 22:12:22 - INFO - [ThreadPoolExecutor-0_0] - [ThreadPoolExecutor-0_0] Scraped 13 reviews
2026-08-29 22:12:23 - INFO - [ThreadPoolExecutor-0_1] - [ThreadPoolExecutor-0_1] Scraping reviews...
2026-08-29 22:12:25 - INFO - [ThreadPoolExecutor-0_2] - [ThreadPoolExecutor-0_2] Scraping reviews...
2026-08-29 22:12:27 - INFO - [ThreadPoolExecutor-0_0] - [ThreadPoolExecutor-0_0] [20/30] JULI Sports Sunglasses for Men Women Tr9...
2026-08-29 22:12:27 - INFO - [ThreadPoolExecutor-0_0] - [ThreadPoolExecutor-0_0] Scraping product details: https://www.amazon.com/JULI-Polarized-Sunglasses-Rimless-Running/dp/B09TQLWNL1/ref=sr_1_20?dib=eyJ2I...
2026-08-29 22:12:34 - INFO - [ThreadPoolExecutor-0_1] - [ThreadPoolExecutor-0_1] Found 13 reviews
2026-08-29 22:12:34 - INFO - [ThreadPoolExecutor-0_1] - [ThreadPoolExecutor-0_1] Scraped 13 reviews
2026-08-29 22:12:35 - INFO - [ThreadPoolExecutor-0_2] - [ThreadPoolExecutor-0_2] Found 13 reviews
2026-08-29 22:12:35 - INFO - [ThreadPoolExecutor-0_2] - [ThreadPoolExecutor-0_2] Scraped 13 reviews
2026-08-29 22:12:36 - INFO - [ThreadPoolExecutor-0_1] - [ThreadPoolExecutor-0_1] [28/30] Village Candle Spiced Pumpkin Large Apot...
2026-08-29 22:12:36 - INFO - [ThreadPoolExecutor-0_1] - [ThreadPoolExecutor-0_1] Scraping product details: https://www.amazon.com/Village-Candle-Spiced-Pumpkin-Scented/dp/B002YX0GAA/ref=sr_1_28?dib=eyJ2IjoiM...
2026-08-29 22:12:37 - INFO - [ThreadPoolExecutor-0_0] - [ThreadPoolExecutor-0_0] Scraping reviews...
2026-08-29 22:12:39 - INFO - [ThreadPoolExecutor-0_2] - [ThreadPoolExecutor-0_2] [6/16] OCYCLONE Phone Stand for Desk, Foldable ...
2026-08-29 22:12:39 - INFO - [ThreadPoolExecutor-0_2] - [ThreadPoolExecutor-0_2] Scraping product details: https://www.amazon.com/OCYCLONE-Height-Adjustable-Foldable-Compatible/dp/B08DTZM7LM/ref=sr_1_6?dib=e...
2026-08-29 22:12:47 - INFO - [ThreadPoolExecutor-0_2] - [ThreadPoolExecutor-0_2] Scraping reviews...
2026-08-29 22:12:47 - INFO - [ThreadPoolExecutor-0_1] - [ThreadPoolExecutor-0_1] Scraping reviews...
2026-08-29 22:12:47 - INFO - [ThreadPoolExecutor-0_0] - [ThreadPoolExecutor-0_0] Found 13 reviews
2026-08-29 22:12:47 - INFO - [ThreadPoolExecutor-0_0] - [ThreadPoolExecutor-0_0] Scraped 13 reviews
2026-08-29 22:12:50 - INFO - [ThreadPoolExecutor-0_0] - [ThreadPoolExecutor-0_0] [21/30] Sunglasses-Womens Polarized Sunglasses f...
2026-08-29 22:12:50 - INFO - [ThreadPoolExecutor-0_0] - [ThreadPoolExecutor-0_0] Scraping product details: https://www.amazon.com/Foliful-Sunglasses-Womens-Polarized-Sunglasses-Protection/dp/B0GVN98BP7/ref=s...
2026-08-29 22:12:58 - INFO - [ThreadPoolExecutor-0_2] - [ThreadPoolExecutor-0_2] Found 13 reviews
2026-08-29 22:12:58 - INFO - [ThreadPoolExecutor-0_2] - [ThreadPoolExecutor-0_2] Scraped 13 reviews
2026-08-29 22:12:59 - INFO - [ThreadPoolExecutor-0_1] - [ThreadPoolExecutor-0_1] Found 13 reviews
2026-08-29 22:12:59 - INFO - [ThreadPoolExecutor-0_1] - [ThreadPoolExecutor-0_1] Scraped 13 reviews
2026-08-29 22:12:59 - INFO - [ThreadPoolExecutor-0_0] - [ThreadPoolExecutor-0_0] Scraping reviews...
2026-08-29 22:13:00 - INFO - [ThreadPoolExecutor-0_2] - [ThreadPoolExecutor-0_2] [7/16] VIMOSE 66" Phone Tripod, Tripod for iPho...
2026-08-29 22:13:00 - INFO - [ThreadPoolExecutor-0_2] - [ThreadPoolExecutor-0_2] Scraping product details: https://www.amazon.com/VIMOSE-Phone-Tripod-iPhone-Remote/dp/B0FB349R8G/ref=sr_1_7?dib=eyJ2IjoiMSJ9.k...
2026-08-29 22:13:04 - INFO - [ThreadPoolExecutor-0_1] - [ThreadPoolExecutor-0_1] [29/30] Yankee Candle Sparkling Cinnamon Scented...
2026-08-29 22:13:04 - INFO - [ThreadPoolExecutor-0_1] - [ThreadPoolExecutor-0_1] Scraping product details: https://www.amazon.com/Yankee-Candle-Large-Sparkling-Cinnamon/dp/B001L2MD2E/ref=sr_1_29?dib=eyJ2Ijoi...
2026-08-29 22:13:10 - INFO - [ThreadPoolExecutor-0_0] - [ThreadPoolExecutor-0_0] Found 8 reviews
2026-08-29 22:13:10 - INFO - [ThreadPoolExecutor-0_0] - [ThreadPoolExecutor-0_0] Scraped 8 reviews
2026-08-29 22:13:11 - INFO - [ThreadPoolExecutor-0_1] - [ThreadPoolExecutor-0_1] Scraping reviews...
2026-08-29 22:13:12 - INFO - [ThreadPoolExecutor-0_2] - [ThreadPoolExecutor-0_2] Scraping reviews...
2026-08-29 22:13:14 - INFO - [ThreadPoolExecutor-0_0] - [ThreadPoolExecutor-0_0] [22/30] Sunglasses-Men Polarized Mens Sunglasses...
2026-08-29 22:13:14 - INFO - [ThreadPoolExecutor-0_0] - [ThreadPoolExecutor-0_0] Scraping product details: https://www.amazon.com/CIFOYA-Sunglasses-Men-Polarized-Mens-Sunglasses/dp/B0F9L7N1FY/ref=sr_1_22?dib...
2026-08-29 22:13:21 - INFO - [ThreadPoolExecutor-0_1] - [ThreadPoolExecutor-0_1] Found 13 reviews
2026-08-29 22:13:21 - INFO - [ThreadPoolExecutor-0_1] - [ThreadPoolExecutor-0_1] Scraped 13 reviews
2026-08-29 22:13:21 - INFO - [ThreadPoolExecutor-0_0] - [ThreadPoolExecutor-0_0] Scraping reviews...
2026-08-29 22:13:23 - INFO - [ThreadPoolExecutor-0_1] - [ThreadPoolExecutor-0_1] [30/30] BOLSIUS 12 White Pillar Candles - 2.7 x ...
2026-08-29 22:13:23 - INFO - [ThreadPoolExecutor-0_1] - [ThreadPoolExecutor-0_1] Scraping product details: https://www.amazon.com/BOLSIUS-Wedding-Pillar-Candles-White/dp/B071NNRZTG/ref=sr_1_30?dib=eyJ2IjoiMS...
2026-08-29 22:13:24 - INFO - [ThreadPoolExecutor-0_2] - [ThreadPoolExecutor-0_2] Found 13 reviews
2026-08-29 22:13:24 - INFO - [ThreadPoolExecutor-0_2] - [ThreadPoolExecutor-0_2] Scraped 13 reviews
2026-08-29 22:13:28 - INFO - [ThreadPoolExecutor-0_2] - [ThreadPoolExecutor-0_2] [8/16] Nulaxy 2 Pack Aluminum Dual Folding Cell...
2026-08-29 22:13:28 - INFO - [ThreadPoolExecutor-0_2] - [ThreadPoolExecutor-0_2] Scraping product details: https://www.amazon.com/Nulaxy-Folding-Adjustable-Foldable-Compatible/dp/B0BRN58CXR/ref=sr_1_8?dib=ey...
2026-08-29 22:13:31 - INFO - [ThreadPoolExecutor-0_1] - [ThreadPoolExecutor-0_1] Scraping reviews...
2026-08-29 22:13:32 - INFO - [ThreadPoolExecutor-0_0] - [ThreadPoolExecutor-0_0] Found 13 reviews
2026-08-29 22:13:32 - INFO - [ThreadPoolExecutor-0_0] - [ThreadPoolExecutor-0_0] Scraped 13 reviews
2026-08-29 22:13:34 - INFO - [ThreadPoolExecutor-0_0] - [ThreadPoolExecutor-0_0] [23/30] Retro Rectangle Sunglasses for Women Men...
2026-08-29 22:13:34 - INFO - [ThreadPoolExecutor-0_0] - [ThreadPoolExecutor-0_0] Scraping product details: https://www.amazon.com/Colrea-Rectangle-Sunglasses-Vintage-Protection/dp/B0FD8M1ZVY/ref=sr_1_23?dib=...
2026-08-29 22:13:37 - INFO - [ThreadPoolExecutor-0_2] - [ThreadPoolExecutor-0_2] Scraping reviews...
2026-08-29 22:13:41 - INFO - [ThreadPoolExecutor-0_0] - [ThreadPoolExecutor-0_0] Scraping reviews...
2026-08-29 22:13:41 - INFO - [ThreadPoolExecutor-0_1] - [ThreadPoolExecutor-0_1] Found 13 reviews
2026-08-29 22:13:41 - INFO - [ThreadPoolExecutor-0_1] - [ThreadPoolExecutor-0_1] Scraped 13 reviews
2026-08-29 22:13:41 - INFO - [ThreadPoolExecutor-0_1] - [ThreadPoolExecutor-0_1] Completed 'candle': 30 products, 343 reviews
2026-08-29 22:13:41 - INFO - [ThreadPoolExecutor-0_1] - ✓ candle: 30 products, 343 reviews
2026-08-29 22:13:42 - INFO - [ThreadPoolExecutor-0_1] - [ThreadPoolExecutor-0_1] WebDriver closed
2026-08-29 22:13:42 - INFO - [ThreadPoolExecutor-0_1] - [ThreadPoolExecutor-0_1] [28/28] Processing: yamaha accoustic guitar
2026-08-29 22:13:42 - INFO - [ThreadPoolExecutor-0_1] - [ThreadPoolExecutor-0_1] Creating Chrome driver...
2026-08-29 22:13:44 - INFO - [ThreadPoolExecutor-0_1] - [ThreadPoolExecutor-0_1] Chrome driver created successfully
2026-08-29 22:13:44 - INFO - [ThreadPoolExecutor-0_1] - Created new driver for thread: ThreadPoolExecutor-0_1
2026-08-29 22:13:44 - INFO - [ThreadPoolExecutor-0_1] - [ThreadPoolExecutor-0_1] Searching: https://www.amazon.com/s?k=yamaha+accoustic+guitar
2026-08-29 22:13:49 - INFO - [ThreadPoolExecutor-0_2] - [ThreadPoolExecutor-0_2] Found 13 reviews
2026-08-29 22:13:49 - INFO - [ThreadPoolExecutor-0_2] - [ThreadPoolExecutor-0_2] Scraped 13 reviews
2026-08-29 22:13:52 - INFO - [ThreadPoolExecutor-0_0] - [ThreadPoolExecutor-0_0] Found 8 reviews
2026-08-29 22:13:52 - INFO - [ThreadPoolExecutor-0_0] - [ThreadPoolExecutor-0_0] Scraped 8 reviews
2026-08-29 22:13:53 - INFO - [ThreadPoolExecutor-0_2] - [ThreadPoolExecutor-0_2] [9/16] SENSYNE 62" Phone Tripod, Extendable Sel...
2026-08-29 22:13:53 - INFO - [ThreadPoolExecutor-0_2] - [ThreadPoolExecutor-0_2] Scraping product details: https://www.amazon.com/Sensyne-Extendable-Wireless-Compatible-Android/dp/B09TQY66NH/ref=sr_1_9?dib=e...
2026-08-29 22:13:55 - INFO - [ThreadPoolExecutor-0_0] - [ThreadPoolExecutor-0_0] [24/30] Polarized Sports Wrap Around Sunglasses ...
2026-08-29 22:13:55 - INFO - [ThreadPoolExecutor-0_0] - [ThreadPoolExecutor-0_0] Scraping product details: https://www.amazon.com/Foliful-Polarized-Sunglasses-Protection-Cycling/dp/B0D97BWLZ4/ref=sr_1_24?dib...
2026-08-29 22:13:56 - INFO - [ThreadPoolExecutor-0_1] - Found 48 products in search results
2026-08-29 22:13:56 - INFO - [ThreadPoolExecutor-0_1] - [ThreadPoolExecutor-0_1] Found 30 products for: yamaha accoustic guitar
2026-08-29 22:13:56 - INFO - [ThreadPoolExecutor-0_1] - [ThreadPoolExecutor-0_1] [1/30] Yamaha...
2026-08-29 22:13:56 - INFO - [ThreadPoolExecutor-0_1] - [ThreadPoolExecutor-0_1] Scraping product details: https://www.amazon.com/Yamaha-JR1-Junior-Acoustic-Guitar/dp/B00009J580/ref=sr_1_1?dib=eyJ2IjoiMSJ9.p...
2026-08-29 22:14:02 - INFO - [ThreadPoolExecutor-0_1] - [ThreadPoolExecutor-0_1] Scraping reviews...
2026-08-29 22:14:03 - INFO - [ThreadPoolExecutor-0_2] - [ThreadPoolExecutor-0_2] Scraping reviews...
2026-08-29 22:14:03 - INFO - [ThreadPoolExecutor-0_0] - [ThreadPoolExecutor-0_0] Scraping reviews...
2026-08-29 22:14:13 - INFO - [ThreadPoolExecutor-0_0] - [ThreadPoolExecutor-0_0] Found 11 reviews
2026-08-29 22:14:13 - INFO - [ThreadPoolExecutor-0_0] - [ThreadPoolExecutor-0_0] Scraped 11 reviews
2026-08-29 22:14:15 - INFO - [ThreadPoolExecutor-0_1] - [ThreadPoolExecutor-0_1] Found 13 reviews
2026-08-29 22:14:15 - INFO - [ThreadPoolExecutor-0_1] - [ThreadPoolExecutor-0_1] Scraped 13 reviews
2026-08-29 22:14:16 - INFO - [ThreadPoolExecutor-0_2] - [ThreadPoolExecutor-0_2] Found 13 reviews
2026-08-29 22:14:16 - INFO - [ThreadPoolExecutor-0_2] - [ThreadPoolExecutor-0_2] Scraped 13 reviews
2026-08-29 22:14:16 - INFO - [ThreadPoolExecutor-0_0] - [ThreadPoolExecutor-0_0] [25/30] MERRY'S Rectangular Polarized Sports Sun...
2026-08-29 22:14:16 - INFO - [ThreadPoolExecutor-0_0] - [ThreadPoolExecutor-0_0] Scraping product details: https://www.amazon.com/MERRYS-Polarized-Sunglasses-Fashion-Protection/dp/B075B7788K/ref=sr_1_25?dib=...
2026-08-29 22:14:19 - INFO - [ThreadPoolExecutor-0_1] - [ThreadPoolExecutor-0_1] [2/30] Yamaha...
2026-08-29 22:14:19 - INFO - [ThreadPoolExecutor-0_1] - [ThreadPoolExecutor-0_1] Scraping product details: https://www.amazon.com/Yamaha-FSX830C-Cutaway-Acoustic-Electric-Natural/dp/B01DW6ACPG/ref=sr_1_2?dib...
2026-08-29 22:14:20 - INFO - [ThreadPoolExecutor-0_2] - [ThreadPoolExecutor-0_2] [10/16] Liphisy 64” Tripod for Cell Phone & Came...
2026-08-29 22:14:20 - INFO - [ThreadPoolExecutor-0_2] - [ThreadPoolExecutor-0_2] Scraping product details: https://www.amazon.com/Liphisy-Tripod-Portable-Recording-Cellphone/dp/B0CMM89Y6Z/ref=sr_1_10?dib=eyJ...
2026-08-29 22:14:28 - INFO - [ThreadPoolExecutor-0_1] - [ThreadPoolExecutor-0_1] Scraping reviews...
2026-08-29 22:14:29 - INFO - [ThreadPoolExecutor-0_2] - [ThreadPoolExecutor-0_2] Scraping reviews...
2026-08-29 22:14:30 - INFO - [ThreadPoolExecutor-0_0] - [ThreadPoolExecutor-0_0] Scraping reviews...
2026-08-29 22:14:38 - INFO - [ThreadPoolExecutor-0_1] - [ThreadPoolExecutor-0_1] Found 7 reviews
2026-08-29 22:14:38 - INFO - [ThreadPoolExecutor-0_1] - [ThreadPoolExecutor-0_1] Scraped 7 reviews
2026-08-29 22:14:40 - INFO - [ThreadPoolExecutor-0_2] - [ThreadPoolExecutor-0_2] Found 13 reviews
2026-08-29 22:14:40 - INFO - [ThreadPoolExecutor-0_2] - [ThreadPoolExecutor-0_2] Scraped 13 reviews
2026-08-29 22:14:41 - INFO - [ThreadPoolExecutor-0_0] - [ThreadPoolExecutor-0_0] Found 10 reviews
2026-08-29 22:14:41 - INFO - [ThreadPoolExecutor-0_0] - [ThreadPoolExecutor-0_0] Scraped 10 reviews
2026-08-29 22:14:41 - INFO - [ThreadPoolExecutor-0_1] - [ThreadPoolExecutor-0_1] [3/30] Yamaha...
2026-08-29 22:14:41 - INFO - [ThreadPoolExecutor-0_1] - [ThreadPoolExecutor-0_1] Scraping product details: https://www.amazon.com/Yamaha-GL1-Guitalele-Natural/dp/B000RVYMWE/ref=sr_1_3?dib=eyJ2IjoiMSJ9.pZ-Iea...
2026-08-29 22:14:43 - INFO - [ThreadPoolExecutor-0_2] - [ThreadPoolExecutor-0_2] [11/16] Lamicall Cell Phone Stand for Desk - [He...
2026-08-29 22:14:43 - INFO - [ThreadPoolExecutor-0_2] - [ThreadPoolExecutor-0_2] Scraping product details: https://www.amazon.com/Lamicall-Cell-Phone-Stand-Desk/dp/B0GFWHXF5R/ref=sr_1_11?dib=eyJ2IjoiMSJ9.kK7...
2026-08-29 22:14:46 - INFO - [ThreadPoolExecutor-0_0] - [ThreadPoolExecutor-0_0] [26/30] KALIYADI Polarized Sunglasses for Men an...
2026-08-29 22:14:46 - INFO - [ThreadPoolExecutor-0_0] - [ThreadPoolExecutor-0_0] Scraping product details: https://www.amazon.com/Polarized-Sunglasses-Finish-glasses-Blocking/dp/B07MP3JFVW/ref=sr_1_26?dib=ey...
2026-08-29 22:14:50 - INFO - [ThreadPoolExecutor-0_1] - [ThreadPoolExecutor-0_1] Scraping reviews...
2026-08-29 22:14:50 - INFO - [ThreadPoolExecutor-0_2] - [ThreadPoolExecutor-0_2] Scraping reviews...
2026-08-29 22:14:54 - INFO - [ThreadPoolExecutor-0_0] - [ThreadPoolExecutor-0_0] Scraping reviews...
2026-08-29 22:14:59 - INFO - [ThreadPoolExecutor-0_1] - [ThreadPoolExecutor-0_1] Found 13 reviews
2026-08-29 22:14:59 - INFO - [ThreadPoolExecutor-0_1] - [ThreadPoolExecutor-0_1] Scraped 13 reviews
2026-08-29 22:15:01 - INFO - [ThreadPoolExecutor-0_2] - [ThreadPoolExecutor-0_2] Found 13 reviews
2026-08-29 22:15:01 - INFO - [ThreadPoolExecutor-0_2] - [ThreadPoolExecutor-0_2] Scraped 13 reviews
2026-08-29 22:15:02 - INFO - [ThreadPoolExecutor-0_1] - [ThreadPoolExecutor-0_1] [4/30] Fender...
2026-08-29 22:15:02 - INFO - [ThreadPoolExecutor-0_1] - [ThreadPoolExecutor-0_1] Scraping product details: https://www.amazon.com/Fender-String-Acoustic-Guitar-Natural/dp/B0GFFTFYDB/ref=sr_1_4?dib=eyJ2IjoiMS...
2026-08-29 22:15:04 - INFO - [ThreadPoolExecutor-0_0] - [ThreadPoolExecutor-0_0] Found 13 reviews
2026-08-29 22:15:04 - INFO - [ThreadPoolExecutor-0_0] - [ThreadPoolExecutor-0_0] Scraped 13 reviews
2026-08-29 22:15:05 - INFO - [ThreadPoolExecutor-0_2] - [ThreadPoolExecutor-0_2] [12/16] Lamicall 360° Rotation Cell Phone Stand ...
2026-08-29 22:15:05 - INFO - [ThreadPoolExecutor-0_2] - [ThreadPoolExecutor-0_2] Scraping product details: https://www.amazon.com/Lamicall-Adjustable-Phone-Stand-Desk/dp/B0DP42G526/ref=sr_1_12?dib=eyJ2IjoiMS...
2026-08-29 22:15:08 - INFO - [ThreadPoolExecutor-0_0] - [ThreadPoolExecutor-0_0] [27/30] FEISEDY Retro Square Aviator Sunglasses ...
2026-08-29 22:15:08 - INFO - [ThreadPoolExecutor-0_0] - [ThreadPoolExecutor-0_0] Scraping product details: https://www.amazon.com/FEISEDY-Aviator-Sunglasses-Vintage-Plastic/dp/B0B3XKHTR1/ref=sr_1_27?dib=eyJ2...
2026-08-29 22:15:11 - INFO - [ThreadPoolExecutor-0_1] - [ThreadPoolExecutor-0_1] Scraping reviews...
2026-08-29 22:15:13 - INFO - [ThreadPoolExecutor-0_2] - [ThreadPoolExecutor-0_2] Scraping reviews...
2026-08-29 22:15:16 - INFO - [ThreadPoolExecutor-0_0] - [ThreadPoolExecutor-0_0] Scraping reviews...
2026-08-29 22:15:21 - INFO - [ThreadPoolExecutor-0_1] - [ThreadPoolExecutor-0_1] Found 8 reviews
2026-08-29 22:15:21 - INFO - [ThreadPoolExecutor-0_1] - [ThreadPoolExecutor-0_1] Scraped 8 reviews
2026-08-29 22:15:24 - INFO - [ThreadPoolExecutor-0_2] - [ThreadPoolExecutor-0_2] Found 13 reviews
2026-08-29 22:15:24 - INFO - [ThreadPoolExecutor-0_2] - [ThreadPoolExecutor-0_2] Scraped 13 reviews
2026-08-29 22:15:25 - INFO - [ThreadPoolExecutor-0_1] - [ThreadPoolExecutor-0_1] [5/30] Fender...
2026-08-29 22:15:25 - INFO - [ThreadPoolExecutor-0_1] - [ThreadPoolExecutor-0_1] Scraping product details: https://www.amazon.com/Fender-Acoustic-Beginner-Warranty-Perfect/dp/B0CSM2MJ55/ref=sr_1_5?dib=eyJ2Ij...
2026-08-29 22:15:27 - INFO - [ThreadPoolExecutor-0_2] - [ThreadPoolExecutor-0_2] [13/16] UGREEN Cell Phone Stand Holder for Desk ...
2026-08-29 22:15:27 - INFO - [ThreadPoolExecutor-0_2] - [ThreadPoolExecutor-0_2] Scraping product details: https://www.amazon.com/UGREEN-Compatible-Smartphone-Adjustable-Foldable/dp/B07BK5P5ST/ref=sr_1_13?di...
2026-08-29 22:15:28 - INFO - [ThreadPoolExecutor-0_0] - [ThreadPoolExecutor-0_0] Found 13 reviews
2026-08-29 22:15:28 - INFO - [ThreadPoolExecutor-0_0] - [ThreadPoolExecutor-0_0] Scraped 13 reviews
2026-08-29 22:15:30 - INFO - [ThreadPoolExecutor-0_0] - [ThreadPoolExecutor-0_0] [28/30] FAGUMA Polarized Sports Sunglasses For M...
2026-08-29 22:15:30 - INFO - [ThreadPoolExecutor-0_0] - [ThreadPoolExecutor-0_0] Scraping product details: https://www.amazon.com/FAGUMA-Polarized-Sunglasses-Cycling-Protection/dp/B07YSQMBZN/ref=sr_1_28?dib=...
2026-08-29 22:15:33 - INFO - [ThreadPoolExecutor-0_1] - [ThreadPoolExecutor-0_1] Scraping reviews...
2026-08-29 22:15:37 - INFO - [ThreadPoolExecutor-0_2] - [ThreadPoolExecutor-0_2] Scraping reviews...
2026-08-29 22:15:39 - INFO - [ThreadPoolExecutor-0_0] - [ThreadPoolExecutor-0_0] Scraping reviews...
2026-08-29 22:15:45 - INFO - [ThreadPoolExecutor-0_1] - [ThreadPoolExecutor-0_1] Found 13 reviews
2026-08-29 22:15:45 - INFO - [ThreadPoolExecutor-0_1] - [ThreadPoolExecutor-0_1] Scraped 13 reviews
2026-08-29 22:15:50 - INFO - [ThreadPoolExecutor-0_2] - [ThreadPoolExecutor-0_2] Found 13 reviews
2026-08-29 22:15:50 - INFO - [ThreadPoolExecutor-0_2] - [ThreadPoolExecutor-0_2] Scraped 13 reviews
2026-08-29 22:15:50 - INFO - [ThreadPoolExecutor-0_1] - [ThreadPoolExecutor-0_1] [6/30] 38 in Guitar Acoustic Guitar Beginner ki...
2026-08-29 22:15:50 - INFO - [ThreadPoolExecutor-0_1] - [ThreadPoolExecutor-0_1] Scraping product details: https://www.amazon.com/Lankro-Beginner-Acoustic-Basswood-Guitarra/dp/B09J4V4XFM/ref=sr_1_6?dib=eyJ2I...
2026-08-29 22:15:50 - INFO - [ThreadPoolExecutor-0_0] - [ThreadPoolExecutor-0_0] Found 13 reviews
2026-08-29 22:15:50 - INFO - [ThreadPoolExecutor-0_0] - [ThreadPoolExecutor-0_0] Scraped 13 reviews
2026-08-29 22:15:53 - INFO - [ThreadPoolExecutor-0_2] - [ThreadPoolExecutor-0_2] [14/16] NKNZLY 2 Pack Cell Phone Stand for Desk,...
2026-08-29 22:15:53 - INFO - [ThreadPoolExecutor-0_2] - [ThreadPoolExecutor-0_2] Scraping product details: https://www.amazon.com/NKNZLY-Phone-Foldable-Mobile-Holder-Black/dp/B0HDJ2BB9S/ref=sr_1_14?dib=eyJ2I...
2026-08-29 22:15:55 - INFO - [ThreadPoolExecutor-0_0] - [ThreadPoolExecutor-0_0] [29/30] SUNGAIT Premium Vintage Round Sunglasses...
2026-08-29 22:15:55 - INFO - [ThreadPoolExecutor-0_0] - [ThreadPoolExecutor-0_0] Scraping product details: https://www.amazon.com/SUNGAIT-Vintage-Sunglasses-Designer-Polarized/dp/B07C2LZC23/ref=sr_1_29?dib=e...
2026-08-29 22:15:57 - INFO - [ThreadPoolExecutor-0_1] - [ThreadPoolExecutor-0_1] Scraping reviews...
2026-08-29 22:16:01 - INFO - [ThreadPoolExecutor-0_2] - [ThreadPoolExecutor-0_2] Scraping reviews...
2026-08-29 22:16:05 - INFO - [ThreadPoolExecutor-0_0] - [ThreadPoolExecutor-0_0] Scraping reviews...
2026-08-29 22:16:05 - INFO - [ThreadPoolExecutor-0_1] - [ThreadPoolExecutor-0_1] Found 13 reviews
2026-08-29 22:16:05 - INFO - [ThreadPoolExecutor-0_1] - [ThreadPoolExecutor-0_1] Scraped 13 reviews
2026-08-29 22:16:09 - INFO - [ThreadPoolExecutor-0_1] - [ThreadPoolExecutor-0_1] [7/30] Ashthorpe...
2026-08-29 22:16:09 - INFO - [ThreadPoolExecutor-0_1] - [ThreadPoolExecutor-0_1] Scraping product details: https://www.amazon.com/Ashthorpe-38-inch-Beginner-Acoustic-Package/dp/B089P25CQ1/ref=sr_1_7?dib=eyJ2...
2026-08-29 22:16:13 - INFO - [ThreadPoolExecutor-0_2] - [ThreadPoolExecutor-0_2] Found 8 reviews
2026-08-29 22:16:13 - INFO - [ThreadPoolExecutor-0_2] - [ThreadPoolExecutor-0_2] Scraped 8 reviews
2026-08-29 22:16:16 - INFO - [ThreadPoolExecutor-0_2] - [ThreadPoolExecutor-0_2] [15/16] Lamicall Pink Phone Holder, Desk Accesso...
2026-08-29 22:16:16 - INFO - [ThreadPoolExecutor-0_2] - [ThreadPoolExecutor-0_2] Scraping product details: https://www.amazon.com/Lamicall-Foldable-Phone-Stand-Desk/dp/B0B2J1QNBX/ref=sr_1_15?dib=eyJ2IjoiMSJ9...
2026-08-29 22:16:17 - INFO - [ThreadPoolExecutor-0_0] - [ThreadPoolExecutor-0_0] Found 13 reviews
2026-08-29 22:16:17 - INFO - [ThreadPoolExecutor-0_0] - [ThreadPoolExecutor-0_0] Scraped 13 reviews
2026-08-29 22:16:18 - INFO - [ThreadPoolExecutor-0_1] - [ThreadPoolExecutor-0_1] Scraping reviews...
2026-08-29 22:16:20 - INFO - [ThreadPoolExecutor-0_0] - [ThreadPoolExecutor-0_0] [30/30] Womens Oval Sunglasses 90s Retro Cat Eye...
2026-08-29 22:16:20 - INFO - [ThreadPoolExecutor-0_0] - [ThreadPoolExecutor-0_0] Scraping product details: https://www.amazon.com/phikttu-Sunglasses-Womens-Retro-Women/dp/B0FCLXHDWW/ref=sr_1_30?dib=eyJ2IjoiM...
2026-08-29 22:16:25 - INFO - [ThreadPoolExecutor-0_2] - [ThreadPoolExecutor-0_2] Scraping reviews...
2026-08-29 22:16:27 - INFO - [ThreadPoolExecutor-0_1] - [ThreadPoolExecutor-0_1] Found 9 reviews
2026-08-29 22:16:27 - INFO - [ThreadPoolExecutor-0_1] - [ThreadPoolExecutor-0_1] Scraped 9 reviews
2026-08-29 22:16:29 - INFO - [ThreadPoolExecutor-0_0] - [ThreadPoolExecutor-0_0] Scraping reviews...
2026-08-29 22:16:30 - INFO - [ThreadPoolExecutor-0_1] - [ThreadPoolExecutor-0_1] [8/30] Pyle...
2026-08-29 22:16:30 - INFO - [ThreadPoolExecutor-0_1] - [ThreadPoolExecutor-0_1] Scraping product details: https://www.amazon.com/Pyle-Beginner-Classical-Acoustic-Cleaning/dp/B0H12BW67D/ref=sr_1_8?dib=eyJ2Ij...
2026-08-29 22:16:34 - INFO - [ThreadPoolExecutor-0_2] - [ThreadPoolExecutor-0_2] Found 13 reviews
2026-08-29 22:16:34 - INFO - [ThreadPoolExecutor-0_2] - [ThreadPoolExecutor-0_2] Scraped 13 reviews
2026-08-29 22:16:37 - INFO - [ThreadPoolExecutor-0_1] - [ThreadPoolExecutor-0_1] Scraping reviews...
2026-08-29 22:16:38 - INFO - [ThreadPoolExecutor-0_2] - [ThreadPoolExecutor-0_2] [16/16] 3 in 1 Mag-Safe Wireless Charger Stand f...
2026-08-29 22:16:38 - INFO - [ThreadPoolExecutor-0_2] - [ThreadPoolExecutor-0_2] Scraping product details: https://www.amazon.com/Mag-Safe-Wireless-Charger-iPhone-AirPods/dp/B0CNTH3F7P/ref=sr_1_16?dib=eyJ2Ij...
2026-08-29 22:16:42 - INFO - [ThreadPoolExecutor-0_0] - [ThreadPoolExecutor-0_0] Found 13 reviews
2026-08-29 22:16:42 - INFO - [ThreadPoolExecutor-0_0] - [ThreadPoolExecutor-0_0] Scraped 13 reviews
2026-08-29 22:16:42 - INFO - [ThreadPoolExecutor-0_0] - [ThreadPoolExecutor-0_0] Completed 'sunglasses': 30 products, 358 reviews
2026-08-29 22:16:42 - INFO - [ThreadPoolExecutor-0_0] - ✓ sunglasses: 30 products, 358 reviews
2026-08-29 22:16:43 - INFO - [ThreadPoolExecutor-0_0] - [ThreadPoolExecutor-0_0] WebDriver closed
2026-08-29 22:16:48 - INFO - [ThreadPoolExecutor-0_2] - [ThreadPoolExecutor-0_2] Scraping reviews...
2026-08-29 22:16:48 - INFO - [ThreadPoolExecutor-0_1] - [ThreadPoolExecutor-0_1] Found 13 reviews
2026-08-29 22:16:48 - INFO - [ThreadPoolExecutor-0_1] - [ThreadPoolExecutor-0_1] Scraped 13 reviews
2026-08-29 22:16:53 - INFO - [ThreadPoolExecutor-0_1] - [ThreadPoolExecutor-0_1] [9/30] Fender...
2026-08-29 22:16:53 - INFO - [ThreadPoolExecutor-0_1] - [ThreadPoolExecutor-0_1] Scraping product details: https://www.amazon.com/Fender-Acoustic-Warranty-Fingerboard-Natural/dp/B0GJFXF52B/ref=sr_1_9?dib=eyJ...
2026-08-29 22:16:59 - INFO - [ThreadPoolExecutor-0_1] - [ThreadPoolExecutor-0_1] Scraping reviews...
2026-08-29 22:17:00 - INFO - [ThreadPoolExecutor-0_2] - [ThreadPoolExecutor-0_2] Found 9 reviews
2026-08-29 22:17:00 - INFO - [ThreadPoolExecutor-0_2] - [ThreadPoolExecutor-0_2] Scraped 9 reviews
2026-08-29 22:17:00 - INFO - [ThreadPoolExecutor-0_2] - [ThreadPoolExecutor-0_2] Completed 'phone stand': 16 products, 199 reviews
2026-08-29 22:17:00 - INFO - [ThreadPoolExecutor-0_2] - ✓ phone stand: 16 products, 199 reviews
2026-08-29 22:17:00 - INFO - [ThreadPoolExecutor-0_2] - [ThreadPoolExecutor-0_2] WebDriver closed
2026-08-29 22:17:07 - INFO - [ThreadPoolExecutor-0_1] - [ThreadPoolExecutor-0_1] Found 1 reviews
2026-08-29 22:17:07 - INFO - [ThreadPoolExecutor-0_1] - [ThreadPoolExecutor-0_1] Scraped 1 reviews
2026-08-29 22:17:11 - INFO - [ThreadPoolExecutor-0_1] - [ThreadPoolExecutor-0_1] [10/30] Gretsch...
2026-08-29 22:17:11 - INFO - [ThreadPoolExecutor-0_1] - [ThreadPoolExecutor-0_1] Scraping product details: https://www.amazon.com/Gretsch-6-String-Right-Handed-Acoustic-Fingerboard/dp/B0CN1JGYKQ/ref=sr_1_10?...
2026-08-29 22:17:21 - INFO - [ThreadPoolExecutor-0_1] - [ThreadPoolExecutor-0_1] Scraping reviews...
2026-08-29 22:17:29 - INFO - [ThreadPoolExecutor-0_1] - [ThreadPoolExecutor-0_1] Found 10 reviews
2026-08-29 22:17:29 - INFO - [ThreadPoolExecutor-0_1] - [ThreadPoolExecutor-0_1] Scraped 10 reviews
2026-08-29 22:17:32 - INFO - [ThreadPoolExecutor-0_1] - [ThreadPoolExecutor-0_1] [11/30] Washburn...
2026-08-29 22:17:32 - INFO - [ThreadPoolExecutor-0_1] - [ThreadPoolExecutor-0_1] Scraping product details: https://www.amazon.com/Washburn-String-Acoustic-Electric-Guitar-BTS9VCECH-D/dp/B07TJXQ1TL/ref=sr_1_1...
2026-08-29 22:17:39 - INFO - [ThreadPoolExecutor-0_1] - [ThreadPoolExecutor-0_1] Scraping reviews...
2026-08-29 22:17:50 - INFO - [ThreadPoolExecutor-0_1] - [ThreadPoolExecutor-0_1] Found 13 reviews
2026-08-29 22:17:50 - INFO - [ThreadPoolExecutor-0_1] - [ThreadPoolExecutor-0_1] Scraped 13 reviews
2026-08-29 22:17:53 - INFO - [ThreadPoolExecutor-0_1] - [ThreadPoolExecutor-0_1] [12/30] enya...
2026-08-29 22:17:53 - INFO - [ThreadPoolExecutor-0_1] - [ThreadPoolExecutor-0_1] Scraping product details: https://www.amazon.com/NOVA-GO-SP1-Carbon-Travel/dp/B0FX98ZWZZ/ref=sr_1_12?dib=eyJ2IjoiMSJ9.pZ-Ieaf4...
2026-08-29 22:18:01 - INFO - [ThreadPoolExecutor-0_1] - [ThreadPoolExecutor-0_1] Scraping reviews...
2026-08-29 22:18:11 - INFO - [ThreadPoolExecutor-0_1] - [ThreadPoolExecutor-0_1] Found 8 reviews
2026-08-29 22:18:11 - INFO - [ThreadPoolExecutor-0_1] - [ThreadPoolExecutor-0_1] Scraped 8 reviews
2026-08-29 22:18:14 - INFO - [ThreadPoolExecutor-0_1] - [ThreadPoolExecutor-0_1] [13/30] Ibanez...
2026-08-29 22:18:14 - INFO - [ThreadPoolExecutor-0_1] - [ThreadPoolExecutor-0_1] Scraping product details: https://www.amazon.com/Ibanez-AEG5012-Single-Cutaway-12-String-Acoustic-Electric/dp/B08W1YKCH5/ref=s...
2026-08-29 22:18:22 - INFO - [ThreadPoolExecutor-0_1] - [ThreadPoolExecutor-0_1] Scraping reviews...
2026-08-29 22:18:32 - INFO - [ThreadPoolExecutor-0_1] - [ThreadPoolExecutor-0_1] Found 13 reviews
2026-08-29 22:18:32 - INFO - [ThreadPoolExecutor-0_1] - [ThreadPoolExecutor-0_1] Scraped 13 reviews
2026-08-29 22:18:37 - INFO - [ThreadPoolExecutor-0_1] - [ThreadPoolExecutor-0_1] [14/30] Yamaha...
2026-08-29 22:18:37 - INFO - [ThreadPoolExecutor-0_1] - [ThreadPoolExecutor-0_1] Scraping product details: https://www.amazon.com/Yamaha-Acoustic-Amplifier-Production-Software/dp/B009NNZOEW/ref=sr_1_14_mod_p...
2026-08-29 22:18:47 - INFO - [ThreadPoolExecutor-0_1] - [ThreadPoolExecutor-0_1] Scraping reviews...
2026-08-29 22:18:58 - INFO - [ThreadPoolExecutor-0_1] - [ThreadPoolExecutor-0_1] Found 13 reviews
2026-08-29 22:18:58 - INFO - [ThreadPoolExecutor-0_1] - [ThreadPoolExecutor-0_1] Scraped 13 reviews
2026-08-29 22:19:02 - INFO - [ThreadPoolExecutor-0_1] - [ThreadPoolExecutor-0_1] [15/30] enya...
2026-08-29 22:19:02 - INFO - [ThreadPoolExecutor-0_1] - [ThreadPoolExecutor-0_1] Scraping product details: https://www.amazon.com/NOVA-GO-35-Inch-Carbon-Acoustic/dp/B0FX9FVSXQ/ref=sr_1_15?dib=eyJ2IjoiMSJ9.pZ...
2026-08-29 22:19:11 - INFO - [ThreadPoolExecutor-0_1] - [ThreadPoolExecutor-0_1] Scraping reviews...
2026-08-29 22:19:23 - INFO - [ThreadPoolExecutor-0_1] - [ThreadPoolExecutor-0_1] Found 8 reviews
2026-08-29 22:19:23 - INFO - [ThreadPoolExecutor-0_1] - [ThreadPoolExecutor-0_1] Scraped 8 reviews
2026-08-29 22:19:28 - INFO - [ThreadPoolExecutor-0_1] - [ThreadPoolExecutor-0_1] [16/30] Traveler Guitar...
2026-08-29 22:19:28 - INFO - [ThreadPoolExecutor-0_1] - [ThreadPoolExecutor-0_1] Scraping product details: https://www.amazon.com/Traveler-Guitar-Mahogany-MK3-MHS/dp/B07JR7Y8YD/ref=sr_1_16?dib=eyJ2IjoiMSJ9.p...
2026-08-29 22:19:37 - INFO - [ThreadPoolExecutor-0_1] - [ThreadPoolExecutor-0_1] Scraping reviews...
2026-08-29 22:19:49 - INFO - [ThreadPoolExecutor-0_1] - [ThreadPoolExecutor-0_1] Found 13 reviews
2026-08-29 22:19:49 - INFO - [ThreadPoolExecutor-0_1] - [ThreadPoolExecutor-0_1] Scraped 13 reviews
2026-08-29 22:19:51 - INFO - [ThreadPoolExecutor-0_1] - [ThreadPoolExecutor-0_1] [17/30] Ashthorpe...
2026-08-29 22:19:51 - INFO - [ThreadPoolExecutor-0_1] - [ThreadPoolExecutor-0_1] Scraping product details: https://www.amazon.com/Ashthorpe-38-inch-Beginner-Acoustic-Package/dp/B089P1LLFS/ref=sr_1_17?dib=eyJ...
2026-08-29 22:19:59 - INFO - [ThreadPoolExecutor-0_1] - [ThreadPoolExecutor-0_1] Scraping reviews...
2026-08-29 22:20:11 - INFO - [ThreadPoolExecutor-0_1] - [ThreadPoolExecutor-0_1] Found 9 reviews
2026-08-29 22:20:11 - INFO - [ThreadPoolExecutor-0_1] - [ThreadPoolExecutor-0_1] Scraped 9 reviews
2026-08-29 22:20:15 - INFO - [ThreadPoolExecutor-0_1] - [ThreadPoolExecutor-0_1] [18/30] Ibanez...
2026-08-29 22:20:15 - INFO - [ThreadPoolExecutor-0_1] - [ThreadPoolExecutor-0_1] Scraping product details: https://www.amazon.com/Ibanez-AEG70L-Left-Handed-Tiger-Burst/dp/B084BZH9PG/ref=sr_1_18?dib=eyJ2IjoiM...
2026-08-29 22:20:22 - INFO - [ThreadPoolExecutor-0_1] - [ThreadPoolExecutor-0_1] Scraping reviews...
2026-08-29 22:20:33 - INFO - [ThreadPoolExecutor-0_1] - [ThreadPoolExecutor-0_1] Found 11 reviews
2026-08-29 22:20:33 - INFO - [ThreadPoolExecutor-0_1] - [ThreadPoolExecutor-0_1] Scraped 11 reviews
2026-08-29 22:20:36 - INFO - [ThreadPoolExecutor-0_1] - [ThreadPoolExecutor-0_1] [19/30] enya...
2026-08-29 22:20:36 - INFO - [ThreadPoolExecutor-0_1] - [ThreadPoolExecutor-0_1] Scraping product details: https://www.amazon.com/NOVA-GO-SP1-Carbon-Travel/dp/B0FX9DCCGW/ref=sr_1_19?dib=eyJ2IjoiMSJ9.pZ-Ieaf4...
2026-08-29 22:20:46 - INFO - [ThreadPoolExecutor-0_1] - [ThreadPoolExecutor-0_1] Scraping reviews...
2026-08-29 22:20:58 - INFO - [ThreadPoolExecutor-0_1] - [ThreadPoolExecutor-0_1] Found 8 reviews
2026-08-29 22:20:58 - INFO - [ThreadPoolExecutor-0_1] - [ThreadPoolExecutor-0_1] Scraped 8 reviews
2026-08-29 22:21:00 - INFO - [ThreadPoolExecutor-0_1] - [ThreadPoolExecutor-0_1] [20/30] Fender...
2026-08-29 22:21:00 - INFO - [ThreadPoolExecutor-0_1] - [ThreadPoolExecutor-0_1] Scraping product details: https://www.amazon.com/Squier-by-Fender-Acoustic-Guitar/dp/B07FYQP9ML/ref=sr_1_20?dib=eyJ2IjoiMSJ9.p...
2026-08-29 22:21:09 - INFO - [ThreadPoolExecutor-0_1] - [ThreadPoolExecutor-0_1] Scraping reviews...
2026-08-29 22:21:20 - INFO - [ThreadPoolExecutor-0_1] - [ThreadPoolExecutor-0_1] Found 13 reviews
2026-08-29 22:21:20 - INFO - [ThreadPoolExecutor-0_1] - [ThreadPoolExecutor-0_1] Scraped 13 reviews
2026-08-29 22:21:24 - INFO - [ThreadPoolExecutor-0_1] - [ThreadPoolExecutor-0_1] [21/30] CAHAYA...
2026-08-29 22:21:24 - INFO - [ThreadPoolExecutor-0_1] - [ThreadPoolExecutor-0_1] Scraping product details: https://www.amazon.com/CAHAYA-Acoustic-Waterproof-Adjustable-Shoulder/dp/B079FRVSPH/ref=sr_1_21?dib=...
2026-08-29 22:21:33 - INFO - [ThreadPoolExecutor-0_1] - [ThreadPoolExecutor-0_1] Scraping reviews...
2026-08-29 22:21:45 - INFO - [ThreadPoolExecutor-0_1] - [ThreadPoolExecutor-0_1] Found 13 reviews
2026-08-29 22:21:45 - INFO - [ThreadPoolExecutor-0_1] - [ThreadPoolExecutor-0_1] Scraped 13 reviews
2026-08-29 22:21:49 - INFO - [ThreadPoolExecutor-0_1] - [ThreadPoolExecutor-0_1] [22/30] Pyle...
2026-08-29 22:21:49 - INFO - [ThreadPoolExecutor-0_1] - [ThreadPoolExecutor-0_1] Scraping product details: https://www.amazon.com/Pyle-Beginner-Acoustic-Instrument-Beginners/dp/B0DJPYN19Z/ref=sr_1_22?dib=eyJ...
2026-08-29 22:21:59 - INFO - [ThreadPoolExecutor-0_1] - [ThreadPoolExecutor-0_1] Scraping reviews...
2026-08-29 22:22:09 - INFO - [ThreadPoolExecutor-0_1] - [ThreadPoolExecutor-0_1] Found 13 reviews
2026-08-29 22:22:09 - INFO - [ThreadPoolExecutor-0_1] - [ThreadPoolExecutor-0_1] Scraped 13 reviews
2026-08-29 22:22:13 - INFO - [ThreadPoolExecutor-0_1] - [ThreadPoolExecutor-0_1] [23/30] Traveler Guitar...
2026-08-29 22:22:13 - INFO - [ThreadPoolExecutor-0_1] - [ThreadPoolExecutor-0_1] Scraping product details: https://www.amazon.com/Traveler-Guitar-Acoustic-Electric-ULA-ABNS/dp/B07K7J4CMY/ref=sr_1_23?dib=eyJ2...
2026-08-29 22:22:22 - INFO - [ThreadPoolExecutor-0_1] - [ThreadPoolExecutor-0_1] Scraping reviews...
2026-08-29 22:22:34 - INFO - [ThreadPoolExecutor-0_1] - [ThreadPoolExecutor-0_1] Found 13 reviews
2026-08-29 22:22:34 - INFO - [ThreadPoolExecutor-0_1] - [ThreadPoolExecutor-0_1] Scraped 13 reviews
2026-08-29 22:22:38 - INFO - [ThreadPoolExecutor-0_1] - [ThreadPoolExecutor-0_1] [24/30] Ibanez...
2026-08-29 22:22:38 - INFO - [ThreadPoolExecutor-0_1] - [ThreadPoolExecutor-0_1] Scraping product details: https://www.amazon.com/Ibanez-AEG50LBKH/dp/B0849ZFBGS/ref=sr_1_24?dib=eyJ2IjoiMSJ9.pZ-Ieaf4WfwFgj6wh...
2026-08-29 22:22:45 - INFO - [ThreadPoolExecutor-0_1] - [ThreadPoolExecutor-0_1] Scraping reviews...
2026-08-29 22:22:54 - INFO - [ThreadPoolExecutor-0_1] - [ThreadPoolExecutor-0_1] Found 13 reviews
2026-08-29 22:22:54 - INFO - [ThreadPoolExecutor-0_1] - [ThreadPoolExecutor-0_1] Scraped 13 reviews
2026-08-29 22:22:57 - INFO - [ThreadPoolExecutor-0_1] - [ThreadPoolExecutor-0_1] [25/30] Guitar Wall Mount 2 Pack, Black Walnut W...
2026-08-29 22:22:57 - INFO - [ThreadPoolExecutor-0_1] - [ThreadPoolExecutor-0_1] Scraping product details: https://www.amazon.com/Guitar-U-Shaped-Acoustic-Electric-Mandolin/dp/B09WVZMKWG/ref=sr_1_25?dib=eyJ2...
2026-08-29 22:23:07 - INFO - [ThreadPoolExecutor-0_1] - [ThreadPoolExecutor-0_1] Scraping reviews...
2026-08-29 22:23:17 - INFO - [ThreadPoolExecutor-0_1] - [ThreadPoolExecutor-0_1] Found 13 reviews
2026-08-29 22:23:17 - INFO - [ThreadPoolExecutor-0_1] - [ThreadPoolExecutor-0_1] Scraped 13 reviews
2026-08-29 22:23:19 - INFO - [ThreadPoolExecutor-0_1] - [ThreadPoolExecutor-0_1] [26/30] Zager...
2026-08-29 22:23:19 - INFO - [ThreadPoolExecutor-0_1] - [ThreadPoolExecutor-0_1] Scraping product details: https://www.amazon.com/Zager-Pillow-Coated-Guitar-Strings/dp/B0D2PNMDJZ/ref=sr_1_26?dib=eyJ2IjoiMSJ9...
2026-08-29 22:23:26 - INFO - [ThreadPoolExecutor-0_1] - [ThreadPoolExecutor-0_1] Scraping reviews...
2026-08-29 22:23:37 - INFO - [ThreadPoolExecutor-0_1] - [ThreadPoolExecutor-0_1] Found 9 reviews
2026-08-29 22:23:37 - INFO - [ThreadPoolExecutor-0_1] - [ThreadPoolExecutor-0_1] Scraped 9 reviews
2026-08-29 22:23:40 - INFO - [ThreadPoolExecutor-0_1] - [ThreadPoolExecutor-0_1] [27/30] 38 inch Black Acoustic Guitar Beginner K...
2026-08-29 22:23:40 - INFO - [ThreadPoolExecutor-0_1] - [ThreadPoolExecutor-0_1] Scraping product details: https://www.amazon.com/Acoustic-Beginner-Acustica-Guitarra-Beginners/dp/B0H28ZM4NL/ref=sr_1_27?dib=e...
2026-08-29 22:23:50 - INFO - [ThreadPoolExecutor-0_1] - [ThreadPoolExecutor-0_1] Scraping reviews...
2026-08-29 22:24:00 - INFO - [ThreadPoolExecutor-0_1] - [ThreadPoolExecutor-0_1] Found 6 reviews
2026-08-29 22:24:00 - INFO - [ThreadPoolExecutor-0_1] - [ThreadPoolExecutor-0_1] Scraped 6 reviews
2026-08-29 22:24:03 - INFO - [ThreadPoolExecutor-0_1] - [ThreadPoolExecutor-0_1] [28/30] 38'' Wood Acoustic Guitar for Adults, 6 ...
2026-08-29 22:24:03 - INFO - [ThreadPoolExecutor-0_1] - [ThreadPoolExecutor-0_1] Scraping product details: https://www.amazon.com/Wood-Acoustic-Guitar-Steel-String-Beginner/dp/B0DZ26C4PN/ref=sr_1_28?dib=eyJ2...
2026-08-29 22:24:10 - INFO - [ThreadPoolExecutor-0_1] - [ThreadPoolExecutor-0_1] Scraping reviews...
2026-08-29 22:24:22 - INFO - [ThreadPoolExecutor-0_1] - [ThreadPoolExecutor-0_1] Found 8 reviews
2026-08-29 22:24:22 - INFO - [ThreadPoolExecutor-0_1] - [ThreadPoolExecutor-0_1] Scraped 8 reviews
2026-08-29 22:24:26 - INFO - [ThreadPoolExecutor-0_1] - [ThreadPoolExecutor-0_1] [29/30] enya...
2026-08-29 22:24:26 - INFO - [ThreadPoolExecutor-0_1] - [ThreadPoolExecutor-0_1] Scraping product details: https://www.amazon.com/NOVA-GO-SP1-Carbon-Travel/dp/B0FX994CQV/ref=sr_1_29?dib=eyJ2IjoiMSJ9.pZ-Ieaf4...
2026-08-29 22:24:34 - INFO - [ThreadPoolExecutor-0_1] - [ThreadPoolExecutor-0_1] Scraping reviews...
2026-08-29 22:24:45 - INFO - [ThreadPoolExecutor-0_1] - [ThreadPoolExecutor-0_1] Found 8 reviews
2026-08-29 22:24:45 - INFO - [ThreadPoolExecutor-0_1] - [ThreadPoolExecutor-0_1] Scraped 8 reviews
2026-08-29 22:24:48 - INFO - [ThreadPoolExecutor-0_1] - [ThreadPoolExecutor-0_1] [30/30] Pyle...
2026-08-29 22:24:48 - INFO - [ThreadPoolExecutor-0_1] - [ThreadPoolExecutor-0_1] Scraping product details: https://www.amazon.com/Pyle-Beginner-Acoustic-Classical-Cleaning/dp/B0H4HQ9XFN/ref=sr_1_30?dib=eyJ2I...
2026-08-29 22:24:58 - INFO - [ThreadPoolExecutor-0_1] - [ThreadPoolExecutor-0_1] Scraping reviews...
2026-08-29 22:25:11 - INFO - [ThreadPoolExecutor-0_1] - [ThreadPoolExecutor-0_1] Found 13 reviews
2026-08-29 22:25:11 - INFO - [ThreadPoolExecutor-0_1] - [ThreadPoolExecutor-0_1] Scraped 13 reviews
2026-08-29 22:25:11 - INFO - [ThreadPoolExecutor-0_1] - [ThreadPoolExecutor-0_1] Completed 'yamaha accoustic guitar': 30 products, 318 reviews
2026-08-29 22:25:11 - INFO - [ThreadPoolExecutor-0_1] - ✓ yamaha accoustic guitar: 30 products, 318 reviews
2026-08-29 22:25:12 - INFO - [ThreadPoolExecutor-0_1] - [ThreadPoolExecutor-0_1] WebDriver closed
2026-08-29 22:25:12 - INFO - [MainThread] - All drivers closed
